schema_version,study_id,study_config_hash,cell_id,cell_index,config_hash,seed,checkpoint_index,step,num_concepts,memory_size,d_model,num_layers,num_heads,ffn_width,optimizer,learning_rate,momentum,steps,batch_size,weight_decay,eval_batch_size,loss,accuracy,value_flip_effect,target_key_effect,embedding_effective_rank,qk_frobenius_norms,ov_frobenius_norms,checkpoint_path,snapshot_path
1,remedy-sgd-c64-h1-attn-seed10-v1,790dea6bd9cfd36c2607a1fb4e257c10ce0efd64ebf85e7112d4c1eb4e9bd108,cell-000-606f84f6f458,0,606f84f6f458b1b7cbbd47ed304f85b1b4cb4df2361cb6ff763bb7cd2d0c3f58,10,0,0,64,4,16,2,1,,sgd,0.03,0.9,1600,512,0.0,8192,4.911411285400391,0.4908447265625,-0.11281351745128632,-0.09940055012702942,12.45433235168457,"[3.9892241954803467,3.6670114994049072]","[4.2468976974487305,4.131952285766602]",seeds/cell-000-606f84f6f458/seed-10/checkpoint.pt,seeds/cell-000-606f84f6f458/seed-10/snapshots/step-000000.pt
1,remedy-sgd-c64-h1-attn-seed10-v1,790dea6bd9cfd36c2607a1fb4e257c10ce0efd64ebf85e7112d4c1eb4e9bd108,cell-000-606f84f6f458,0,606f84f6f458b1b7cbbd47ed304f85b1b4cb4df2361cb6ff763bb7cd2d0c3f58,10,1,100,64,4,16,2,1,,sgd,0.03,0.9,1600,512,0.0,8192,0.9251362085342407,0.583740234375,0.08158788084983826,0.07700832188129425,12.603487014770508,"[6.646084308624268,4.159847259521484]","[15.889617919921875,9.413297653198242]",seeds/cell-000-606f84f6f458/seed-10/checkpoint.pt,seeds/cell-000-606f84f6f458/seed-10/snapshots/step-000100.pt
1,remedy-sgd-c64-h1-attn-seed10-v1,790dea6bd9cfd36c2607a1fb4e257c10ce0efd64ebf85e7112d4c1eb4e9bd108,cell-000-606f84f6f458,0,606f84f6f458b1b7cbbd47ed304f85b1b4cb4df2361cb6ff763bb7cd2d0c3f58,10,2,200,64,4,16,2,1,,sgd,0.03,0.9,1600,512,0.0,8192,0.8737790584564209,0.633056640625,0.13046103715896606,0.10145509988069534,12.615062713623047,"[6.878544807434082,4.209691524505615]","[14.876883506774902,9.860267639160156]",seeds/cell-000-606f84f6f458/seed-10/checkpoint.pt,seeds/cell-000-606f84f6f458/seed-10/snapshots/step-000200.pt
1,remedy-sgd-c64-h1-attn-seed10-v1,790dea6bd9cfd36c2607a1fb4e257c10ce0efd64ebf85e7112d4c1eb4e9bd108,cell-000-606f84f6f458,0,606f84f6f458b1b7cbbd47ed304f85b1b4cb4df2361cb6ff763bb7cd2d0c3f58,10,3,400,64,4,16,2,1,,sgd,0.03,0.9,1600,512,0.0,8192,0.7991490364074707,0.682861328125,0.23542353510856628,0.19780614972114563,12.550490379333496,"[7.096928119659424,4.028522491455078]","[12.729568481445312,10.793291091918945]",seeds/cell-000-606f84f6f458/seed-10/checkpoint.pt,seeds/cell-000-606f84f6f458/seed-10/snapshots/step-000400.pt
1,remedy-sgd-c64-h1-attn-seed10-v1,790dea6bd9cfd36c2607a1fb4e257c10ce0efd64ebf85e7112d4c1eb4e9bd108,cell-000-606f84f6f458,0,606f84f6f458b1b7cbbd47ed304f85b1b4cb4df2361cb6ff763bb7cd2d0c3f58,10,4,600,64,4,16,2,1,,sgd,0.03,0.9,1600,512,0.0,8192,0.7626284956932068,0.682861328125,0.2435121089220047,0.22301208972930908,12.459485054016113,"[7.092628002166748,4.004833221435547]","[12.055863380432129,11.219592094421387]",seeds/cell-000-606f84f6f458/seed-10/checkpoint.pt,seeds/cell-000-606f84f6f458/seed-10/snapshots/step-000600.pt
1,remedy-sgd-c64-h1-attn-seed10-v1,790dea6bd9cfd36c2607a1fb4e257c10ce0efd64ebf85e7112d4c1eb4e9bd108,cell-000-606f84f6f458,0,606f84f6f458b1b7cbbd47ed304f85b1b4cb4df2361cb6ff763bb7cd2d0c3f58,10,5,800,64,4,16,2,1,,sgd,0.03,0.9,1600,512,0.0,8192,0.7756450772285461,0.685546875,0.24585141241550446,0.2294275015592575,12.403090476989746,"[7.087101459503174,4.001341342926025]","[11.745604515075684,11.422313690185547]",seeds/cell-000-606f84f6f458/seed-10/checkpoint.pt,seeds/cell-000-606f84f6f458/seed-10/snapshots/step-000800.pt
1,remedy-sgd-c64-h1-attn-seed10-v1,790dea6bd9cfd36c2607a1fb4e257c10ce0efd64ebf85e7112d4c1eb4e9bd108,cell-000-606f84f6f458,0,606f84f6f458b1b7cbbd47ed304f85b1b4cb4df2361cb6ff763bb7cd2d0c3f58,10,6,1000,64,4,16,2,1,,sgd,0.03,0.9,1600,512,0.0,8192,0.7619635462760925,0.6865234375,0.2516602575778961,0.23498615622520447,12.332828521728516,"[7.0829267501831055,4.000050067901611]","[11.47276496887207,11.557148933410645]",seeds/cell-000-606f84f6f458/seed-10/checkpoint.pt,seeds/cell-000-606f84f6f458/seed-10/snapshots/step-001000.pt
1,remedy-sgd-c64-h1-attn-seed10-v1,790dea6bd9cfd36c2607a1fb4e257c10ce0efd64ebf85e7112d4c1eb4e9bd108,cell-000-606f84f6f458,0,606f84f6f458b1b7cbbd47ed304f85b1b4cb4df2361cb6ff763bb7cd2d0c3f58,10,7,1200,64,4,16,2,1,,sgd,0.03,0.9,1600,512,0.0,8192,0.7631719708442688,0.6871337890625,0.24197667837142944,0.22853082418441772,12.261613845825195,"[7.0899739265441895,3.999481678009033]","[11.28685474395752,11.62962532043457]",seeds/cell-000-606f84f6f458/seed-10/checkpoint.pt,seeds/cell-000-606f84f6f458/seed-10/snapshots/step-001200.pt
1,remedy-sgd-c64-h1-attn-seed10-v1,790dea6bd9cfd36c2607a1fb4e257c10ce0efd64ebf85e7112d4c1eb4e9bd108,cell-000-606f84f6f458,0,606f84f6f458b1b7cbbd47ed304f85b1b4cb4df2361cb6ff763bb7cd2d0c3f58,10,8,1600,64,4,16,2,1,,sgd,0.03,0.9,1600,512,0.0,8192,0.7569020986557007,0.69140625,0.25182121992111206,0.24477066099643707,12.096061706542969,"[7.076869487762451,4.057766437530518]","[10.89518928527832,11.695992469787598]",seeds/cell-000-606f84f6f458/seed-10/checkpoint.pt,seeds/cell-000-606f84f6f458/seed-10/snapshots/step-001600.pt
