iteration	change	verify	decision	note
0	baseline specification	pending	keep	Estimands fixed before implementation
1	on-support data law and paired swap	7/7 data tests pass	keep	Swap endpoints preserve support, query, value vector, target, and label
2	analytic QK/content tangent decomposition	3/3 tangent tests pass	keep	Manual formula matches autograd JVP and centered finite difference
3	causal Walsh and dictionary-capacity metrics	5/5 metric tests pass	keep	Parseval separates target main effect, distractors, and nonlinear interactions
4	instrumented causal Transformer and patch replay	21/21 full tests pass	keep	Input and internal patches exactly recompute descendants; QK/OV orientations verified
5	on-support patching and exhaustive causal spectrum	4/4 intervention tests pass	keep	Walsh kernel is exact; coherent patch caveat moved into analysis protocol
6	reproducible training and crash-safe grid runner	47/47 implemented tests pass	keep	Exact CPU replay, scheduled snapshots, content hashes, atomic resume, and failure ledger validated
7	module-local QK/OV/FFN diagnostics	10/10 mechanism tests pass	keep	Finite chord identity, OV directional gain, signed FFN cancellation, and Parseval buckets are hand checked
8	official GPU smoke study	4/4 seed runs pass all function gates	keep	Both attention-only and FFN hardest cells reach loss<0.05, accuracy>0.99, and Xi_value>0.96 by step 150
