study_id,cell_id,cell_index,cell_key,seed,step,configured_steps,d_model,width,num_concepts,load,num_heads,heads,num_layers,memory_size,ffn_width,ffn,learning_rate,site,site_order,global_cosine,query_target_cosine,query_distractor_cosine,target_selectivity,participation_rank_normalized
scaling-tuned-adamw-10seeds-v1,cell-003-3e79f448723e,3,C32-d8-L2-H4-m4-ffnnone,0,0,800,8,8,32,4,4,4,2,4,,False,0.003,input_embeddings,0,0.11967858672142029,0.39138925075531006,-0.037171948701143265,0.4285612106323242,0.2742900848388672
scaling-tuned-adamw-10seeds-v1,cell-003-3e79f448723e,3,C32-d8-L2-H4-m4-ffnnone,0,0,800,8,8,32,4,4,4,2,4,,False,0.003,l0.post_attention_residual,1,0.7171069383621216,0.7756683826446533,0.6328569650650024,0.14281144738197327,0.2845316529273987
scaling-tuned-adamw-10seeds-v1,cell-003-3e79f448723e,3,C32-d8-L2-H4-m4-ffnnone,0,0,800,8,8,32,4,4,4,2,4,,False,0.003,l0.post_ffn_residual,2,0.7171069383621216,0.7756683826446533,0.6328569650650024,0.14281144738197327,0.2845316529273987
scaling-tuned-adamw-10seeds-v1,cell-003-3e79f448723e,3,C32-d8-L2-H4-m4-ffnnone,0,0,800,8,8,32,4,4,4,2,4,,False,0.003,l1.post_attention_residual,3,0.73926842212677,0.7960894703865051,0.688286542892456,0.10780290514230728,0.2901105582714081
scaling-tuned-adamw-10seeds-v1,cell-003-3e79f448723e,3,C32-d8-L2-H4-m4-ffnnone,0,0,800,8,8,32,4,4,4,2,4,,False,0.003,l1.post_ffn_residual,4,0.73926842212677,0.7960894703865051,0.688286542892456,0.10780290514230728,0.2901105582714081
scaling-tuned-adamw-10seeds-v1,cell-003-3e79f448723e,3,C32-d8-L2-H4-m4-ffnnone,0,800,800,8,8,32,4,4,4,2,4,,False,0.003,input_embeddings,0,0.04554376006126404,0.6031697988510132,-0.05073457956314087,0.6539044380187988,0.29233747720718384
scaling-tuned-adamw-10seeds-v1,cell-003-3e79f448723e,3,C32-d8-L2-H4-m4-ffnnone,0,800,800,8,8,32,4,4,4,2,4,,False,0.003,l0.post_attention_residual,1,0.129076287150383,0.863540530204773,-0.005939881317317486,0.8694803714752197,0.1669616848230362
scaling-tuned-adamw-10seeds-v1,cell-003-3e79f448723e,3,C32-d8-L2-H4-m4-ffnnone,0,800,800,8,8,32,4,4,4,2,4,,False,0.003,l0.post_ffn_residual,2,0.129076287150383,0.863540530204773,-0.005939881317317486,0.8694803714752197,0.1669616848230362
scaling-tuned-adamw-10seeds-v1,cell-003-3e79f448723e,3,C32-d8-L2-H4-m4-ffnnone,0,800,800,8,8,32,4,4,4,2,4,,False,0.003,l1.post_attention_residual,3,0.09039779007434845,0.9134992361068726,-0.04864992946386337,0.9621491432189941,0.15272465348243713
scaling-tuned-adamw-10seeds-v1,cell-003-3e79f448723e,3,C32-d8-L2-H4-m4-ffnnone,0,800,800,8,8,32,4,4,4,2,4,,False,0.003,l1.post_ffn_residual,4,0.09039779007434845,0.9134992361068726,-0.04864992946386337,0.9621491432189941,0.15272465348243713
scaling-tuned-adamw-10seeds-v1,cell-003-3e79f448723e,3,C32-d8-L2-H4-m4-ffnnone,1,0,800,8,8,32,4,4,4,2,4,,False,0.003,input_embeddings,0,0.14807823300361633,0.2673284411430359,0.04318217933177948,0.22414624691009521,0.2628929018974304
scaling-tuned-adamw-10seeds-v1,cell-003-3e79f448723e,3,C32-d8-L2-H4-m4-ffnnone,1,0,800,8,8,32,4,4,4,2,4,,False,0.003,l0.post_attention_residual,1,0.35534587502479553,0.4531799554824829,0.2547477185726166,0.19843223690986633,0.2618100047111511
scaling-tuned-adamw-10seeds-v1,cell-003-3e79f448723e,3,C32-d8-L2-H4-m4-ffnnone,1,0,800,8,8,32,4,4,4,2,4,,False,0.003,l0.post_ffn_residual,2,0.35534587502479553,0.4531799554824829,0.2547477185726166,0.19843223690986633,0.2618100047111511
scaling-tuned-adamw-10seeds-v1,cell-003-3e79f448723e,3,C32-d8-L2-H4-m4-ffnnone,1,0,800,8,8,32,4,4,4,2,4,,False,0.003,l1.post_attention_residual,3,0.38606539368629456,0.5249850749969482,0.3624843657016754,0.16250067949295044,0.26030468940734863
scaling-tuned-adamw-10seeds-v1,cell-003-3e79f448723e,3,C32-d8-L2-H4-m4-ffnnone,1,0,800,8,8,32,4,4,4,2,4,,False,0.003,l1.post_ffn_residual,4,0.38606539368629456,0.5249850749969482,0.3624843657016754,0.16250067949295044,0.26030468940734863
scaling-tuned-adamw-10seeds-v1,cell-003-3e79f448723e,3,C32-d8-L2-H4-m4-ffnnone,1,800,800,8,8,32,4,4,4,2,4,,False,0.003,input_embeddings,0,0.1319447159767151,0.5222211480140686,0.08092085272073746,0.44130027294158936,0.2587786912918091
scaling-tuned-adamw-10seeds-v1,cell-003-3e79f448723e,3,C32-d8-L2-H4-m4-ffnnone,1,800,800,8,8,32,4,4,4,2,4,,False,0.003,l0.post_attention_residual,1,0.06091256067156792,0.50909423828125,-0.028801606968045235,0.537895917892456,0.244919091463089
scaling-tuned-adamw-10seeds-v1,cell-003-3e79f448723e,3,C32-d8-L2-H4-m4-ffnnone,1,800,800,8,8,32,4,4,4,2,4,,False,0.003,l0.post_ffn_residual,2,0.06091256067156792,0.50909423828125,-0.028801606968045235,0.537895917892456,0.244919091463089
scaling-tuned-adamw-10seeds-v1,cell-003-3e79f448723e,3,C32-d8-L2-H4-m4-ffnnone,1,800,800,8,8,32,4,4,4,2,4,,False,0.003,l1.post_attention_residual,3,0.12758567929267883,0.881044864654541,0.02526848018169403,0.855776309967041,0.1342443823814392
scaling-tuned-adamw-10seeds-v1,cell-003-3e79f448723e,3,C32-d8-L2-H4-m4-ffnnone,1,800,800,8,8,32,4,4,4,2,4,,False,0.003,l1.post_ffn_residual,4,0.12758567929267883,0.881044864654541,0.02526848018169403,0.855776309967041,0.1342443823814392
scaling-tuned-adamw-10seeds-v1,cell-003-3e79f448723e,3,C32-d8-L2-H4-m4-ffnnone,2,0,800,8,8,32,4,4,4,2,4,,False,0.003,input_embeddings,0,0.18232610821723938,0.3484386205673218,0.08703842759132385,0.26140016317367554,0.33753645420074463
scaling-tuned-adamw-10seeds-v1,cell-003-3e79f448723e,3,C32-d8-L2-H4-m4-ffnnone,2,0,800,8,8,32,4,4,4,2,4,,False,0.003,l0.post_attention_residual,1,0.30865931510925293,0.4857558608055115,0.25394582748413086,0.231810063123703,0.2997187376022339
scaling-tuned-adamw-10seeds-v1,cell-003-3e79f448723e,3,C32-d8-L2-H4-m4-ffnnone,2,0,800,8,8,32,4,4,4,2,4,,False,0.003,l0.post_ffn_residual,2,0.30865931510925293,0.4857558608055115,0.25394582748413086,0.231810063123703,0.2997187376022339
scaling-tuned-adamw-10seeds-v1,cell-003-3e79f448723e,3,C32-d8-L2-H4-m4-ffnnone,2,0,800,8,8,32,4,4,4,2,4,,False,0.003,l1.post_attention_residual,3,0.44468897581100464,0.5881840586662292,0.41556698083877563,0.17261704802513123,0.2757176160812378
scaling-tuned-adamw-10seeds-v1,cell-003-3e79f448723e,3,C32-d8-L2-H4-m4-ffnnone,2,0,800,8,8,32,4,4,4,2,4,,False,0.003,l1.post_ffn_residual,4,0.44468897581100464,0.5881840586662292,0.41556698083877563,0.17261704802513123,0.2757176160812378
scaling-tuned-adamw-10seeds-v1,cell-003-3e79f448723e,3,C32-d8-L2-H4-m4-ffnnone,2,800,800,8,8,32,4,4,4,2,4,,False,0.003,input_embeddings,0,0.09227867424488068,0.3608996868133545,-0.15126076340675354,0.5121604204177856,0.3081987500190735
scaling-tuned-adamw-10seeds-v1,cell-003-3e79f448723e,3,C32-d8-L2-H4-m4-ffnnone,2,800,800,8,8,32,4,4,4,2,4,,False,0.003,l0.post_attention_residual,1,0.055598534643650055,0.595761775970459,-0.02541298232972622,0.621174693107605,0.26955151557922363
scaling-tuned-adamw-10seeds-v1,cell-003-3e79f448723e,3,C32-d8-L2-H4-m4-ffnnone,2,800,800,8,8,32,4,4,4,2,4,,False,0.003,l0.post_ffn_residual,2,0.055598534643650055,0.595761775970459,-0.02541298232972622,0.621174693107605,0.26955151557922363
scaling-tuned-adamw-10seeds-v1,cell-003-3e79f448723e,3,C32-d8-L2-H4-m4-ffnnone,2,800,800,8,8,32,4,4,4,2,4,,False,0.003,l1.post_attention_residual,3,0.12149583548307419,0.883807897567749,0.027454819530248642,0.8563530445098877,0.13523146510124207
scaling-tuned-adamw-10seeds-v1,cell-003-3e79f448723e,3,C32-d8-L2-H4-m4-ffnnone,2,800,800,8,8,32,4,4,4,2,4,,False,0.003,l1.post_ffn_residual,4,0.12149583548307419,0.883807897567749,0.027454819530248642,0.8563530445098877,0.13523146510124207
scaling-tuned-adamw-10seeds-v1,cell-003-3e79f448723e,3,C32-d8-L2-H4-m4-ffnnone,3,0,800,8,8,32,4,4,4,2,4,,False,0.003,input_embeddings,0,0.3723684847354889,0.39140981435775757,0.17500042915344238,0.2164093554019928,0.3037962317466736
scaling-tuned-adamw-10seeds-v1,cell-003-3e79f448723e,3,C32-d8-L2-H4-m4-ffnnone,3,0,800,8,8,32,4,4,4,2,4,,False,0.003,l0.post_attention_residual,1,0.5000993609428406,0.4766053557395935,0.30374762415885925,0.17285773158073425,0.2935609817504883
scaling-tuned-adamw-10seeds-v1,cell-003-3e79f448723e,3,C32-d8-L2-H4-m4-ffnnone,3,0,800,8,8,32,4,4,4,2,4,,False,0.003,l0.post_ffn_residual,2,0.5000993609428406,0.4766053557395935,0.30374762415885925,0.17285773158073425,0.2935609817504883
scaling-tuned-adamw-10seeds-v1,cell-003-3e79f448723e,3,C32-d8-L2-H4-m4-ffnnone,3,0,800,8,8,32,4,4,4,2,4,,False,0.003,l1.post_attention_residual,3,0.43428143858909607,0.44747665524482727,0.27976691722869873,0.16770976781845093,0.28705456852912903
scaling-tuned-adamw-10seeds-v1,cell-003-3e79f448723e,3,C32-d8-L2-H4-m4-ffnnone,3,0,800,8,8,32,4,4,4,2,4,,False,0.003,l1.post_ffn_residual,4,0.43428143858909607,0.44747665524482727,0.27976691722869873,0.16770976781845093,0.28705456852912903
scaling-tuned-adamw-10seeds-v1,cell-003-3e79f448723e,3,C32-d8-L2-H4-m4-ffnnone,3,800,800,8,8,32,4,4,4,2,4,,False,0.003,input_embeddings,0,0.15784215927124023,0.3941879868507385,-0.050384730100631714,0.44457271695137024,0.3022006154060364
scaling-tuned-adamw-10seeds-v1,cell-003-3e79f448723e,3,C32-d8-L2-H4-m4-ffnnone,3,800,800,8,8,32,4,4,4,2,4,,False,0.003,l0.post_attention_residual,1,0.14254823327064514,0.4436805546283722,0.026325510814785957,0.4173550605773926,0.24990081787109375
scaling-tuned-adamw-10seeds-v1,cell-003-3e79f448723e,3,C32-d8-L2-H4-m4-ffnnone,3,800,800,8,8,32,4,4,4,2,4,,False,0.003,l0.post_ffn_residual,2,0.14254823327064514,0.4436805546283722,0.026325510814785957,0.4173550605773926,0.24990081787109375
scaling-tuned-adamw-10seeds-v1,cell-003-3e79f448723e,3,C32-d8-L2-H4-m4-ffnnone,3,800,800,8,8,32,4,4,4,2,4,,False,0.003,l1.post_attention_residual,3,0.16927486658096313,0.8215798139572144,0.06322048604488373,0.7583593130111694,0.1412317454814911
scaling-tuned-adamw-10seeds-v1,cell-003-3e79f448723e,3,C32-d8-L2-H4-m4-ffnnone,3,800,800,8,8,32,4,4,4,2,4,,False,0.003,l1.post_ffn_residual,4,0.16927486658096313,0.8215798139572144,0.06322048604488373,0.7583593130111694,0.1412317454814911
scaling-tuned-adamw-10seeds-v1,cell-003-3e79f448723e,3,C32-d8-L2-H4-m4-ffnnone,4,0,800,8,8,32,4,4,4,2,4,,False,0.003,input_embeddings,0,0.1851431131362915,0.5055886507034302,0.16110794246196747,0.3444807231426239,0.2898685932159424
scaling-tuned-adamw-10seeds-v1,cell-003-3e79f448723e,3,C32-d8-L2-H4-m4-ffnnone,4,0,800,8,8,32,4,4,4,2,4,,False,0.003,l0.post_attention_residual,1,0.41528624296188354,0.6324359178543091,0.39559823274612427,0.23683765530586243,0.2847665250301361
scaling-tuned-adamw-10seeds-v1,cell-003-3e79f448723e,3,C32-d8-L2-H4-m4-ffnnone,4,0,800,8,8,32,4,4,4,2,4,,False,0.003,l0.post_ffn_residual,2,0.41528624296188354,0.6324359178543091,0.39559823274612427,0.23683765530586243,0.2847665250301361
scaling-tuned-adamw-10seeds-v1,cell-003-3e79f448723e,3,C32-d8-L2-H4-m4-ffnnone,4,0,800,8,8,32,4,4,4,2,4,,False,0.003,l1.post_attention_residual,3,0.3327542245388031,0.6130213737487793,0.3258401155471802,0.2871813178062439,0.2900424599647522
scaling-tuned-adamw-10seeds-v1,cell-003-3e79f448723e,3,C32-d8-L2-H4-m4-ffnnone,4,0,800,8,8,32,4,4,4,2,4,,False,0.003,l1.post_ffn_residual,4,0.3327542245388031,0.6130213737487793,0.3258401155471802,0.2871813178062439,0.2900424599647522
scaling-tuned-adamw-10seeds-v1,cell-003-3e79f448723e,3,C32-d8-L2-H4-m4-ffnnone,4,800,800,8,8,32,4,4,4,2,4,,False,0.003,input_embeddings,0,0.04989176616072655,0.5338679552078247,-0.00076343584805727,0.5346313714981079,0.30270692706108093
scaling-tuned-adamw-10seeds-v1,cell-003-3e79f448723e,3,C32-d8-L2-H4-m4-ffnnone,4,800,800,8,8,32,4,4,4,2,4,,False,0.003,l0.post_attention_residual,1,0.09733301401138306,0.5604971051216125,0.05584508180618286,0.5046520233154297,0.22969195246696472
scaling-tuned-adamw-10seeds-v1,cell-003-3e79f448723e,3,C32-d8-L2-H4-m4-ffnnone,4,800,800,8,8,32,4,4,4,2,4,,False,0.003,l0.post_ffn_residual,2,0.09733301401138306,0.5604971051216125,0.05584508180618286,0.5046520233154297,0.22969195246696472
scaling-tuned-adamw-10seeds-v1,cell-003-3e79f448723e,3,C32-d8-L2-H4-m4-ffnnone,4,800,800,8,8,32,4,4,4,2,4,,False,0.003,l1.post_attention_residual,3,0.15646147727966309,0.944308876991272,0.1036866158246994,0.8406222462654114,0.1454063057899475
scaling-tuned-adamw-10seeds-v1,cell-003-3e79f448723e,3,C32-d8-L2-H4-m4-ffnnone,4,800,800,8,8,32,4,4,4,2,4,,False,0.003,l1.post_ffn_residual,4,0.15646147727966309,0.944308876991272,0.1036866158246994,0.8406222462654114,0.1454063057899475
scaling-tuned-adamw-10seeds-v1,cell-003-3e79f448723e,3,C32-d8-L2-H4-m4-ffnnone,5,0,800,8,8,32,4,4,4,2,4,,False,0.003,input_embeddings,0,0.11715210974216461,0.24759754538536072,-0.09651100635528564,0.34410858154296875,0.3065333068370819
scaling-tuned-adamw-10seeds-v1,cell-003-3e79f448723e,3,C32-d8-L2-H4-m4-ffnnone,5,0,800,8,8,32,4,4,4,2,4,,False,0.003,l0.post_attention_residual,1,0.32798275351524353,0.45182913541793823,0.20363759994506836,0.24819153547286987,0.2941889762878418
scaling-tuned-adamw-10seeds-v1,cell-003-3e79f448723e,3,C32-d8-L2-H4-m4-ffnnone,5,0,800,8,8,32,4,4,4,2,4,,False,0.003,l0.post_ffn_residual,2,0.32798275351524353,0.45182913541793823,0.20363759994506836,0.24819153547286987,0.2941889762878418
scaling-tuned-adamw-10seeds-v1,cell-003-3e79f448723e,3,C32-d8-L2-H4-m4-ffnnone,5,0,800,8,8,32,4,4,4,2,4,,False,0.003,l1.post_attention_residual,3,0.40767645835876465,0.4996974468231201,0.2684957683086395,0.23120169341564178,0.2835049033164978
scaling-tuned-adamw-10seeds-v1,cell-003-3e79f448723e,3,C32-d8-L2-H4-m4-ffnnone,5,0,800,8,8,32,4,4,4,2,4,,False,0.003,l1.post_ffn_residual,4,0.40767645835876465,0.4996974468231201,0.2684957683086395,0.23120169341564178,0.2835049033164978
scaling-tuned-adamw-10seeds-v1,cell-003-3e79f448723e,3,C32-d8-L2-H4-m4-ffnnone,5,800,800,8,8,32,4,4,4,2,4,,False,0.003,input_embeddings,0,0.10210884362459183,0.4478330910205841,-0.0893745943903923,0.5372077226638794,0.2906531095504761
scaling-tuned-adamw-10seeds-v1,cell-003-3e79f448723e,3,C32-d8-L2-H4-m4-ffnnone,5,800,800,8,8,32,4,4,4,2,4,,False,0.003,l0.post_attention_residual,1,0.08140258491039276,0.43387866020202637,-0.0433964878320694,0.47727516293525696,0.2674781084060669
scaling-tuned-adamw-10seeds-v1,cell-003-3e79f448723e,3,C32-d8-L2-H4-m4-ffnnone,5,800,800,8,8,32,4,4,4,2,4,,False,0.003,l0.post_ffn_residual,2,0.08140258491039276,0.43387866020202637,-0.0433964878320694,0.47727516293525696,0.2674781084060669
scaling-tuned-adamw-10seeds-v1,cell-003-3e79f448723e,3,C32-d8-L2-H4-m4-ffnnone,5,800,800,8,8,32,4,4,4,2,4,,False,0.003,l1.post_attention_residual,3,0.14835110306739807,0.8234210014343262,0.073809415102005,0.7496116161346436,0.14785955846309662
scaling-tuned-adamw-10seeds-v1,cell-003-3e79f448723e,3,C32-d8-L2-H4-m4-ffnnone,5,800,800,8,8,32,4,4,4,2,4,,False,0.003,l1.post_ffn_residual,4,0.14835110306739807,0.8234210014343262,0.073809415102005,0.7496116161346436,0.14785955846309662
scaling-tuned-adamw-10seeds-v1,cell-003-3e79f448723e,3,C32-d8-L2-H4-m4-ffnnone,6,0,800,8,8,32,4,4,4,2,4,,False,0.003,input_embeddings,0,0.06856782734394073,0.005872396752238274,-0.2123994529247284,0.21827185153961182,0.3042895793914795
scaling-tuned-adamw-10seeds-v1,cell-003-3e79f448723e,3,C32-d8-L2-H4-m4-ffnnone,6,0,800,8,8,32,4,4,4,2,4,,False,0.003,l0.post_attention_residual,1,0.17171484231948853,0.2879319190979004,0.09951472282409668,0.1884172111749649,0.3045855164527893
scaling-tuned-adamw-10seeds-v1,cell-003-3e79f448723e,3,C32-d8-L2-H4-m4-ffnnone,6,0,800,8,8,32,4,4,4,2,4,,False,0.003,l0.post_ffn_residual,2,0.17171484231948853,0.2879319190979004,0.09951472282409668,0.1884172111749649,0.3045855164527893
scaling-tuned-adamw-10seeds-v1,cell-003-3e79f448723e,3,C32-d8-L2-H4-m4-ffnnone,6,0,800,8,8,32,4,4,4,2,4,,False,0.003,l1.post_attention_residual,3,0.22718550264835358,0.25067341327667236,0.06944218277931213,0.18123124539852142,0.27453193068504333
scaling-tuned-adamw-10seeds-v1,cell-003-3e79f448723e,3,C32-d8-L2-H4-m4-ffnnone,6,0,800,8,8,32,4,4,4,2,4,,False,0.003,l1.post_ffn_residual,4,0.22718550264835358,0.25067341327667236,0.06944218277931213,0.18123124539852142,0.27453193068504333
scaling-tuned-adamw-10seeds-v1,cell-003-3e79f448723e,3,C32-d8-L2-H4-m4-ffnnone,6,800,800,8,8,32,4,4,4,2,4,,False,0.003,input_embeddings,0,0.03362177312374115,0.2587972581386566,-0.20389369130134583,0.46269094944000244,0.2988555431365967
scaling-tuned-adamw-10seeds-v1,cell-003-3e79f448723e,3,C32-d8-L2-H4-m4-ffnnone,6,800,800,8,8,32,4,4,4,2,4,,False,0.003,l0.post_attention_residual,1,0.013074583373963833,0.21710166335105896,-0.23197677731513977,0.44907841086387634,0.303962767124176
scaling-tuned-adamw-10seeds-v1,cell-003-3e79f448723e,3,C32-d8-L2-H4-m4-ffnnone,6,800,800,8,8,32,4,4,4,2,4,,False,0.003,l0.post_ffn_residual,2,0.013074583373963833,0.21710166335105896,-0.23197677731513977,0.44907841086387634,0.303962767124176
scaling-tuned-adamw-10seeds-v1,cell-003-3e79f448723e,3,C32-d8-L2-H4-m4-ffnnone,6,800,800,8,8,32,4,4,4,2,4,,False,0.003,l1.post_attention_residual,3,0.14459864795207977,0.805303692817688,0.0009306492283940315,0.804373025894165,0.14461712539196014
scaling-tuned-adamw-10seeds-v1,cell-003-3e79f448723e,3,C32-d8-L2-H4-m4-ffnnone,6,800,800,8,8,32,4,4,4,2,4,,False,0.003,l1.post_ffn_residual,4,0.14459864795207977,0.805303692817688,0.0009306492283940315,0.804373025894165,0.14461712539196014
scaling-tuned-adamw-10seeds-v1,cell-003-3e79f448723e,3,C32-d8-L2-H4-m4-ffnnone,7,0,800,8,8,32,4,4,4,2,4,,False,0.003,input_embeddings,0,0.19443032145500183,0.3963998854160309,0.09648821502923965,0.2999116778373718,0.28776979446411133
scaling-tuned-adamw-10seeds-v1,cell-003-3e79f448723e,3,C32-d8-L2-H4-m4-ffnnone,7,0,800,8,8,32,4,4,4,2,4,,False,0.003,l0.post_attention_residual,1,0.34056317806243896,0.5179570913314819,0.25853896141052246,0.25941821932792664,0.287960946559906
scaling-tuned-adamw-10seeds-v1,cell-003-3e79f448723e,3,C32-d8-L2-H4-m4-ffnnone,7,0,800,8,8,32,4,4,4,2,4,,False,0.003,l0.post_ffn_residual,2,0.34056317806243896,0.5179570913314819,0.25853896141052246,0.25941821932792664,0.287960946559906
scaling-tuned-adamw-10seeds-v1,cell-003-3e79f448723e,3,C32-d8-L2-H4-m4-ffnnone,7,0,800,8,8,32,4,4,4,2,4,,False,0.003,l1.post_attention_residual,3,0.46196168661117554,0.5874302387237549,0.4337926506996155,0.15363764762878418,0.284739226102829
scaling-tuned-adamw-10seeds-v1,cell-003-3e79f448723e,3,C32-d8-L2-H4-m4-ffnnone,7,0,800,8,8,32,4,4,4,2,4,,False,0.003,l1.post_ffn_residual,4,0.46196168661117554,0.5874302387237549,0.4337926506996155,0.15363764762878418,0.284739226102829
scaling-tuned-adamw-10seeds-v1,cell-003-3e79f448723e,3,C32-d8-L2-H4-m4-ffnnone,7,800,800,8,8,32,4,4,4,2,4,,False,0.003,input_embeddings,0,0.14055213332176208,0.42228662967681885,-0.07271391153335571,0.49500054121017456,0.2588764727115631
scaling-tuned-adamw-10seeds-v1,cell-003-3e79f448723e,3,C32-d8-L2-H4-m4-ffnnone,7,800,800,8,8,32,4,4,4,2,4,,False,0.003,l0.post_attention_residual,1,0.29331159591674805,0.1580052226781845,-0.1937224566936493,0.351727694272995,0.2722436189651489
scaling-tuned-adamw-10seeds-v1,cell-003-3e79f448723e,3,C32-d8-L2-H4-m4-ffnnone,7,800,800,8,8,32,4,4,4,2,4,,False,0.003,l0.post_ffn_residual,2,0.29331159591674805,0.1580052226781845,-0.1937224566936493,0.351727694272995,0.2722436189651489
scaling-tuned-adamw-10seeds-v1,cell-003-3e79f448723e,3,C32-d8-L2-H4-m4-ffnnone,7,800,800,8,8,32,4,4,4,2,4,,False,0.003,l1.post_attention_residual,3,0.3308379650115967,0.3683963418006897,0.07931007444858551,0.289086252450943,0.1827796846628189
scaling-tuned-adamw-10seeds-v1,cell-003-3e79f448723e,3,C32-d8-L2-H4-m4-ffnnone,7,800,800,8,8,32,4,4,4,2,4,,False,0.003,l1.post_ffn_residual,4,0.3308379650115967,0.3683963418006897,0.07931007444858551,0.289086252450943,0.1827796846628189
scaling-tuned-adamw-10seeds-v1,cell-003-3e79f448723e,3,C32-d8-L2-H4-m4-ffnnone,8,0,800,8,8,32,4,4,4,2,4,,False,0.003,input_embeddings,0,0.290988028049469,0.5380028486251831,0.29627057909965515,0.24173225462436676,0.3063373267650604
scaling-tuned-adamw-10seeds-v1,cell-003-3e79f448723e,3,C32-d8-L2-H4-m4-ffnnone,8,0,800,8,8,32,4,4,4,2,4,,False,0.003,l0.post_attention_residual,1,0.17639097571372986,0.3964006304740906,0.043318890035152435,0.35308176279067993,0.29579952359199524
scaling-tuned-adamw-10seeds-v1,cell-003-3e79f448723e,3,C32-d8-L2-H4-m4-ffnnone,8,0,800,8,8,32,4,4,4,2,4,,False,0.003,l0.post_ffn_residual,2,0.17639097571372986,0.3964006304740906,0.043318890035152435,0.35308176279067993,0.29579952359199524
scaling-tuned-adamw-10seeds-v1,cell-003-3e79f448723e,3,C32-d8-L2-H4-m4-ffnnone,8,0,800,8,8,32,4,4,4,2,4,,False,0.003,l1.post_attention_residual,3,0.47425976395606995,0.5979588031768799,0.4104486107826233,0.1875101774930954,0.25544941425323486
scaling-tuned-adamw-10seeds-v1,cell-003-3e79f448723e,3,C32-d8-L2-H4-m4-ffnnone,8,0,800,8,8,32,4,4,4,2,4,,False,0.003,l1.post_ffn_residual,4,0.47425976395606995,0.5979588031768799,0.4104486107826233,0.1875101774930954,0.25544941425323486
scaling-tuned-adamw-10seeds-v1,cell-003-3e79f448723e,3,C32-d8-L2-H4-m4-ffnnone,8,800,800,8,8,32,4,4,4,2,4,,False,0.003,input_embeddings,0,0.2259804606437683,0.6339731216430664,0.16467848420143127,0.46929460763931274,0.29262813925743103
scaling-tuned-adamw-10seeds-v1,cell-003-3e79f448723e,3,C32-d8-L2-H4-m4-ffnnone,8,800,800,8,8,32,4,4,4,2,4,,False,0.003,l0.post_attention_residual,1,0.04270872473716736,0.4484274387359619,-0.06440484523773193,0.5128322839736938,0.27929627895355225
scaling-tuned-adamw-10seeds-v1,cell-003-3e79f448723e,3,C32-d8-L2-H4-m4-ffnnone,8,800,800,8,8,32,4,4,4,2,4,,False,0.003,l0.post_ffn_residual,2,0.04270872473716736,0.4484274387359619,-0.06440484523773193,0.5128322839736938,0.27929627895355225
scaling-tuned-adamw-10seeds-v1,cell-003-3e79f448723e,3,C32-d8-L2-H4-m4-ffnnone,8,800,800,8,8,32,4,4,4,2,4,,False,0.003,l1.post_attention_residual,3,0.11651065945625305,0.8705999851226807,-0.00299725029617548,0.873597264289856,0.1476670354604721
scaling-tuned-adamw-10seeds-v1,cell-003-3e79f448723e,3,C32-d8-L2-H4-m4-ffnnone,8,800,800,8,8,32,4,4,4,2,4,,False,0.003,l1.post_ffn_residual,4,0.11651065945625305,0.8705999851226807,-0.00299725029617548,0.873597264289856,0.1476670354604721
scaling-tuned-adamw-10seeds-v1,cell-003-3e79f448723e,3,C32-d8-L2-H4-m4-ffnnone,9,0,800,8,8,32,4,4,4,2,4,,False,0.003,input_embeddings,0,0.17606624960899353,-0.2398093044757843,-0.43533265590667725,0.19552335143089294,0.27220380306243896
scaling-tuned-adamw-10seeds-v1,cell-003-3e79f448723e,3,C32-d8-L2-H4-m4-ffnnone,9,0,800,8,8,32,4,4,4,2,4,,False,0.003,l0.post_attention_residual,1,0.34370481967926025,-0.011820863001048565,-0.16157370805740356,0.14975285530090332,0.27234476804733276
scaling-tuned-adamw-10seeds-v1,cell-003-3e79f448723e,3,C32-d8-L2-H4-m4-ffnnone,9,0,800,8,8,32,4,4,4,2,4,,False,0.003,l0.post_ffn_residual,2,0.34370481967926025,-0.011820863001048565,-0.16157370805740356,0.14975285530090332,0.27234476804733276
scaling-tuned-adamw-10seeds-v1,cell-003-3e79f448723e,3,C32-d8-L2-H4-m4-ffnnone,9,0,800,8,8,32,4,4,4,2,4,,False,0.003,l1.post_attention_residual,3,0.43034398555755615,0.23321565985679626,0.11221254616975784,0.12100310623645782,0.2738587260246277
scaling-tuned-adamw-10seeds-v1,cell-003-3e79f448723e,3,C32-d8-L2-H4-m4-ffnnone,9,0,800,8,8,32,4,4,4,2,4,,False,0.003,l1.post_ffn_residual,4,0.43034398555755615,0.23321565985679626,0.11221254616975784,0.12100310623645782,0.2738587260246277
scaling-tuned-adamw-10seeds-v1,cell-003-3e79f448723e,3,C32-d8-L2-H4-m4-ffnnone,9,800,800,8,8,32,4,4,4,2,4,,False,0.003,input_embeddings,0,0.11176972091197968,0.024286668747663498,-0.4626966118812561,0.4869832694530487,0.2739914357662201
scaling-tuned-adamw-10seeds-v1,cell-003-3e79f448723e,3,C32-d8-L2-H4-m4-ffnnone,9,800,800,8,8,32,4,4,4,2,4,,False,0.003,l0.post_attention_residual,1,0.05092691630125046,0.7433634996414185,-0.05571907013654709,0.7990825772285461,0.25472480058670044
scaling-tuned-adamw-10seeds-v1,cell-003-3e79f448723e,3,C32-d8-L2-H4-m4-ffnnone,9,800,800,8,8,32,4,4,4,2,4,,False,0.003,l0.post_ffn_residual,2,0.05092691630125046,0.7433634996414185,-0.05571907013654709,0.7990825772285461,0.25472480058670044
scaling-tuned-adamw-10seeds-v1,cell-003-3e79f448723e,3,C32-d8-L2-H4-m4-ffnnone,9,800,800,8,8,32,4,4,4,2,4,,False,0.003,l1.post_attention_residual,3,0.15249831974506378,0.9408267736434937,0.0635303407907486,0.8772964477539062,0.1417417824268341
scaling-tuned-adamw-10seeds-v1,cell-003-3e79f448723e,3,C32-d8-L2-H4-m4-ffnnone,9,800,800,8,8,32,4,4,4,2,4,,False,0.003,l1.post_ffn_residual,4,0.15249831974506378,0.9408267736434937,0.0635303407907486,0.8772964477539062,0.1417417824268341
scaling-tuned-adamw-10seeds-v1,cell-006-f100eb25da99,6,C32-d8-L2-H1-m4-ffn16,0,0,800,8,8,32,4,1,1,2,4,16,True,0.003,input_embeddings,0,0.12208102643489838,-0.018656130880117416,-0.304672509431839,0.2860163748264313,0.3005276918411255
scaling-tuned-adamw-10seeds-v1,cell-006-f100eb25da99,6,C32-d8-L2-H1-m4-ffn16,0,0,800,8,8,32,4,1,1,2,4,16,True,0.003,l0.post_attention_residual,1,0.21718870103359222,0.04796108603477478,-0.21412424743175507,0.26208534836769104,0.3046295940876007
scaling-tuned-adamw-10seeds-v1,cell-006-f100eb25da99,6,C32-d8-L2-H1-m4-ffn16,0,0,800,8,8,32,4,1,1,2,4,16,True,0.003,l0.post_ffn_residual,2,0.3161081373691559,0.19387522339820862,0.016694791615009308,0.1771804392337799,0.2877746522426605
scaling-tuned-adamw-10seeds-v1,cell-006-f100eb25da99,6,C32-d8-L2-H1-m4-ffn16,0,0,800,8,8,32,4,1,1,2,4,16,True,0.003,l1.post_attention_residual,3,0.6441129446029663,0.575178325176239,0.4910825490951538,0.08409573882818222,0.2858767509460449
scaling-tuned-adamw-10seeds-v1,cell-006-f100eb25da99,6,C32-d8-L2-H1-m4-ffn16,0,0,800,8,8,32,4,1,1,2,4,16,True,0.003,l1.post_ffn_residual,4,0.6891970038414001,0.6015833020210266,0.5387359857559204,0.06284737586975098,0.2689480781555176
scaling-tuned-adamw-10seeds-v1,cell-006-f100eb25da99,6,C32-d8-L2-H1-m4-ffn16,0,800,800,8,8,32,4,1,1,2,4,16,True,0.003,input_embeddings,0,0.10908514261245728,0.43764933943748474,-0.1504756510257721,0.5881249904632568,0.3113333582878113
scaling-tuned-adamw-10seeds-v1,cell-006-f100eb25da99,6,C32-d8-L2-H1-m4-ffn16,0,800,800,8,8,32,4,1,1,2,4,16,True,0.003,l0.post_attention_residual,1,0.12616518139839172,0.6756335496902466,-0.05132919177412987,0.726962685585022,0.21599344909191132
scaling-tuned-adamw-10seeds-v1,cell-006-f100eb25da99,6,C32-d8-L2-H1-m4-ffn16,0,800,800,8,8,32,4,1,1,2,4,16,True,0.003,l0.post_ffn_residual,2,0.15764622390270233,0.7942800521850586,0.08184228837490082,0.7124377489089966,0.20965765416622162
scaling-tuned-adamw-10seeds-v1,cell-006-f100eb25da99,6,C32-d8-L2-H1-m4-ffn16,0,800,800,8,8,32,4,1,1,2,4,16,True,0.003,l1.post_attention_residual,3,0.1563410758972168,0.848825216293335,0.043763287365436554,0.8050619959831238,0.16432616114616394
scaling-tuned-adamw-10seeds-v1,cell-006-f100eb25da99,6,C32-d8-L2-H1-m4-ffn16,0,800,800,8,8,32,4,1,1,2,4,16,True,0.003,l1.post_ffn_residual,4,0.3418184518814087,0.9078526496887207,0.22234532237052917,0.6855073571205139,0.14763382077217102
scaling-tuned-adamw-10seeds-v1,cell-006-f100eb25da99,6,C32-d8-L2-H1-m4-ffn16,1,0,800,8,8,32,4,1,1,2,4,16,True,0.003,input_embeddings,0,0.12085403501987457,0.007510151714086533,-0.23307713866233826,0.24058730900287628,0.29905587434768677
scaling-tuned-adamw-10seeds-v1,cell-006-f100eb25da99,6,C32-d8-L2-H1-m4-ffn16,1,0,800,8,8,32,4,1,1,2,4,16,True,0.003,l0.post_attention_residual,1,0.2541407644748688,0.2163969725370407,0.04762239754199982,0.1687745749950409,0.3081013858318329
scaling-tuned-adamw-10seeds-v1,cell-006-f100eb25da99,6,C32-d8-L2-H1-m4-ffn16,1,0,800,8,8,32,4,1,1,2,4,16,True,0.003,l0.post_ffn_residual,2,0.1542036235332489,0.2665979862213135,0.14996039867401123,0.11663761734962463,0.26842308044433594
scaling-tuned-adamw-10seeds-v1,cell-006-f100eb25da99,6,C32-d8-L2-H1-m4-ffn16,1,0,800,8,8,32,4,1,1,2,4,16,True,0.003,l1.post_attention_residual,3,0.2523728013038635,0.2878616452217102,0.20687322318553925,0.08098842948675156,0.26783880591392517
scaling-tuned-adamw-10seeds-v1,cell-006-f100eb25da99,6,C32-d8-L2-H1-m4-ffn16,1,0,800,8,8,32,4,1,1,2,4,16,True,0.003,l1.post_ffn_residual,4,0.25747010111808777,0.2636960744857788,0.22949844598770142,0.03419763967394829,0.2290022373199463
scaling-tuned-adamw-10seeds-v1,cell-006-f100eb25da99,6,C32-d8-L2-H1-m4-ffn16,1,800,800,8,8,32,4,1,1,2,4,16,True,0.003,input_embeddings,0,0.22852987051010132,0.06004903465509415,-0.23595914244651794,0.2960081696510315,0.2989562749862671
scaling-tuned-adamw-10seeds-v1,cell-006-f100eb25da99,6,C32-d8-L2-H1-m4-ffn16,1,800,800,8,8,32,4,1,1,2,4,16,True,0.003,l0.post_attention_residual,1,0.47877365350723267,0.3426939845085144,0.1693883240222931,0.1733056753873825,0.28441154956817627
scaling-tuned-adamw-10seeds-v1,cell-006-f100eb25da99,6,C32-d8-L2-H1-m4-ffn16,1,800,800,8,8,32,4,1,1,2,4,16,True,0.003,l0.post_ffn_residual,2,0.09217570722103119,0.480987548828125,-0.037202879786491394,0.5181903839111328,0.27880436182022095
scaling-tuned-adamw-10seeds-v1,cell-006-f100eb25da99,6,C32-d8-L2-H1-m4-ffn16,1,800,800,8,8,32,4,1,1,2,4,16,True,0.003,l1.post_attention_residual,3,0.1497940868139267,0.8009212017059326,0.07045195996761322,0.7304692268371582,0.16996778547763824
scaling-tuned-adamw-10seeds-v1,cell-006-f100eb25da99,6,C32-d8-L2-H1-m4-ffn16,1,800,800,8,8,32,4,1,1,2,4,16,True,0.003,l1.post_ffn_residual,4,0.17945179343223572,0.901786744594574,0.0923985093832016,0.8093881607055664,0.14965632557868958
scaling-tuned-adamw-10seeds-v1,cell-006-f100eb25da99,6,C32-d8-L2-H1-m4-ffn16,2,0,800,8,8,32,4,1,1,2,4,16,True,0.003,input_embeddings,0,0.2076881229877472,0.2685888409614563,-0.05847729369997978,0.3270661532878876,0.287850558757782
scaling-tuned-adamw-10seeds-v1,cell-006-f100eb25da99,6,C32-d8-L2-H1-m4-ffn16,2,0,800,8,8,32,4,1,1,2,4,16,True,0.003,l0.post_attention_residual,1,0.2425970584154129,0.2963863015174866,-0.007947886362671852,0.30433422327041626,0.2937375605106354
scaling-tuned-adamw-10seeds-v1,cell-006-f100eb25da99,6,C32-d8-L2-H1-m4-ffn16,2,0,800,8,8,32,4,1,1,2,4,16,True,0.003,l0.post_ffn_residual,2,0.3151824474334717,0.5010868310928345,0.18055929243564606,0.3205275535583496,0.28394433856010437
scaling-tuned-adamw-10seeds-v1,cell-006-f100eb25da99,6,C32-d8-L2-H1-m4-ffn16,2,0,800,8,8,32,4,1,1,2,4,16,True,0.003,l1.post_attention_residual,3,0.5646160840988159,0.6539276838302612,0.458210289478302,0.195717453956604,0.24744917452335358
scaling-tuned-adamw-10seeds-v1,cell-006-f100eb25da99,6,C32-d8-L2-H1-m4-ffn16,2,0,800,8,8,32,4,1,1,2,4,16,True,0.003,l1.post_ffn_residual,4,0.5115575790405273,0.5753625631332397,0.41440442204475403,0.16095812618732452,0.24478745460510254
scaling-tuned-adamw-10seeds-v1,cell-006-f100eb25da99,6,C32-d8-L2-H1-m4-ffn16,2,800,800,8,8,32,4,1,1,2,4,16,True,0.003,input_embeddings,0,0.16851556301116943,0.4230482280254364,-0.07402303814888,0.49707120656967163,0.31238436698913574
scaling-tuned-adamw-10seeds-v1,cell-006-f100eb25da99,6,C32-d8-L2-H1-m4-ffn16,2,800,800,8,8,32,4,1,1,2,4,16,True,0.003,l0.post_attention_residual,1,0.22147715091705322,0.3869866132736206,-0.03282534331083298,0.4198119640350342,0.24554598331451416
scaling-tuned-adamw-10seeds-v1,cell-006-f100eb25da99,6,C32-d8-L2-H1-m4-ffn16,2,800,800,8,8,32,4,1,1,2,4,16,True,0.003,l0.post_ffn_residual,2,0.14138689637184143,0.6438413858413696,0.07447341084480286,0.5693680644035339,0.2211397886276245
scaling-tuned-adamw-10seeds-v1,cell-006-f100eb25da99,6,C32-d8-L2-H1-m4-ffn16,2,800,800,8,8,32,4,1,1,2,4,16,True,0.003,l1.post_attention_residual,3,0.16501735150814056,0.8636964559555054,0.08326632529497147,0.7804300785064697,0.1601404845714569
scaling-tuned-adamw-10seeds-v1,cell-006-f100eb25da99,6,C32-d8-L2-H1-m4-ffn16,2,800,800,8,8,32,4,1,1,2,4,16,True,0.003,l1.post_ffn_residual,4,0.2217508852481842,0.9172512292861938,0.1453453004360199,0.7719060182571411,0.15381702780723572
scaling-tuned-adamw-10seeds-v1,cell-006-f100eb25da99,6,C32-d8-L2-H1-m4-ffn16,3,0,800,8,8,32,4,1,1,2,4,16,True,0.003,input_embeddings,0,0.12056823074817657,0.39706945419311523,0.015487671829760075,0.38158178329467773,0.3293367624282837
scaling-tuned-adamw-10seeds-v1,cell-006-f100eb25da99,6,C32-d8-L2-H1-m4-ffn16,3,0,800,8,8,32,4,1,1,2,4,16,True,0.003,l0.post_attention_residual,1,0.2714967131614685,0.3874601721763611,0.1617119014263153,0.22574827075004578,0.27408456802368164
scaling-tuned-adamw-10seeds-v1,cell-006-f100eb25da99,6,C32-d8-L2-H1-m4-ffn16,3,0,800,8,8,32,4,1,1,2,4,16,True,0.003,l0.post_ffn_residual,2,0.17467933893203735,0.3042822480201721,0.11568617820739746,0.18859606981277466,0.2617775499820709
scaling-tuned-adamw-10seeds-v1,cell-006-f100eb25da99,6,C32-d8-L2-H1-m4-ffn16,3,0,800,8,8,32,4,1,1,2,4,16,True,0.003,l1.post_attention_residual,3,0.3068220615386963,0.41877150535583496,0.26112377643585205,0.1576477289199829,0.2704560160636902
scaling-tuned-adamw-10seeds-v1,cell-006-f100eb25da99,6,C32-d8-L2-H1-m4-ffn16,3,0,800,8,8,32,4,1,1,2,4,16,True,0.003,l1.post_ffn_residual,4,0.37830471992492676,0.4989608824253082,0.3935784697532654,0.10538242757320404,0.24690458178520203
scaling-tuned-adamw-10seeds-v1,cell-006-f100eb25da99,6,C32-d8-L2-H1-m4-ffn16,3,800,800,8,8,32,4,1,1,2,4,16,True,0.003,input_embeddings,0,0.14610326290130615,0.28940898180007935,-0.14065933227539062,0.43006831407546997,0.3360251784324646
scaling-tuned-adamw-10seeds-v1,cell-006-f100eb25da99,6,C32-d8-L2-H1-m4-ffn16,3,800,800,8,8,32,4,1,1,2,4,16,True,0.003,l0.post_attention_residual,1,0.17210668325424194,0.19615724682807922,-0.17320752143859863,0.36936476826667786,0.3086610734462738
scaling-tuned-adamw-10seeds-v1,cell-006-f100eb25da99,6,C32-d8-L2-H1-m4-ffn16,3,800,800,8,8,32,4,1,1,2,4,16,True,0.003,l0.post_ffn_residual,2,0.06324588507413864,0.5685214996337891,-0.025814305990934372,0.5943357348442078,0.2788296937942505
scaling-tuned-adamw-10seeds-v1,cell-006-f100eb25da99,6,C32-d8-L2-H1-m4-ffn16,3,800,800,8,8,32,4,1,1,2,4,16,True,0.003,l1.post_attention_residual,3,0.14190377295017242,0.8389951586723328,0.024300074204802513,0.8146951198577881,0.17405319213867188
scaling-tuned-adamw-10seeds-v1,cell-006-f100eb25da99,6,C32-d8-L2-H1-m4-ffn16,3,800,800,8,8,32,4,1,1,2,4,16,True,0.003,l1.post_ffn_residual,4,0.21012738347053528,0.8752766847610474,0.10913898795843124,0.7661377191543579,0.16564154624938965
scaling-tuned-adamw-10seeds-v1,cell-006-f100eb25da99,6,C32-d8-L2-H1-m4-ffn16,4,0,800,8,8,32,4,1,1,2,4,16,True,0.003,input_embeddings,0,0.17400601506233215,0.2075415849685669,-0.14652539789676666,0.35406696796417236,0.2922048270702362
scaling-tuned-adamw-10seeds-v1,cell-006-f100eb25da99,6,C32-d8-L2-H1-m4-ffn16,4,0,800,8,8,32,4,1,1,2,4,16,True,0.003,l0.post_attention_residual,1,0.37217259407043457,0.40124356746673584,0.19319577515125275,0.2080478072166443,0.2996571362018585
scaling-tuned-adamw-10seeds-v1,cell-006-f100eb25da99,6,C32-d8-L2-H1-m4-ffn16,4,0,800,8,8,32,4,1,1,2,4,16,True,0.003,l0.post_ffn_residual,2,0.43652161955833435,0.3957338333129883,0.20996157824993134,0.18577225506305695,0.29389113187789917
scaling-tuned-adamw-10seeds-v1,cell-006-f100eb25da99,6,C32-d8-L2-H1-m4-ffn16,4,0,800,8,8,32,4,1,1,2,4,16,True,0.003,l1.post_attention_residual,3,0.618260383605957,0.5675919055938721,0.4497067928314209,0.11788514256477356,0.26059919595718384
scaling-tuned-adamw-10seeds-v1,cell-006-f100eb25da99,6,C32-d8-L2-H1-m4-ffn16,4,0,800,8,8,32,4,1,1,2,4,16,True,0.003,l1.post_ffn_residual,4,0.6475195288658142,0.5654768943786621,0.46023744344711304,0.10523946583271027,0.2504836320877075
scaling-tuned-adamw-10seeds-v1,cell-006-f100eb25da99,6,C32-d8-L2-H1-m4-ffn16,4,800,800,8,8,32,4,1,1,2,4,16,True,0.003,input_embeddings,0,0.21969017386436462,0.5859056711196899,0.018010783940553665,0.5678948760032654,0.3076998293399811
scaling-tuned-adamw-10seeds-v1,cell-006-f100eb25da99,6,C32-d8-L2-H1-m4-ffn16,4,800,800,8,8,32,4,1,1,2,4,16,True,0.003,l0.post_attention_residual,1,0.27265462279319763,0.7548085451126099,0.20429672300815582,0.5505118370056152,0.2577294707298279
scaling-tuned-adamw-10seeds-v1,cell-006-f100eb25da99,6,C32-d8-L2-H1-m4-ffn16,4,800,800,8,8,32,4,1,1,2,4,16,True,0.003,l0.post_ffn_residual,2,0.17354285717010498,0.727636456489563,0.06904646754264832,0.6585900187492371,0.2673712372779846
scaling-tuned-adamw-10seeds-v1,cell-006-f100eb25da99,6,C32-d8-L2-H1-m4-ffn16,4,800,800,8,8,32,4,1,1,2,4,16,True,0.003,l1.post_attention_residual,3,0.1938703954219818,0.8513051867485046,0.08416952937841415,0.7671356797218323,0.20439064502716064
scaling-tuned-adamw-10seeds-v1,cell-006-f100eb25da99,6,C32-d8-L2-H1-m4-ffn16,4,800,800,8,8,32,4,1,1,2,4,16,True,0.003,l1.post_ffn_residual,4,0.28992408514022827,0.9000422358512878,0.21115097403526306,0.6888912320137024,0.15603363513946533
scaling-tuned-adamw-10seeds-v1,cell-006-f100eb25da99,6,C32-d8-L2-H1-m4-ffn16,5,0,800,8,8,32,4,1,1,2,4,16,True,0.003,input_embeddings,0,0.10886634886264801,-0.013935063034296036,-0.19632120430469513,0.18238615989685059,0.32820749282836914
scaling-tuned-adamw-10seeds-v1,cell-006-f100eb25da99,6,C32-d8-L2-H1-m4-ffn16,5,0,800,8,8,32,4,1,1,2,4,16,True,0.003,l0.post_attention_residual,1,0.36271291971206665,0.26508191227912903,0.13128352165222168,0.13379839062690735,0.3122991919517517
scaling-tuned-adamw-10seeds-v1,cell-006-f100eb25da99,6,C32-d8-L2-H1-m4-ffn16,5,0,800,8,8,32,4,1,1,2,4,16,True,0.003,l0.post_ffn_residual,2,0.5511019229888916,0.5442874431610107,0.397591769695282,0.14669564366340637,0.3245016932487488
scaling-tuned-adamw-10seeds-v1,cell-006-f100eb25da99,6,C32-d8-L2-H1-m4-ffn16,5,0,800,8,8,32,4,1,1,2,4,16,True,0.003,l1.post_attention_residual,3,0.5869280099868774,0.5987610816955566,0.48599666357040405,0.1127644032239914,0.31133413314819336
scaling-tuned-adamw-10seeds-v1,cell-006-f100eb25da99,6,C32-d8-L2-H1-m4-ffn16,5,0,800,8,8,32,4,1,1,2,4,16,True,0.003,l1.post_ffn_residual,4,0.5123533010482788,0.444061279296875,0.3102114200592041,0.1338498592376709,0.2983865439891815
scaling-tuned-adamw-10seeds-v1,cell-006-f100eb25da99,6,C32-d8-L2-H1-m4-ffn16,5,800,800,8,8,32,4,1,1,2,4,16,True,0.003,input_embeddings,0,0.12502548098564148,0.30417245626449585,-0.1852724552154541,0.48944494128227234,0.31885603070259094
scaling-tuned-adamw-10seeds-v1,cell-006-f100eb25da99,6,C32-d8-L2-H1-m4-ffn16,5,800,800,8,8,32,4,1,1,2,4,16,True,0.003,l0.post_attention_residual,1,0.11567240953445435,0.6701561212539673,0.015754789113998413,0.6544013023376465,0.23068055510520935
scaling-tuned-adamw-10seeds-v1,cell-006-f100eb25da99,6,C32-d8-L2-H1-m4-ffn16,5,800,800,8,8,32,4,1,1,2,4,16,True,0.003,l0.post_ffn_residual,2,0.1642020046710968,0.6292870044708252,-0.015536712482571602,0.6448236703872681,0.20190221071243286
scaling-tuned-adamw-10seeds-v1,cell-006-f100eb25da99,6,C32-d8-L2-H1-m4-ffn16,5,800,800,8,8,32,4,1,1,2,4,16,True,0.003,l1.post_attention_residual,3,0.14342021942138672,0.7484837770462036,0.016801543533802032,0.7316821813583374,0.19845879077911377
scaling-tuned-adamw-10seeds-v1,cell-006-f100eb25da99,6,C32-d8-L2-H1-m4-ffn16,5,800,800,8,8,32,4,1,1,2,4,16,True,0.003,l1.post_ffn_residual,4,0.13803699612617493,0.85727858543396,0.04309612885117531,0.8141824007034302,0.15372994542121887
scaling-tuned-adamw-10seeds-v1,cell-006-f100eb25da99,6,C32-d8-L2-H1-m4-ffn16,6,0,800,8,8,32,4,1,1,2,4,16,True,0.003,input_embeddings,0,0.2535543739795685,0.3572026491165161,-0.026383619755506516,0.38358625769615173,0.3161274492740631
scaling-tuned-adamw-10seeds-v1,cell-006-f100eb25da99,6,C32-d8-L2-H1-m4-ffn16,6,0,800,8,8,32,4,1,1,2,4,16,True,0.003,l0.post_attention_residual,1,0.500725507736206,0.5599491596221924,0.2962383031845093,0.2637108564376831,0.31634652614593506
scaling-tuned-adamw-10seeds-v1,cell-006-f100eb25da99,6,C32-d8-L2-H1-m4-ffn16,6,0,800,8,8,32,4,1,1,2,4,16,True,0.003,l0.post_ffn_residual,2,0.4432513117790222,0.4528907537460327,0.1352042853832245,0.3176864683628082,0.28437793254852295
scaling-tuned-adamw-10seeds-v1,cell-006-f100eb25da99,6,C32-d8-L2-H1-m4-ffn16,6,0,800,8,8,32,4,1,1,2,4,16,True,0.003,l1.post_attention_residual,3,0.3934524655342102,0.426828533411026,0.11313273012638092,0.31369584798812866,0.2891414165496826
scaling-tuned-adamw-10seeds-v1,cell-006-f100eb25da99,6,C32-d8-L2-H1-m4-ffn16,6,0,800,8,8,32,4,1,1,2,4,16,True,0.003,l1.post_ffn_residual,4,0.42860642075538635,0.5030140280723572,0.19579993188381195,0.3072141110897064,0.27116483449935913
scaling-tuned-adamw-10seeds-v1,cell-006-f100eb25da99,6,C32-d8-L2-H1-m4-ffn16,6,800,800,8,8,32,4,1,1,2,4,16,True,0.003,input_embeddings,0,0.14608779549598694,0.6408672332763672,0.018174441531300545,0.6226928234100342,0.2866446375846863
scaling-tuned-adamw-10seeds-v1,cell-006-f100eb25da99,6,C32-d8-L2-H1-m4-ffn16,6,800,800,8,8,32,4,1,1,2,4,16,True,0.003,l0.post_attention_residual,1,0.2870945334434509,0.7915982604026794,0.23827216029167175,0.5533261299133301,0.2224654257297516
scaling-tuned-adamw-10seeds-v1,cell-006-f100eb25da99,6,C32-d8-L2-H1-m4-ffn16,6,800,800,8,8,32,4,1,1,2,4,16,True,0.003,l0.post_ffn_residual,2,0.17652183771133423,0.6329904198646545,0.1053636223077774,0.5276267528533936,0.265153706073761
scaling-tuned-adamw-10seeds-v1,cell-006-f100eb25da99,6,C32-d8-L2-H1-m4-ffn16,6,800,800,8,8,32,4,1,1,2,4,16,True,0.003,l1.post_attention_residual,3,0.17465557157993317,0.7107375860214233,0.06313671916723251,0.6476008892059326,0.2301715612411499
scaling-tuned-adamw-10seeds-v1,cell-006-f100eb25da99,6,C32-d8-L2-H1-m4-ffn16,6,800,800,8,8,32,4,1,1,2,4,16,True,0.003,l1.post_ffn_residual,4,0.22947394847869873,0.863093376159668,0.1088835597038269,0.7542097568511963,0.1641509234905243
scaling-tuned-adamw-10seeds-v1,cell-006-f100eb25da99,6,C32-d8-L2-H1-m4-ffn16,7,0,800,8,8,32,4,1,1,2,4,16,True,0.003,input_embeddings,0,0.16841435432434082,0.3813357949256897,0.012256350368261337,0.36907947063446045,0.3062093257904053
scaling-tuned-adamw-10seeds-v1,cell-006-f100eb25da99,6,C32-d8-L2-H1-m4-ffn16,7,0,800,8,8,32,4,1,1,2,4,16,True,0.003,l0.post_attention_residual,1,0.2722025513648987,0.4753495156764984,0.16187681257724762,0.3134726881980896,0.2837381362915039
scaling-tuned-adamw-10seeds-v1,cell-006-f100eb25da99,6,C32-d8-L2-H1-m4-ffn16,7,0,800,8,8,32,4,1,1,2,4,16,True,0.003,l0.post_ffn_residual,2,0.42322108149528503,0.6299608945846558,0.36193329095840454,0.2680276334285736,0.267055869102478
scaling-tuned-adamw-10seeds-v1,cell-006-f100eb25da99,6,C32-d8-L2-H1-m4-ffn16,7,0,800,8,8,32,4,1,1,2,4,16,True,0.003,l1.post_attention_residual,3,0.34634172916412354,0.5653112530708313,0.25058501958847046,0.31472620368003845,0.2729639410972595
scaling-tuned-adamw-10seeds-v1,cell-006-f100eb25da99,6,C32-d8-L2-H1-m4-ffn16,7,0,800,8,8,32,4,1,1,2,4,16,True,0.003,l1.post_ffn_residual,4,0.4867929518222809,0.7078176140785217,0.4473531246185303,0.26046448945999146,0.26107221841812134
scaling-tuned-adamw-10seeds-v1,cell-006-f100eb25da99,6,C32-d8-L2-H1-m4-ffn16,7,800,800,8,8,32,4,1,1,2,4,16,True,0.003,input_embeddings,0,0.11655972898006439,0.5657714605331421,-0.009612933732569218,0.5753843784332275,0.30723023414611816
scaling-tuned-adamw-10seeds-v1,cell-006-f100eb25da99,6,C32-d8-L2-H1-m4-ffn16,7,800,800,8,8,32,4,1,1,2,4,16,True,0.003,l0.post_attention_residual,1,0.18798671662807465,0.8811622858047485,0.07810886204242706,0.8030534386634827,0.17858444154262543
scaling-tuned-adamw-10seeds-v1,cell-006-f100eb25da99,6,C32-d8-L2-H1-m4-ffn16,7,800,800,8,8,32,4,1,1,2,4,16,True,0.003,l0.post_ffn_residual,2,0.27947017550468445,0.9372029304504395,0.21607032418251038,0.7211325764656067,0.15620291233062744
scaling-tuned-adamw-10seeds-v1,cell-006-f100eb25da99,6,C32-d8-L2-H1-m4-ffn16,7,800,800,8,8,32,4,1,1,2,4,16,True,0.003,l1.post_attention_residual,3,0.3238123059272766,0.936887264251709,0.26812899112701416,0.6687582731246948,0.15901093184947968
scaling-tuned-adamw-10seeds-v1,cell-006-f100eb25da99,6,C32-d8-L2-H1-m4-ffn16,7,800,800,8,8,32,4,1,1,2,4,16,True,0.003,l1.post_ffn_residual,4,0.3360217213630676,0.9567565321922302,0.2841216027736664,0.6726348996162415,0.14993467926979065
scaling-tuned-adamw-10seeds-v1,cell-006-f100eb25da99,6,C32-d8-L2-H1-m4-ffn16,8,0,800,8,8,32,4,1,1,2,4,16,True,0.003,input_embeddings,0,0.14439846575260162,0.26512739062309265,-0.0012284484691917896,0.26635584235191345,0.3126823306083679
scaling-tuned-adamw-10seeds-v1,cell-006-f100eb25da99,6,C32-d8-L2-H1-m4-ffn16,8,0,800,8,8,32,4,1,1,2,4,16,True,0.003,l0.post_attention_residual,1,0.35524654388427734,0.4085542559623718,0.1983409821987152,0.21021327376365662,0.2993890047073364
scaling-tuned-adamw-10seeds-v1,cell-006-f100eb25da99,6,C32-d8-L2-H1-m4-ffn16,8,0,800,8,8,32,4,1,1,2,4,16,True,0.003,l0.post_ffn_residual,2,0.44375908374786377,0.42193394899368286,0.2633305788040161,0.15860337018966675,0.2919285297393799
scaling-tuned-adamw-10seeds-v1,cell-006-f100eb25da99,6,C32-d8-L2-H1-m4-ffn16,8,0,800,8,8,32,4,1,1,2,4,16,True,0.003,l1.post_attention_residual,3,0.501610517501831,0.5151207447052002,0.3526584506034851,0.1624622642993927,0.2917857766151428
scaling-tuned-adamw-10seeds-v1,cell-006-f100eb25da99,6,C32-d8-L2-H1-m4-ffn16,8,0,800,8,8,32,4,1,1,2,4,16,True,0.003,l1.post_ffn_residual,4,0.5102419853210449,0.5463237166404724,0.39129841327667236,0.15502530336380005,0.2726304829120636
scaling-tuned-adamw-10seeds-v1,cell-006-f100eb25da99,6,C32-d8-L2-H1-m4-ffn16,8,800,800,8,8,32,4,1,1,2,4,16,True,0.003,input_embeddings,0,0.10213030129671097,0.487651526927948,-0.06449238955974579,0.552143931388855,0.3193313479423523
scaling-tuned-adamw-10seeds-v1,cell-006-f100eb25da99,6,C32-d8-L2-H1-m4-ffn16,8,800,800,8,8,32,4,1,1,2,4,16,True,0.003,l0.post_attention_residual,1,0.14135336875915527,0.6212906837463379,-0.030094381421804428,0.6513850688934326,0.2647610604763031
scaling-tuned-adamw-10seeds-v1,cell-006-f100eb25da99,6,C32-d8-L2-H1-m4-ffn16,8,800,800,8,8,32,4,1,1,2,4,16,True,0.003,l0.post_ffn_residual,2,0.06218317151069641,0.6407431364059448,-0.05746356397867203,0.6982066631317139,0.2843232750892639
scaling-tuned-adamw-10seeds-v1,cell-006-f100eb25da99,6,C32-d8-L2-H1-m4-ffn16,8,800,800,8,8,32,4,1,1,2,4,16,True,0.003,l1.post_attention_residual,3,0.07439073920249939,0.8942508697509766,-0.039863456040620804,0.9341143369674683,0.1678241789340973
scaling-tuned-adamw-10seeds-v1,cell-006-f100eb25da99,6,C32-d8-L2-H1-m4-ffn16,8,800,800,8,8,32,4,1,1,2,4,16,True,0.003,l1.post_ffn_residual,4,0.12101233005523682,0.9466680288314819,-0.004083248786628246,0.9507513046264648,0.14843696355819702
scaling-tuned-adamw-10seeds-v1,cell-006-f100eb25da99,6,C32-d8-L2-H1-m4-ffn16,9,0,800,8,8,32,4,1,1,2,4,16,True,0.003,input_embeddings,0,0.2489587664604187,0.22317540645599365,-0.009513689205050468,0.23268911242485046,0.3036212921142578
scaling-tuned-adamw-10seeds-v1,cell-006-f100eb25da99,6,C32-d8-L2-H1-m4-ffn16,9,0,800,8,8,32,4,1,1,2,4,16,True,0.003,l0.post_attention_residual,1,0.5205718874931335,0.3635825216770172,0.2434079349040985,0.1201745793223381,0.2869000732898712
scaling-tuned-adamw-10seeds-v1,cell-006-f100eb25da99,6,C32-d8-L2-H1-m4-ffn16,9,0,800,8,8,32,4,1,1,2,4,16,True,0.003,l0.post_ffn_residual,2,0.4888882339000702,0.2661949396133423,0.1651134043931961,0.10108155757188797,0.2409694492816925
scaling-tuned-adamw-10seeds-v1,cell-006-f100eb25da99,6,C32-d8-L2-H1-m4-ffn16,9,0,800,8,8,32,4,1,1,2,4,16,True,0.003,l1.post_attention_residual,3,0.39556628465652466,0.12090231478214264,0.02211475372314453,0.09878756105899811,0.2582851052284241
scaling-tuned-adamw-10seeds-v1,cell-006-f100eb25da99,6,C32-d8-L2-H1-m4-ffn16,9,0,800,8,8,32,4,1,1,2,4,16,True,0.003,l1.post_ffn_residual,4,0.518314778804779,0.27999764680862427,0.17197072505950928,0.10802693665027618,0.27936026453971863
scaling-tuned-adamw-10seeds-v1,cell-006-f100eb25da99,6,C32-d8-L2-H1-m4-ffn16,9,800,800,8,8,32,4,1,1,2,4,16,True,0.003,input_embeddings,0,0.2473287284374237,0.41010168194770813,0.08754773437976837,0.32255393266677856,0.2773253321647644
scaling-tuned-adamw-10seeds-v1,cell-006-f100eb25da99,6,C32-d8-L2-H1-m4-ffn16,9,800,800,8,8,32,4,1,1,2,4,16,True,0.003,l0.post_attention_residual,1,0.3519860506057739,0.4793999195098877,0.18164104223251343,0.29775887727737427,0.2782462239265442
scaling-tuned-adamw-10seeds-v1,cell-006-f100eb25da99,6,C32-d8-L2-H1-m4-ffn16,9,800,800,8,8,32,4,1,1,2,4,16,True,0.003,l0.post_ffn_residual,2,0.10620018094778061,0.5454950928688049,-0.012055226601660252,0.557550311088562,0.2894740104675293
scaling-tuned-adamw-10seeds-v1,cell-006-f100eb25da99,6,C32-d8-L2-H1-m4-ffn16,9,800,800,8,8,32,4,1,1,2,4,16,True,0.003,l1.post_attention_residual,3,0.1843913197517395,0.7372704148292542,0.060417961329221725,0.6768524646759033,0.19689114391803741
scaling-tuned-adamw-10seeds-v1,cell-006-f100eb25da99,6,C32-d8-L2-H1-m4-ffn16,9,800,800,8,8,32,4,1,1,2,4,16,True,0.003,l1.post_ffn_residual,4,0.2853308320045471,0.8232734799385071,0.18086211383342743,0.6424114108085632,0.16390101611614227
scaling-tuned-adamw-10seeds-v1,cell-007-8736a677897e,7,C32-d8-L2-H4-m4-ffn16,0,0,800,8,8,32,4,4,4,2,4,16,True,0.003,input_embeddings,0,0.12208102643489838,-0.018656130880117416,-0.304672509431839,0.2860163748264313,0.3005276918411255
scaling-tuned-adamw-10seeds-v1,cell-007-8736a677897e,7,C32-d8-L2-H4-m4-ffn16,0,0,800,8,8,32,4,4,4,2,4,16,True,0.003,l0.post_attention_residual,1,0.21564000844955444,0.008601494133472443,-0.216264545917511,0.22486603260040283,0.29175829887390137
scaling-tuned-adamw-10seeds-v1,cell-007-8736a677897e,7,C32-d8-L2-H4-m4-ffn16,0,0,800,8,8,32,4,4,4,2,4,16,True,0.003,l0.post_ffn_residual,2,0.2674006223678589,0.08140121400356293,-0.10727852582931519,0.1886797398328781,0.2729443311691284
scaling-tuned-adamw-10seeds-v1,cell-007-8736a677897e,7,C32-d8-L2-H4-m4-ffn16,0,0,800,8,8,32,4,4,4,2,4,16,True,0.003,l1.post_attention_residual,3,0.6270037889480591,0.5551352500915527,0.45298779010772705,0.10214745998382568,0.28071296215057373
scaling-tuned-adamw-10seeds-v1,cell-007-8736a677897e,7,C32-d8-L2-H4-m4-ffn16,0,0,800,8,8,32,4,4,4,2,4,16,True,0.003,l1.post_ffn_residual,4,0.6678473949432373,0.5577038526535034,0.4794527292251587,0.07825112342834473,0.2604893147945404
scaling-tuned-adamw-10seeds-v1,cell-007-8736a677897e,7,C32-d8-L2-H4-m4-ffn16,0,800,800,8,8,32,4,4,4,2,4,16,True,0.003,input_embeddings,0,0.05461442098021507,0.44581741094589233,-0.16798429191112518,0.6138017177581787,0.30944424867630005
scaling-tuned-adamw-10seeds-v1,cell-007-8736a677897e,7,C32-d8-L2-H4-m4-ffn16,0,800,800,8,8,32,4,4,4,2,4,16,True,0.003,l0.post_attention_residual,1,0.11974276602268219,0.6262127161026001,-0.03643379360437393,0.6626465320587158,0.22372370958328247
scaling-tuned-adamw-10seeds-v1,cell-007-8736a677897e,7,C32-d8-L2-H4-m4-ffn16,0,800,800,8,8,32,4,4,4,2,4,16,True,0.003,l0.post_ffn_residual,2,0.09309619665145874,0.698858380317688,-0.02071273699402809,0.7195711135864258,0.20931677520275116
scaling-tuned-adamw-10seeds-v1,cell-007-8736a677897e,7,C32-d8-L2-H4-m4-ffn16,0,800,800,8,8,32,4,4,4,2,4,16,True,0.003,l1.post_attention_residual,3,0.13406866788864136,0.759688675403595,0.02797853760421276,0.7317101359367371,0.19469451904296875
scaling-tuned-adamw-10seeds-v1,cell-007-8736a677897e,7,C32-d8-L2-H4-m4-ffn16,0,800,800,8,8,32,4,4,4,2,4,16,True,0.003,l1.post_ffn_residual,4,0.20791813731193542,0.9293513298034668,0.08567319810390472,0.8436781167984009,0.14584052562713623
scaling-tuned-adamw-10seeds-v1,cell-007-8736a677897e,7,C32-d8-L2-H4-m4-ffn16,1,0,800,8,8,32,4,4,4,2,4,16,True,0.003,input_embeddings,0,0.12085403501987457,0.007510151714086533,-0.23307713866233826,0.24058730900287628,0.29905587434768677
scaling-tuned-adamw-10seeds-v1,cell-007-8736a677897e,7,C32-d8-L2-H4-m4-ffn16,1,0,800,8,8,32,4,4,4,2,4,16,True,0.003,l0.post_attention_residual,1,0.23986978828907013,0.2062828540802002,0.036536622792482376,0.16974622011184692,0.31381505727767944
scaling-tuned-adamw-10seeds-v1,cell-007-8736a677897e,7,C32-d8-L2-H4-m4-ffn16,1,0,800,8,8,32,4,4,4,2,4,16,True,0.003,l0.post_ffn_residual,2,0.15584439039230347,0.2455727756023407,0.1440955549478531,0.10147722065448761,0.2745877504348755
scaling-tuned-adamw-10seeds-v1,cell-007-8736a677897e,7,C32-d8-L2-H4-m4-ffn16,1,0,800,8,8,32,4,4,4,2,4,16,True,0.003,l1.post_attention_residual,3,0.2546112537384033,0.2947084605693817,0.20541039109230042,0.0892980694770813,0.27153655886650085
scaling-tuned-adamw-10seeds-v1,cell-007-8736a677897e,7,C32-d8-L2-H4-m4-ffn16,1,0,800,8,8,32,4,4,4,2,4,16,True,0.003,l1.post_ffn_residual,4,0.23772303760051727,0.2680405080318451,0.22759470343589783,0.04044579714536667,0.22738097608089447
scaling-tuned-adamw-10seeds-v1,cell-007-8736a677897e,7,C32-d8-L2-H4-m4-ffn16,1,800,800,8,8,32,4,4,4,2,4,16,True,0.003,input_embeddings,0,0.19156096875667572,0.031208349391818047,-0.28815147280693054,0.31935980916023254,0.302108496427536
scaling-tuned-adamw-10seeds-v1,cell-007-8736a677897e,7,C32-d8-L2-H4-m4-ffn16,1,800,800,8,8,32,4,4,4,2,4,16,True,0.003,l0.post_attention_residual,1,0.506396472454071,0.5402977466583252,0.3533124327659607,0.1869853138923645,0.3074510395526886
scaling-tuned-adamw-10seeds-v1,cell-007-8736a677897e,7,C32-d8-L2-H4-m4-ffn16,1,800,800,8,8,32,4,4,4,2,4,16,True,0.003,l0.post_ffn_residual,2,0.06171736121177673,0.8425067663192749,-0.03807533159852028,0.8805820941925049,0.20419806241989136
scaling-tuned-adamw-10seeds-v1,cell-007-8736a677897e,7,C32-d8-L2-H4-m4-ffn16,1,800,800,8,8,32,4,4,4,2,4,16,True,0.003,l1.post_attention_residual,3,0.07873246818780899,0.8262008428573608,-0.0102072823792696,0.8364081382751465,0.22204050421714783
scaling-tuned-adamw-10seeds-v1,cell-007-8736a677897e,7,C32-d8-L2-H4-m4-ffn16,1,800,800,8,8,32,4,4,4,2,4,16,True,0.003,l1.post_ffn_residual,4,0.17783242464065552,0.9460186958312988,0.08811789751052856,0.857900857925415,0.14632341265678406
scaling-tuned-adamw-10seeds-v1,cell-007-8736a677897e,7,C32-d8-L2-H4-m4-ffn16,2,0,800,8,8,32,4,4,4,2,4,16,True,0.003,input_embeddings,0,0.2076881229877472,0.2685888409614563,-0.05847729369997978,0.3270661532878876,0.287850558757782
scaling-tuned-adamw-10seeds-v1,cell-007-8736a677897e,7,C32-d8-L2-H4-m4-ffn16,2,0,800,8,8,32,4,4,4,2,4,16,True,0.003,l0.post_attention_residual,1,0.28517866134643555,0.32649365067481995,0.05647893622517586,0.2700147032737732,0.3001037836074829
scaling-tuned-adamw-10seeds-v1,cell-007-8736a677897e,7,C32-d8-L2-H4-m4-ffn16,2,0,800,8,8,32,4,4,4,2,4,16,True,0.003,l0.post_ffn_residual,2,0.38563892245292664,0.5727898478507996,0.29165270924568176,0.2811371684074402,0.29597747325897217
scaling-tuned-adamw-10seeds-v1,cell-007-8736a677897e,7,C32-d8-L2-H4-m4-ffn16,2,0,800,8,8,32,4,4,4,2,4,16,True,0.003,l1.post_attention_residual,3,0.6536016464233398,0.753231406211853,0.5906994342803955,0.16253195703029633,0.26849573850631714
scaling-tuned-adamw-10seeds-v1,cell-007-8736a677897e,7,C32-d8-L2-H4-m4-ffn16,2,0,800,8,8,32,4,4,4,2,4,16,True,0.003,l1.post_ffn_residual,4,0.6102313995361328,0.6845096349716187,0.5536537170410156,0.13085588812828064,0.2644994258880615
scaling-tuned-adamw-10seeds-v1,cell-007-8736a677897e,7,C32-d8-L2-H4-m4-ffn16,2,800,800,8,8,32,4,4,4,2,4,16,True,0.003,input_embeddings,0,0.18137569725513458,0.34582430124282837,-0.09026119112968445,0.4360854923725128,0.278481125831604
scaling-tuned-adamw-10seeds-v1,cell-007-8736a677897e,7,C32-d8-L2-H4-m4-ffn16,2,800,800,8,8,32,4,4,4,2,4,16,True,0.003,l0.post_attention_residual,1,0.19729426503181458,0.35961440205574036,-0.046144042164087296,0.40575841069221497,0.27887871861457825
scaling-tuned-adamw-10seeds-v1,cell-007-8736a677897e,7,C32-d8-L2-H4-m4-ffn16,2,800,800,8,8,32,4,4,4,2,4,16,True,0.003,l0.post_ffn_residual,2,0.09442406892776489,0.751904308795929,0.034395843744277954,0.7175084352493286,0.23949716985225677
scaling-tuned-adamw-10seeds-v1,cell-007-8736a677897e,7,C32-d8-L2-H4-m4-ffn16,2,800,800,8,8,32,4,4,4,2,4,16,True,0.003,l1.post_attention_residual,3,0.1556420624256134,0.7456839084625244,0.09911923110485077,0.6465646624565125,0.23200814425945282
scaling-tuned-adamw-10seeds-v1,cell-007-8736a677897e,7,C32-d8-L2-H4-m4-ffn16,2,800,800,8,8,32,4,4,4,2,4,16,True,0.003,l1.post_ffn_residual,4,0.21232160925865173,0.7416839599609375,0.14983481168746948,0.5918490886688232,0.17714639008045197
scaling-tuned-adamw-10seeds-v1,cell-007-8736a677897e,7,C32-d8-L2-H4-m4-ffn16,3,0,800,8,8,32,4,4,4,2,4,16,True,0.003,input_embeddings,0,0.12056823074817657,0.39706945419311523,0.015487671829760075,0.38158178329467773,0.3293367624282837
scaling-tuned-adamw-10seeds-v1,cell-007-8736a677897e,7,C32-d8-L2-H4-m4-ffn16,3,0,800,8,8,32,4,4,4,2,4,16,True,0.003,l0.post_attention_residual,1,0.2955065667629242,0.4073134660720825,0.16423478722572327,0.24307867884635925,0.2898714542388916
scaling-tuned-adamw-10seeds-v1,cell-007-8736a677897e,7,C32-d8-L2-H4-m4-ffn16,3,0,800,8,8,32,4,4,4,2,4,16,True,0.003,l0.post_ffn_residual,2,0.2031172513961792,0.3128867745399475,0.1328558474779129,0.1800309121608734,0.27134090662002563
scaling-tuned-adamw-10seeds-v1,cell-007-8736a677897e,7,C32-d8-L2-H4-m4-ffn16,3,0,800,8,8,32,4,4,4,2,4,16,True,0.003,l1.post_attention_residual,3,0.32782185077667236,0.40671566128730774,0.2708156108856201,0.13590002059936523,0.27233773469924927
scaling-tuned-adamw-10seeds-v1,cell-007-8736a677897e,7,C32-d8-L2-H4-m4-ffn16,3,0,800,8,8,32,4,4,4,2,4,16,True,0.003,l1.post_ffn_residual,4,0.39423054456710815,0.49212849140167236,0.39386439323425293,0.09826411306858063,0.2462652325630188
scaling-tuned-adamw-10seeds-v1,cell-007-8736a677897e,7,C32-d8-L2-H4-m4-ffn16,3,800,800,8,8,32,4,4,4,2,4,16,True,0.003,input_embeddings,0,0.1527862548828125,0.45475560426712036,-0.035399846732616425,0.4901554584503174,0.3189445734024048
scaling-tuned-adamw-10seeds-v1,cell-007-8736a677897e,7,C32-d8-L2-H4-m4-ffn16,3,800,800,8,8,32,4,4,4,2,4,16,True,0.003,l0.post_attention_residual,1,0.09596222639083862,0.4147998094558716,-0.10670918971300125,0.521509051322937,0.3006400465965271
scaling-tuned-adamw-10seeds-v1,cell-007-8736a677897e,7,C32-d8-L2-H4-m4-ffn16,3,800,800,8,8,32,4,4,4,2,4,16,True,0.003,l0.post_ffn_residual,2,0.04298299551010132,0.8151254653930664,-0.06518438458442688,0.8803098201751709,0.21839070320129395
scaling-tuned-adamw-10seeds-v1,cell-007-8736a677897e,7,C32-d8-L2-H4-m4-ffn16,3,800,800,8,8,32,4,4,4,2,4,16,True,0.003,l1.post_attention_residual,3,0.1156841516494751,0.8232659101486206,0.013343477621674538,0.809922456741333,0.19484061002731323
scaling-tuned-adamw-10seeds-v1,cell-007-8736a677897e,7,C32-d8-L2-H4-m4-ffn16,3,800,800,8,8,32,4,4,4,2,4,16,True,0.003,l1.post_ffn_residual,4,0.1682424545288086,0.8399199843406677,0.10084410011768341,0.7390758991241455,0.1715838760137558
scaling-tuned-adamw-10seeds-v1,cell-007-8736a677897e,7,C32-d8-L2-H4-m4-ffn16,4,0,800,8,8,32,4,4,4,2,4,16,True,0.003,input_embeddings,0,0.17400601506233215,0.2075415849685669,-0.14652539789676666,0.35406696796417236,0.2922048270702362
scaling-tuned-adamw-10seeds-v1,cell-007-8736a677897e,7,C32-d8-L2-H4-m4-ffn16,4,0,800,8,8,32,4,4,4,2,4,16,True,0.003,l0.post_attention_residual,1,0.3896864950656891,0.4309889078140259,0.2257806956768036,0.2052081972360611,0.30180203914642334
scaling-tuned-adamw-10seeds-v1,cell-007-8736a677897e,7,C32-d8-L2-H4-m4-ffn16,4,0,800,8,8,32,4,4,4,2,4,16,True,0.003,l0.post_ffn_residual,2,0.44903385639190674,0.42270490527153015,0.25443053245544434,0.168274387717247,0.29261520504951477
scaling-tuned-adamw-10seeds-v1,cell-007-8736a677897e,7,C32-d8-L2-H4-m4-ffn16,4,0,800,8,8,32,4,4,4,2,4,16,True,0.003,l1.post_attention_residual,3,0.6231823563575745,0.5691701173782349,0.4747466742992401,0.09442344307899475,0.257110595703125
scaling-tuned-adamw-10seeds-v1,cell-007-8736a677897e,7,C32-d8-L2-H4-m4-ffn16,4,0,800,8,8,32,4,4,4,2,4,16,True,0.003,l1.post_ffn_residual,4,0.6469936370849609,0.5465717315673828,0.46529826521873474,0.08127342909574509,0.2505447268486023
scaling-tuned-adamw-10seeds-v1,cell-007-8736a677897e,7,C32-d8-L2-H4-m4-ffn16,4,800,800,8,8,32,4,4,4,2,4,16,True,0.003,input_embeddings,0,0.14440205693244934,0.5224543213844299,0.001658386318013072,0.5207959413528442,0.2940909266471863
scaling-tuned-adamw-10seeds-v1,cell-007-8736a677897e,7,C32-d8-L2-H4-m4-ffn16,4,800,800,8,8,32,4,4,4,2,4,16,True,0.003,l0.post_attention_residual,1,0.2360440045595169,0.6708506941795349,0.15210184454917908,0.5187488794326782,0.2367967963218689
scaling-tuned-adamw-10seeds-v1,cell-007-8736a677897e,7,C32-d8-L2-H4-m4-ffn16,4,800,800,8,8,32,4,4,4,2,4,16,True,0.003,l0.post_ffn_residual,2,0.23977138102054596,0.5444239377975464,0.0774431973695755,0.46698081493377686,0.23622247576713562
scaling-tuned-adamw-10seeds-v1,cell-007-8736a677897e,7,C32-d8-L2-H4-m4-ffn16,4,800,800,8,8,32,4,4,4,2,4,16,True,0.003,l1.post_attention_residual,3,0.3128330111503601,0.48707637190818787,0.04630756005644798,0.4407688081264496,0.21220164000988007
scaling-tuned-adamw-10seeds-v1,cell-007-8736a677897e,7,C32-d8-L2-H4-m4-ffn16,4,800,800,8,8,32,4,4,4,2,4,16,True,0.003,l1.post_ffn_residual,4,0.3951856195926666,0.5709351301193237,0.1403460055589676,0.43058913946151733,0.16599398851394653
scaling-tuned-adamw-10seeds-v1,cell-007-8736a677897e,7,C32-d8-L2-H4-m4-ffn16,5,0,800,8,8,32,4,4,4,2,4,16,True,0.003,input_embeddings,0,0.10886634886264801,-0.013935063034296036,-0.19632120430469513,0.18238615989685059,0.32820749282836914
scaling-tuned-adamw-10seeds-v1,cell-007-8736a677897e,7,C32-d8-L2-H4-m4-ffn16,5,0,800,8,8,32,4,4,4,2,4,16,True,0.003,l0.post_attention_residual,1,0.30336993932724,0.15750275552272797,0.01803145557641983,0.13947129249572754,0.3190237283706665
scaling-tuned-adamw-10seeds-v1,cell-007-8736a677897e,7,C32-d8-L2-H4-m4-ffn16,5,0,800,8,8,32,4,4,4,2,4,16,True,0.003,l0.post_ffn_residual,2,0.4879343509674072,0.4239327907562256,0.2744469940662384,0.14948579668998718,0.33205491304397583
scaling-tuned-adamw-10seeds-v1,cell-007-8736a677897e,7,C32-d8-L2-H4-m4-ffn16,5,0,800,8,8,32,4,4,4,2,4,16,True,0.003,l1.post_attention_residual,3,0.565610408782959,0.5330415368080139,0.433180034160614,0.0998615026473999,0.3175300359725952
scaling-tuned-adamw-10seeds-v1,cell-007-8736a677897e,7,C32-d8-L2-H4-m4-ffn16,5,0,800,8,8,32,4,4,4,2,4,16,True,0.003,l1.post_ffn_residual,4,0.4668538570404053,0.31949639320373535,0.18810854852199554,0.1313878297805786,0.30082470178604126
scaling-tuned-adamw-10seeds-v1,cell-007-8736a677897e,7,C32-d8-L2-H4-m4-ffn16,5,800,800,8,8,32,4,4,4,2,4,16,True,0.003,input_embeddings,0,0.12347231805324554,0.006956811062991619,-0.2844357490539551,0.2913925349712372,0.28593188524246216
scaling-tuned-adamw-10seeds-v1,cell-007-8736a677897e,7,C32-d8-L2-H4-m4-ffn16,5,800,800,8,8,32,4,4,4,2,4,16,True,0.003,l0.post_attention_residual,1,0.2392376959323883,0.2963903546333313,0.034311626106500626,0.26207876205444336,0.2320907711982727
scaling-tuned-adamw-10seeds-v1,cell-007-8736a677897e,7,C32-d8-L2-H4-m4-ffn16,5,800,800,8,8,32,4,4,4,2,4,16,True,0.003,l0.post_ffn_residual,2,0.18867623805999756,0.247250035405159,-0.01679840497672558,0.2640484571456909,0.20824605226516724
scaling-tuned-adamw-10seeds-v1,cell-007-8736a677897e,7,C32-d8-L2-H4-m4-ffn16,5,800,800,8,8,32,4,4,4,2,4,16,True,0.003,l1.post_attention_residual,3,0.19271788001060486,0.3404772877693176,0.07738330215215683,0.2630940079689026,0.20022161304950714
scaling-tuned-adamw-10seeds-v1,cell-007-8736a677897e,7,C32-d8-L2-H4-m4-ffn16,5,800,800,8,8,32,4,4,4,2,4,16,True,0.003,l1.post_ffn_residual,4,0.20948338508605957,0.47422394156455994,0.09497672319412231,0.37924718856811523,0.1858523190021515
scaling-tuned-adamw-10seeds-v1,cell-007-8736a677897e,7,C32-d8-L2-H4-m4-ffn16,6,0,800,8,8,32,4,4,4,2,4,16,True,0.003,input_embeddings,0,0.2535543739795685,0.3572026491165161,-0.026383619755506516,0.38358625769615173,0.3161274492740631
scaling-tuned-adamw-10seeds-v1,cell-007-8736a677897e,7,C32-d8-L2-H4-m4-ffn16,6,0,800,8,8,32,4,4,4,2,4,16,True,0.003,l0.post_attention_residual,1,0.4801822602748871,0.5938842296600342,0.33338862657546997,0.2604956030845642,0.30507969856262207
scaling-tuned-adamw-10seeds-v1,cell-007-8736a677897e,7,C32-d8-L2-H4-m4-ffn16,6,0,800,8,8,32,4,4,4,2,4,16,True,0.003,l0.post_ffn_residual,2,0.39123496413230896,0.4996054768562317,0.15846309065818787,0.3411423861980438,0.2853546440601349
scaling-tuned-adamw-10seeds-v1,cell-007-8736a677897e,7,C32-d8-L2-H4-m4-ffn16,6,0,800,8,8,32,4,4,4,2,4,16,True,0.003,l1.post_attention_residual,3,0.3524227738380432,0.49566546082496643,0.14824563264846802,0.3474198579788208,0.2915155291557312
scaling-tuned-adamw-10seeds-v1,cell-007-8736a677897e,7,C32-d8-L2-H4-m4-ffn16,6,0,800,8,8,32,4,4,4,2,4,16,True,0.003,l1.post_ffn_residual,4,0.4316742718219757,0.4942748546600342,0.19335927069187164,0.30091559886932373,0.2700265049934387
scaling-tuned-adamw-10seeds-v1,cell-007-8736a677897e,7,C32-d8-L2-H4-m4-ffn16,6,800,800,8,8,32,4,4,4,2,4,16,True,0.003,input_embeddings,0,0.09604000300168991,0.4963923692703247,-0.07164671272039413,0.568039059638977,0.3035702109336853
scaling-tuned-adamw-10seeds-v1,cell-007-8736a677897e,7,C32-d8-L2-H4-m4-ffn16,6,800,800,8,8,32,4,4,4,2,4,16,True,0.003,l0.post_attention_residual,1,0.18397009372711182,0.5846157073974609,0.0836407020688057,0.5009750127792358,0.25678750872612
scaling-tuned-adamw-10seeds-v1,cell-007-8736a677897e,7,C32-d8-L2-H4-m4-ffn16,6,800,800,8,8,32,4,4,4,2,4,16,True,0.003,l0.post_ffn_residual,2,0.16933660209178925,0.43625468015670776,-0.026129789650440216,0.4623844623565674,0.2774772047996521
scaling-tuned-adamw-10seeds-v1,cell-007-8736a677897e,7,C32-d8-L2-H4-m4-ffn16,6,800,800,8,8,32,4,4,4,2,4,16,True,0.003,l1.post_attention_residual,3,0.18894454836845398,0.4537924528121948,-0.027520280331373215,0.48131269216537476,0.24343451857566833
scaling-tuned-adamw-10seeds-v1,cell-007-8736a677897e,7,C32-d8-L2-H4-m4-ffn16,6,800,800,8,8,32,4,4,4,2,4,16,True,0.003,l1.post_ffn_residual,4,0.24232786893844604,0.5892161130905151,0.08992989361286163,0.4992861747741699,0.17391997575759888
scaling-tuned-adamw-10seeds-v1,cell-007-8736a677897e,7,C32-d8-L2-H4-m4-ffn16,7,0,800,8,8,32,4,4,4,2,4,16,True,0.003,input_embeddings,0,0.16841435432434082,0.3813357949256897,0.012256350368261337,0.36907947063446045,0.3062093257904053
scaling-tuned-adamw-10seeds-v1,cell-007-8736a677897e,7,C32-d8-L2-H4-m4-ffn16,7,0,800,8,8,32,4,4,4,2,4,16,True,0.003,l0.post_attention_residual,1,0.29882755875587463,0.4693426787853241,0.18327844142913818,0.2860642671585083,0.2907547354698181
scaling-tuned-adamw-10seeds-v1,cell-007-8736a677897e,7,C32-d8-L2-H4-m4-ffn16,7,0,800,8,8,32,4,4,4,2,4,16,True,0.003,l0.post_ffn_residual,2,0.4579460024833679,0.6008027195930481,0.37725502252578735,0.22354772686958313,0.2753423750400543
scaling-tuned-adamw-10seeds-v1,cell-007-8736a677897e,7,C32-d8-L2-H4-m4-ffn16,7,0,800,8,8,32,4,4,4,2,4,16,True,0.003,l1.post_attention_residual,3,0.39870941638946533,0.5477542877197266,0.3065279424190521,0.24122630059719086,0.280765563249588
scaling-tuned-adamw-10seeds-v1,cell-007-8736a677897e,7,C32-d8-L2-H4-m4-ffn16,7,0,800,8,8,32,4,4,4,2,4,16,True,0.003,l1.post_ffn_residual,4,0.5050054788589478,0.6781558394432068,0.46066951751708984,0.21748629212379456,0.26715099811553955
scaling-tuned-adamw-10seeds-v1,cell-007-8736a677897e,7,C32-d8-L2-H4-m4-ffn16,7,800,800,8,8,32,4,4,4,2,4,16,True,0.003,input_embeddings,0,0.08619961142539978,0.5619997382164001,0.002087112981826067,0.5599126219749451,0.30255988240242004
scaling-tuned-adamw-10seeds-v1,cell-007-8736a677897e,7,C32-d8-L2-H4-m4-ffn16,7,800,800,8,8,32,4,4,4,2,4,16,True,0.003,l0.post_attention_residual,1,0.19985118508338928,0.6931121349334717,0.09567061066627502,0.597441554069519,0.21682560443878174
scaling-tuned-adamw-10seeds-v1,cell-007-8736a677897e,7,C32-d8-L2-H4-m4-ffn16,7,800,800,8,8,32,4,4,4,2,4,16,True,0.003,l0.post_ffn_residual,2,0.30276477336883545,0.8088463544845581,0.22852922976016998,0.5803171396255493,0.17740604281425476
scaling-tuned-adamw-10seeds-v1,cell-007-8736a677897e,7,C32-d8-L2-H4-m4-ffn16,7,800,800,8,8,32,4,4,4,2,4,16,True,0.003,l1.post_attention_residual,3,0.3066132068634033,0.7917117476463318,0.22180767357349396,0.569904088973999,0.18689197301864624
scaling-tuned-adamw-10seeds-v1,cell-007-8736a677897e,7,C32-d8-L2-H4-m4-ffn16,7,800,800,8,8,32,4,4,4,2,4,16,True,0.003,l1.post_ffn_residual,4,0.34577029943466187,0.9328572154045105,0.28425663709640503,0.6486005783081055,0.14507748186588287
scaling-tuned-adamw-10seeds-v1,cell-007-8736a677897e,7,C32-d8-L2-H4-m4-ffn16,8,0,800,8,8,32,4,4,4,2,4,16,True,0.003,input_embeddings,0,0.14439846575260162,0.26512739062309265,-0.0012284484691917896,0.26635584235191345,0.3126823306083679
scaling-tuned-adamw-10seeds-v1,cell-007-8736a677897e,7,C32-d8-L2-H4-m4-ffn16,8,0,800,8,8,32,4,4,4,2,4,16,True,0.003,l0.post_attention_residual,1,0.3545262813568115,0.4142446219921112,0.2049589455127716,0.2092856764793396,0.30475878715515137
scaling-tuned-adamw-10seeds-v1,cell-007-8736a677897e,7,C32-d8-L2-H4-m4-ffn16,8,0,800,8,8,32,4,4,4,2,4,16,True,0.003,l0.post_ffn_residual,2,0.4531572461128235,0.46804553270339966,0.31205976009368896,0.1559857726097107,0.29755303263664246
scaling-tuned-adamw-10seeds-v1,cell-007-8736a677897e,7,C32-d8-L2-H4-m4-ffn16,8,0,800,8,8,32,4,4,4,2,4,16,True,0.003,l1.post_attention_residual,3,0.4994286894798279,0.512484073638916,0.3729957044124603,0.1394883692264557,0.29727473855018616
scaling-tuned-adamw-10seeds-v1,cell-007-8736a677897e,7,C32-d8-L2-H4-m4-ffn16,8,0,800,8,8,32,4,4,4,2,4,16,True,0.003,l1.post_ffn_residual,4,0.5035417079925537,0.536026656627655,0.40057799220085144,0.13544861972332,0.2790600657463074
scaling-tuned-adamw-10seeds-v1,cell-007-8736a677897e,7,C32-d8-L2-H4-m4-ffn16,8,800,800,8,8,32,4,4,4,2,4,16,True,0.003,input_embeddings,0,0.14122116565704346,0.2776775360107422,-0.14029927551746368,0.41797682642936707,0.3080556392669678
scaling-tuned-adamw-10seeds-v1,cell-007-8736a677897e,7,C32-d8-L2-H4-m4-ffn16,8,800,800,8,8,32,4,4,4,2,4,16,True,0.003,l0.post_attention_residual,1,0.1659136712551117,0.2651909589767456,-0.16500753164291382,0.4301984906196594,0.3029952645301819
scaling-tuned-adamw-10seeds-v1,cell-007-8736a677897e,7,C32-d8-L2-H4-m4-ffn16,8,800,800,8,8,32,4,4,4,2,4,16,True,0.003,l0.post_ffn_residual,2,0.012533518485724926,0.6090596914291382,-0.07525414973497391,0.6843138933181763,0.2604270577430725
scaling-tuned-adamw-10seeds-v1,cell-007-8736a677897e,7,C32-d8-L2-H4-m4-ffn16,8,800,800,8,8,32,4,4,4,2,4,16,True,0.003,l1.post_attention_residual,3,0.08475692570209503,0.7693570852279663,-0.03357337415218353,0.802930474281311,0.21114298701286316
scaling-tuned-adamw-10seeds-v1,cell-007-8736a677897e,7,C32-d8-L2-H4-m4-ffn16,8,800,800,8,8,32,4,4,4,2,4,16,True,0.003,l1.post_ffn_residual,4,0.14972670376300812,0.8325306177139282,0.011735466308891773,0.8207951784133911,0.1533978283405304
scaling-tuned-adamw-10seeds-v1,cell-007-8736a677897e,7,C32-d8-L2-H4-m4-ffn16,9,0,800,8,8,32,4,4,4,2,4,16,True,0.003,input_embeddings,0,0.2489587664604187,0.22317540645599365,-0.009513689205050468,0.23268911242485046,0.3036212921142578
scaling-tuned-adamw-10seeds-v1,cell-007-8736a677897e,7,C32-d8-L2-H4-m4-ffn16,9,0,800,8,8,32,4,4,4,2,4,16,True,0.003,l0.post_attention_residual,1,0.5410872101783752,0.45058122277259827,0.3265411853790283,0.12404003739356995,0.2938165068626404
scaling-tuned-adamw-10seeds-v1,cell-007-8736a677897e,7,C32-d8-L2-H4-m4-ffn16,9,0,800,8,8,32,4,4,4,2,4,16,True,0.003,l0.post_ffn_residual,2,0.49447882175445557,0.3218441307544708,0.21023793518543243,0.1116061806678772,0.24100986123085022
scaling-tuned-adamw-10seeds-v1,cell-007-8736a677897e,7,C32-d8-L2-H4-m4-ffn16,9,0,800,8,8,32,4,4,4,2,4,16,True,0.003,l1.post_attention_residual,3,0.4317918121814728,0.2589200437068939,0.1476120799779892,0.11130796372890472,0.2602590322494507
scaling-tuned-adamw-10seeds-v1,cell-007-8736a677897e,7,C32-d8-L2-H4-m4-ffn16,9,0,800,8,8,32,4,4,4,2,4,16,True,0.003,l1.post_ffn_residual,4,0.545561671257019,0.39658892154693604,0.27803170680999756,0.11855720728635788,0.27503257989883423
scaling-tuned-adamw-10seeds-v1,cell-007-8736a677897e,7,C32-d8-L2-H4-m4-ffn16,9,800,800,8,8,32,4,4,4,2,4,16,True,0.003,input_embeddings,0,0.22026973962783813,0.4171961545944214,0.05236270651221275,0.36483344435691833,0.2769624888896942
scaling-tuned-adamw-10seeds-v1,cell-007-8736a677897e,7,C32-d8-L2-H4-m4-ffn16,9,800,800,8,8,32,4,4,4,2,4,16,True,0.003,l0.post_attention_residual,1,0.3504295349121094,0.46256256103515625,0.15796902775764465,0.3045935332775116,0.2675037384033203
scaling-tuned-adamw-10seeds-v1,cell-007-8736a677897e,7,C32-d8-L2-H4-m4-ffn16,9,800,800,8,8,32,4,4,4,2,4,16,True,0.003,l0.post_ffn_residual,2,0.3047224283218384,0.4737563133239746,0.12075550854206085,0.3530007600784302,0.23716726899147034
scaling-tuned-adamw-10seeds-v1,cell-007-8736a677897e,7,C32-d8-L2-H4-m4-ffn16,9,800,800,8,8,32,4,4,4,2,4,16,True,0.003,l1.post_attention_residual,3,0.2618481516838074,0.45838409662246704,0.13876411318778992,0.3196199834346771,0.226080060005188
scaling-tuned-adamw-10seeds-v1,cell-007-8736a677897e,7,C32-d8-L2-H4-m4-ffn16,9,800,800,8,8,32,4,4,4,2,4,16,True,0.003,l1.post_ffn_residual,4,0.48101523518562317,0.4170114994049072,0.24894998967647552,0.1680614948272705,0.19777172803878784
scaling-tuned-adamw-10seeds-v1,cell-011-23683cb9175a,11,C128-d32-L2-H4-m4-ffnnone,0,0,800,32,32,128,4,4,4,2,4,,False,0.003,input_embeddings,0,0.054644227027893066,0.1049436628818512,-0.13614797592163086,0.24109163880348206,0.09688365459442139
scaling-tuned-adamw-10seeds-v1,cell-011-23683cb9175a,11,C128-d32-L2-H4-m4-ffnnone,0,0,800,32,32,128,4,4,4,2,4,,False,0.003,l0.post_attention_residual,1,0.4541872441768646,0.47194573283195496,0.3557521104812622,0.11619365215301514,0.08725697547197342
scaling-tuned-adamw-10seeds-v1,cell-011-23683cb9175a,11,C128-d32-L2-H4-m4-ffnnone,0,0,800,32,32,128,4,4,4,2,4,,False,0.003,l0.post_ffn_residual,2,0.4541872441768646,0.47194573283195496,0.3557521104812622,0.11619365215301514,0.08725697547197342
scaling-tuned-adamw-10seeds-v1,cell-011-23683cb9175a,11,C128-d32-L2-H4-m4-ffnnone,0,0,800,32,32,128,4,4,4,2,4,,False,0.003,l1.post_attention_residual,3,0.5985656976699829,0.6061779260635376,0.5288047790527344,0.07737310230731964,0.08344707638025284
scaling-tuned-adamw-10seeds-v1,cell-011-23683cb9175a,11,C128-d32-L2-H4-m4-ffnnone,0,0,800,32,32,128,4,4,4,2,4,,False,0.003,l1.post_ffn_residual,4,0.5985656976699829,0.6061779260635376,0.5288047790527344,0.07737310230731964,0.08344707638025284
scaling-tuned-adamw-10seeds-v1,cell-011-23683cb9175a,11,C128-d32-L2-H4-m4-ffnnone,0,800,800,32,32,128,4,4,4,2,4,,False,0.003,input_embeddings,0,0.06122554838657379,0.2952609956264496,-0.1167546957731247,0.4120156764984131,0.09638417512178421
scaling-tuned-adamw-10seeds-v1,cell-011-23683cb9175a,11,C128-d32-L2-H4-m4-ffnnone,0,800,800,32,32,128,4,4,4,2,4,,False,0.003,l0.post_attention_residual,1,0.1866142600774765,0.7946567535400391,0.05589449033141136,0.7387622594833374,0.04868528991937637
scaling-tuned-adamw-10seeds-v1,cell-011-23683cb9175a,11,C128-d32-L2-H4-m4-ffnnone,0,800,800,32,32,128,4,4,4,2,4,,False,0.003,l0.post_ffn_residual,2,0.1866142600774765,0.7946567535400391,0.05589449033141136,0.7387622594833374,0.04868528991937637
scaling-tuned-adamw-10seeds-v1,cell-011-23683cb9175a,11,C128-d32-L2-H4-m4-ffnnone,0,800,800,32,32,128,4,4,4,2,4,,False,0.003,l1.post_attention_residual,3,0.14997036755084991,0.9462730288505554,0.02873981185257435,0.9175332188606262,0.03906409442424774
scaling-tuned-adamw-10seeds-v1,cell-011-23683cb9175a,11,C128-d32-L2-H4-m4-ffnnone,0,800,800,32,32,128,4,4,4,2,4,,False,0.003,l1.post_ffn_residual,4,0.14997036755084991,0.9462730288505554,0.02873981185257435,0.9175332188606262,0.03906409442424774
scaling-tuned-adamw-10seeds-v1,cell-011-23683cb9175a,11,C128-d32-L2-H4-m4-ffnnone,1,0,800,32,32,128,4,4,4,2,4,,False,0.003,input_embeddings,0,0.25560256838798523,0.3124804198741913,0.04156314209103584,0.27091729640960693,0.10156808793544769
scaling-tuned-adamw-10seeds-v1,cell-011-23683cb9175a,11,C128-d32-L2-H4-m4-ffnnone,1,0,800,32,32,128,4,4,4,2,4,,False,0.003,l0.post_attention_residual,1,0.6407946944236755,0.6746056079864502,0.5783337950706482,0.0962718278169632,0.09147995710372925
scaling-tuned-adamw-10seeds-v1,cell-011-23683cb9175a,11,C128-d32-L2-H4-m4-ffnnone,1,0,800,32,32,128,4,4,4,2,4,,False,0.003,l0.post_ffn_residual,2,0.6407946944236755,0.6746056079864502,0.5783337950706482,0.0962718278169632,0.09147995710372925
scaling-tuned-adamw-10seeds-v1,cell-011-23683cb9175a,11,C128-d32-L2-H4-m4-ffnnone,1,0,800,32,32,128,4,4,4,2,4,,False,0.003,l1.post_attention_residual,3,0.7012951374053955,0.7164944410324097,0.6556524038314819,0.06084206700325012,0.07635260373353958
scaling-tuned-adamw-10seeds-v1,cell-011-23683cb9175a,11,C128-d32-L2-H4-m4-ffnnone,1,0,800,32,32,128,4,4,4,2,4,,False,0.003,l1.post_ffn_residual,4,0.7012951374053955,0.7164944410324097,0.6556524038314819,0.06084206700325012,0.07635260373353958
scaling-tuned-adamw-10seeds-v1,cell-011-23683cb9175a,11,C128-d32-L2-H4-m4-ffnnone,1,800,800,32,32,128,4,4,4,2,4,,False,0.003,input_embeddings,0,0.16043588519096375,0.40554773807525635,-0.05336301028728485,0.45891073346138,0.09859877824783325
scaling-tuned-adamw-10seeds-v1,cell-011-23683cb9175a,11,C128-d32-L2-H4-m4-ffnnone,1,800,800,32,32,128,4,4,4,2,4,,False,0.003,l0.post_attention_residual,1,0.20832234621047974,0.9125266671180725,0.09472845494747162,0.8177981972694397,0.0441836342215538
scaling-tuned-adamw-10seeds-v1,cell-011-23683cb9175a,11,C128-d32-L2-H4-m4-ffnnone,1,800,800,32,32,128,4,4,4,2,4,,False,0.003,l0.post_ffn_residual,2,0.20832234621047974,0.9125266671180725,0.09472845494747162,0.8177981972694397,0.0441836342215538
scaling-tuned-adamw-10seeds-v1,cell-011-23683cb9175a,11,C128-d32-L2-H4-m4-ffnnone,1,800,800,32,32,128,4,4,4,2,4,,False,0.003,l1.post_attention_residual,3,0.1084270179271698,0.9892168045043945,0.002696896903216839,0.9865199327468872,0.036645885556936264
scaling-tuned-adamw-10seeds-v1,cell-011-23683cb9175a,11,C128-d32-L2-H4-m4-ffnnone,1,800,800,32,32,128,4,4,4,2,4,,False,0.003,l1.post_ffn_residual,4,0.1084270179271698,0.9892168045043945,0.002696896903216839,0.9865199327468872,0.036645885556936264
scaling-tuned-adamw-10seeds-v1,cell-011-23683cb9175a,11,C128-d32-L2-H4-m4-ffnnone,2,0,800,32,32,128,4,4,4,2,4,,False,0.003,input_embeddings,0,0.22992843389511108,0.2009117752313614,-0.03512592986226082,0.2360377013683319,0.0956946462392807
scaling-tuned-adamw-10seeds-v1,cell-011-23683cb9175a,11,C128-d32-L2-H4-m4-ffnnone,2,0,800,32,32,128,4,4,4,2,4,,False,0.003,l0.post_attention_residual,1,0.4620898365974426,0.32617273926734924,0.23111967742443085,0.0950530618429184,0.08303500711917877
scaling-tuned-adamw-10seeds-v1,cell-011-23683cb9175a,11,C128-d32-L2-H4-m4-ffnnone,2,0,800,32,32,128,4,4,4,2,4,,False,0.003,l0.post_ffn_residual,2,0.4620898365974426,0.32617273926734924,0.23111967742443085,0.0950530618429184,0.08303500711917877
scaling-tuned-adamw-10seeds-v1,cell-011-23683cb9175a,11,C128-d32-L2-H4-m4-ffnnone,2,0,800,32,32,128,4,4,4,2,4,,False,0.003,l1.post_attention_residual,3,0.5883151888847351,0.461731493473053,0.38972949981689453,0.07200194895267487,0.07410315424203873
scaling-tuned-adamw-10seeds-v1,cell-011-23683cb9175a,11,C128-d32-L2-H4-m4-ffnnone,2,0,800,32,32,128,4,4,4,2,4,,False,0.003,l1.post_ffn_residual,4,0.5883151888847351,0.461731493473053,0.38972949981689453,0.07200194895267487,0.07410315424203873
scaling-tuned-adamw-10seeds-v1,cell-011-23683cb9175a,11,C128-d32-L2-H4-m4-ffnnone,2,800,800,32,32,128,4,4,4,2,4,,False,0.003,input_embeddings,0,0.1687685251235962,0.35177338123321533,-0.05622177571058273,0.40799516439437866,0.09413672983646393
scaling-tuned-adamw-10seeds-v1,cell-011-23683cb9175a,11,C128-d32-L2-H4-m4-ffnnone,2,800,800,32,32,128,4,4,4,2,4,,False,0.003,l0.post_attention_residual,1,0.16027741134166718,0.7669856548309326,0.0013998933136463165,0.7655857801437378,0.04629039019346237
scaling-tuned-adamw-10seeds-v1,cell-011-23683cb9175a,11,C128-d32-L2-H4-m4-ffnnone,2,800,800,32,32,128,4,4,4,2,4,,False,0.003,l0.post_ffn_residual,2,0.16027741134166718,0.7669856548309326,0.0013998933136463165,0.7655857801437378,0.04629039019346237
scaling-tuned-adamw-10seeds-v1,cell-011-23683cb9175a,11,C128-d32-L2-H4-m4-ffnnone,2,800,800,32,32,128,4,4,4,2,4,,False,0.003,l1.post_attention_residual,3,0.12690657377243042,0.9435412883758545,0.004059996455907822,0.9394813179969788,0.037459805607795715
scaling-tuned-adamw-10seeds-v1,cell-011-23683cb9175a,11,C128-d32-L2-H4-m4-ffnnone,2,800,800,32,32,128,4,4,4,2,4,,False,0.003,l1.post_ffn_residual,4,0.12690657377243042,0.9435412883758545,0.004059996455907822,0.9394813179969788,0.037459805607795715
scaling-tuned-adamw-10seeds-v1,cell-011-23683cb9175a,11,C128-d32-L2-H4-m4-ffnnone,3,0,800,32,32,128,4,4,4,2,4,,False,0.003,input_embeddings,0,0.23342794179916382,0.26851731538772583,-0.01489807665348053,0.28341537714004517,0.09386973828077316
scaling-tuned-adamw-10seeds-v1,cell-011-23683cb9175a,11,C128-d32-L2-H4-m4-ffnnone,3,0,800,32,32,128,4,4,4,2,4,,False,0.003,l0.post_attention_residual,1,0.6242482662200928,0.6383063197135925,0.5170201063156128,0.12128621339797974,0.08360786736011505
scaling-tuned-adamw-10seeds-v1,cell-011-23683cb9175a,11,C128-d32-L2-H4-m4-ffnnone,3,0,800,32,32,128,4,4,4,2,4,,False,0.003,l0.post_ffn_residual,2,0.6242482662200928,0.6383063197135925,0.5170201063156128,0.12128621339797974,0.08360786736011505
scaling-tuned-adamw-10seeds-v1,cell-011-23683cb9175a,11,C128-d32-L2-H4-m4-ffnnone,3,0,800,32,32,128,4,4,4,2,4,,False,0.003,l1.post_attention_residual,3,0.7416005730628967,0.756935179233551,0.6872425079345703,0.06969264894723892,0.07900792360305786
scaling-tuned-adamw-10seeds-v1,cell-011-23683cb9175a,11,C128-d32-L2-H4-m4-ffnnone,3,0,800,32,32,128,4,4,4,2,4,,False,0.003,l1.post_ffn_residual,4,0.7416005730628967,0.756935179233551,0.6872425079345703,0.06969264894723892,0.07900792360305786
scaling-tuned-adamw-10seeds-v1,cell-011-23683cb9175a,11,C128-d32-L2-H4-m4-ffnnone,3,800,800,32,32,128,4,4,4,2,4,,False,0.003,input_embeddings,0,0.142957404255867,0.4129861891269684,-0.07605351507663727,0.48903971910476685,0.09225239604711533
scaling-tuned-adamw-10seeds-v1,cell-011-23683cb9175a,11,C128-d32-L2-H4-m4-ffnnone,3,800,800,32,32,128,4,4,4,2,4,,False,0.003,l0.post_attention_residual,1,0.1779075264930725,0.9028171300888062,0.09007680416107178,0.8127403259277344,0.04467364400625229
scaling-tuned-adamw-10seeds-v1,cell-011-23683cb9175a,11,C128-d32-L2-H4-m4-ffnnone,3,800,800,32,32,128,4,4,4,2,4,,False,0.003,l0.post_ffn_residual,2,0.1779075264930725,0.9028171300888062,0.09007680416107178,0.8127403259277344,0.04467364400625229
scaling-tuned-adamw-10seeds-v1,cell-011-23683cb9175a,11,C128-d32-L2-H4-m4-ffnnone,3,800,800,32,32,128,4,4,4,2,4,,False,0.003,l1.post_attention_residual,3,0.1401720643043518,0.983096718788147,0.07207094877958298,0.9110257625579834,0.0393342524766922
scaling-tuned-adamw-10seeds-v1,cell-011-23683cb9175a,11,C128-d32-L2-H4-m4-ffnnone,3,800,800,32,32,128,4,4,4,2,4,,False,0.003,l1.post_ffn_residual,4,0.1401720643043518,0.983096718788147,0.07207094877958298,0.9110257625579834,0.0393342524766922
scaling-tuned-adamw-10seeds-v1,cell-011-23683cb9175a,11,C128-d32-L2-H4-m4-ffnnone,4,0,800,32,32,128,4,4,4,2,4,,False,0.003,input_embeddings,0,0.2206195592880249,0.35514557361602783,0.09820130467414856,0.2569442391395569,0.09404686093330383
scaling-tuned-adamw-10seeds-v1,cell-011-23683cb9175a,11,C128-d32-L2-H4-m4-ffnnone,4,0,800,32,32,128,4,4,4,2,4,,False,0.003,l0.post_attention_residual,1,0.49806228280067444,0.593496561050415,0.423309862613678,0.17018675804138184,0.08771499991416931
scaling-tuned-adamw-10seeds-v1,cell-011-23683cb9175a,11,C128-d32-L2-H4-m4-ffnnone,4,0,800,32,32,128,4,4,4,2,4,,False,0.003,l0.post_ffn_residual,2,0.49806228280067444,0.593496561050415,0.423309862613678,0.17018675804138184,0.08771499991416931
scaling-tuned-adamw-10seeds-v1,cell-011-23683cb9175a,11,C128-d32-L2-H4-m4-ffnnone,4,0,800,32,32,128,4,4,4,2,4,,False,0.003,l1.post_attention_residual,3,0.7415509223937988,0.7805251479148865,0.6993038654327393,0.08122134953737259,0.08597178757190704
scaling-tuned-adamw-10seeds-v1,cell-011-23683cb9175a,11,C128-d32-L2-H4-m4-ffnnone,4,0,800,32,32,128,4,4,4,2,4,,False,0.003,l1.post_ffn_residual,4,0.7415509223937988,0.7805251479148865,0.6993038654327393,0.08122134953737259,0.08597178757190704
scaling-tuned-adamw-10seeds-v1,cell-011-23683cb9175a,11,C128-d32-L2-H4-m4-ffnnone,4,800,800,32,32,128,4,4,4,2,4,,False,0.003,input_embeddings,0,0.13202814757823944,0.4699317514896393,0.02395555190742016,0.445976197719574,0.0902833417057991
scaling-tuned-adamw-10seeds-v1,cell-011-23683cb9175a,11,C128-d32-L2-H4-m4-ffnnone,4,800,800,32,32,128,4,4,4,2,4,,False,0.003,l0.post_attention_residual,1,0.16563035547733307,0.8809259533882141,0.09538444876670837,0.7855414152145386,0.04438507556915283
scaling-tuned-adamw-10seeds-v1,cell-011-23683cb9175a,11,C128-d32-L2-H4-m4-ffnnone,4,800,800,32,32,128,4,4,4,2,4,,False,0.003,l0.post_ffn_residual,2,0.16563035547733307,0.8809259533882141,0.09538444876670837,0.7855414152145386,0.04438507556915283
scaling-tuned-adamw-10seeds-v1,cell-011-23683cb9175a,11,C128-d32-L2-H4-m4-ffnnone,4,800,800,32,32,128,4,4,4,2,4,,False,0.003,l1.post_attention_residual,3,0.12402722239494324,0.9830834865570068,0.03475748747587204,0.9483259916305542,0.03842804953455925
scaling-tuned-adamw-10seeds-v1,cell-011-23683cb9175a,11,C128-d32-L2-H4-m4-ffnnone,4,800,800,32,32,128,4,4,4,2,4,,False,0.003,l1.post_ffn_residual,4,0.12402722239494324,0.9830834865570068,0.03475748747587204,0.9483259916305542,0.03842804953455925
scaling-tuned-adamw-10seeds-v1,cell-011-23683cb9175a,11,C128-d32-L2-H4-m4-ffnnone,5,0,800,32,32,128,4,4,4,2,4,,False,0.003,input_embeddings,0,0.2513566315174103,0.3216191828250885,0.06355602294206619,0.2580631375312805,0.09785386919975281
scaling-tuned-adamw-10seeds-v1,cell-011-23683cb9175a,11,C128-d32-L2-H4-m4-ffnnone,5,0,800,32,32,128,4,4,4,2,4,,False,0.003,l0.post_attention_residual,1,0.5902031660079956,0.646034836769104,0.5267266035079956,0.11930832266807556,0.08481891453266144
scaling-tuned-adamw-10seeds-v1,cell-011-23683cb9175a,11,C128-d32-L2-H4-m4-ffnnone,5,0,800,32,32,128,4,4,4,2,4,,False,0.003,l0.post_ffn_residual,2,0.5902031660079956,0.646034836769104,0.5267266035079956,0.11930832266807556,0.08481891453266144
scaling-tuned-adamw-10seeds-v1,cell-011-23683cb9175a,11,C128-d32-L2-H4-m4-ffnnone,5,0,800,32,32,128,4,4,4,2,4,,False,0.003,l1.post_attention_residual,3,0.7513454556465149,0.7962863445281982,0.7233670949935913,0.07291921973228455,0.07861887663602829
scaling-tuned-adamw-10seeds-v1,cell-011-23683cb9175a,11,C128-d32-L2-H4-m4-ffnnone,5,0,800,32,32,128,4,4,4,2,4,,False,0.003,l1.post_ffn_residual,4,0.7513454556465149,0.7962863445281982,0.7233670949935913,0.07291921973228455,0.07861887663602829
scaling-tuned-adamw-10seeds-v1,cell-011-23683cb9175a,11,C128-d32-L2-H4-m4-ffnnone,5,800,800,32,32,128,4,4,4,2,4,,False,0.003,input_embeddings,0,0.17633318901062012,0.41267335414886475,-0.06003057211637497,0.4727039337158203,0.09278471767902374
scaling-tuned-adamw-10seeds-v1,cell-011-23683cb9175a,11,C128-d32-L2-H4-m4-ffnnone,5,800,800,32,32,128,4,4,4,2,4,,False,0.003,l0.post_attention_residual,1,0.37929171323776245,0.8927561044692993,0.3381681442260742,0.5545880198478699,0.04588047042489052
scaling-tuned-adamw-10seeds-v1,cell-011-23683cb9175a,11,C128-d32-L2-H4-m4-ffnnone,5,800,800,32,32,128,4,4,4,2,4,,False,0.003,l0.post_ffn_residual,2,0.37929171323776245,0.8927561044692993,0.3381681442260742,0.5545880198478699,0.04588047042489052
scaling-tuned-adamw-10seeds-v1,cell-011-23683cb9175a,11,C128-d32-L2-H4-m4-ffnnone,5,800,800,32,32,128,4,4,4,2,4,,False,0.003,l1.post_attention_residual,3,0.29603415727615356,0.9649280905723572,0.2321009337902069,0.7328271865844727,0.040337227284908295
scaling-tuned-adamw-10seeds-v1,cell-011-23683cb9175a,11,C128-d32-L2-H4-m4-ffnnone,5,800,800,32,32,128,4,4,4,2,4,,False,0.003,l1.post_ffn_residual,4,0.29603415727615356,0.9649280905723572,0.2321009337902069,0.7328271865844727,0.040337227284908295
scaling-tuned-adamw-10seeds-v1,cell-011-23683cb9175a,11,C128-d32-L2-H4-m4-ffnnone,6,0,800,32,32,128,4,4,4,2,4,,False,0.003,input_embeddings,0,0.20259889960289001,0.39546340703964233,0.10842461884021759,0.28703877329826355,0.09229040890932083
scaling-tuned-adamw-10seeds-v1,cell-011-23683cb9175a,11,C128-d32-L2-H4-m4-ffnnone,6,0,800,32,32,128,4,4,4,2,4,,False,0.003,l0.post_attention_residual,1,0.5573916435241699,0.6468047499656677,0.5214773416519165,0.1253274381160736,0.07904905080795288
scaling-tuned-adamw-10seeds-v1,cell-011-23683cb9175a,11,C128-d32-L2-H4-m4-ffnnone,6,0,800,32,32,128,4,4,4,2,4,,False,0.003,l0.post_ffn_residual,2,0.5573916435241699,0.6468047499656677,0.5214773416519165,0.1253274381160736,0.07904905080795288
scaling-tuned-adamw-10seeds-v1,cell-011-23683cb9175a,11,C128-d32-L2-H4-m4-ffnnone,6,0,800,32,32,128,4,4,4,2,4,,False,0.003,l1.post_attention_residual,3,0.6367924213409424,0.6975390911102295,0.6154918670654297,0.08204720169305801,0.0776316374540329
scaling-tuned-adamw-10seeds-v1,cell-011-23683cb9175a,11,C128-d32-L2-H4-m4-ffnnone,6,0,800,32,32,128,4,4,4,2,4,,False,0.003,l1.post_ffn_residual,4,0.6367924213409424,0.6975390911102295,0.6154918670654297,0.08204720169305801,0.0776316374540329
scaling-tuned-adamw-10seeds-v1,cell-011-23683cb9175a,11,C128-d32-L2-H4-m4-ffnnone,6,800,800,32,32,128,4,4,4,2,4,,False,0.003,input_embeddings,0,0.12374452501535416,0.5090295076370239,0.007249697111546993,0.5017797946929932,0.09206253290176392
scaling-tuned-adamw-10seeds-v1,cell-011-23683cb9175a,11,C128-d32-L2-H4-m4-ffnnone,6,800,800,32,32,128,4,4,4,2,4,,False,0.003,l0.post_attention_residual,1,0.12997251749038696,0.9431666135787964,0.07571485638618469,0.8674517869949341,0.04146352410316467
scaling-tuned-adamw-10seeds-v1,cell-011-23683cb9175a,11,C128-d32-L2-H4-m4-ffnnone,6,800,800,32,32,128,4,4,4,2,4,,False,0.003,l0.post_ffn_residual,2,0.12997251749038696,0.9431666135787964,0.07571485638618469,0.8674517869949341,0.04146352410316467
scaling-tuned-adamw-10seeds-v1,cell-011-23683cb9175a,11,C128-d32-L2-H4-m4-ffnnone,6,800,800,32,32,128,4,4,4,2,4,,False,0.003,l1.post_attention_residual,3,0.09271060675382614,0.9904361367225647,0.01801152341067791,0.9724246263504028,0.036783311516046524
scaling-tuned-adamw-10seeds-v1,cell-011-23683cb9175a,11,C128-d32-L2-H4-m4-ffnnone,6,800,800,32,32,128,4,4,4,2,4,,False,0.003,l1.post_ffn_residual,4,0.09271060675382614,0.9904361367225647,0.01801152341067791,0.9724246263504028,0.036783311516046524
scaling-tuned-adamw-10seeds-v1,cell-011-23683cb9175a,11,C128-d32-L2-H4-m4-ffnnone,7,0,800,32,32,128,4,4,4,2,4,,False,0.003,input_embeddings,0,0.15170246362686157,0.18855607509613037,-0.08289209008216858,0.27144816517829895,0.08951273560523987
scaling-tuned-adamw-10seeds-v1,cell-011-23683cb9175a,11,C128-d32-L2-H4-m4-ffnnone,7,0,800,32,32,128,4,4,4,2,4,,False,0.003,l0.post_attention_residual,1,0.5506463050842285,0.5935728549957275,0.46405524015426636,0.12951762974262238,0.07952679693698883
scaling-tuned-adamw-10seeds-v1,cell-011-23683cb9175a,11,C128-d32-L2-H4-m4-ffnnone,7,0,800,32,32,128,4,4,4,2,4,,False,0.003,l0.post_ffn_residual,2,0.5506463050842285,0.5935728549957275,0.46405524015426636,0.12951762974262238,0.07952679693698883
scaling-tuned-adamw-10seeds-v1,cell-011-23683cb9175a,11,C128-d32-L2-H4-m4-ffnnone,7,0,800,32,32,128,4,4,4,2,4,,False,0.003,l1.post_attention_residual,3,0.7657795548439026,0.7821226716041565,0.7240333557128906,0.05808936059474945,0.08167218416929245
scaling-tuned-adamw-10seeds-v1,cell-011-23683cb9175a,11,C128-d32-L2-H4-m4-ffnnone,7,0,800,32,32,128,4,4,4,2,4,,False,0.003,l1.post_ffn_residual,4,0.7657795548439026,0.7821226716041565,0.7240333557128906,0.05808936059474945,0.08167218416929245
scaling-tuned-adamw-10seeds-v1,cell-011-23683cb9175a,11,C128-d32-L2-H4-m4-ffnnone,7,800,800,32,32,128,4,4,4,2,4,,False,0.003,input_embeddings,0,0.11433526873588562,0.32743844389915466,-0.11517578363418579,0.44261422753334045,0.09228433668613434
scaling-tuned-adamw-10seeds-v1,cell-011-23683cb9175a,11,C128-d32-L2-H4-m4-ffnnone,7,800,800,32,32,128,4,4,4,2,4,,False,0.003,l0.post_attention_residual,1,0.22429615259170532,0.9075453281402588,0.15452519059181213,0.7530201077461243,0.044668812304735184
scaling-tuned-adamw-10seeds-v1,cell-011-23683cb9175a,11,C128-d32-L2-H4-m4-ffnnone,7,800,800,32,32,128,4,4,4,2,4,,False,0.003,l0.post_ffn_residual,2,0.22429615259170532,0.9075453281402588,0.15452519059181213,0.7530201077461243,0.044668812304735184
scaling-tuned-adamw-10seeds-v1,cell-011-23683cb9175a,11,C128-d32-L2-H4-m4-ffnnone,7,800,800,32,32,128,4,4,4,2,4,,False,0.003,l1.post_attention_residual,3,0.1283678561449051,0.9894542694091797,0.045862771570682526,0.9435915350914001,0.03685924410820007
scaling-tuned-adamw-10seeds-v1,cell-011-23683cb9175a,11,C128-d32-L2-H4-m4-ffnnone,7,800,800,32,32,128,4,4,4,2,4,,False,0.003,l1.post_ffn_residual,4,0.1283678561449051,0.9894542694091797,0.045862771570682526,0.9435915350914001,0.03685924410820007
scaling-tuned-adamw-10seeds-v1,cell-011-23683cb9175a,11,C128-d32-L2-H4-m4-ffnnone,8,0,800,32,32,128,4,4,4,2,4,,False,0.003,input_embeddings,0,0.16021937131881714,0.23865853250026703,-0.05372487008571625,0.2923834025859833,0.10045629739761353
scaling-tuned-adamw-10seeds-v1,cell-011-23683cb9175a,11,C128-d32-L2-H4-m4-ffnnone,8,0,800,32,32,128,4,4,4,2,4,,False,0.003,l0.post_attention_residual,1,0.49275484681129456,0.49332547187805176,0.3647514879703522,0.1285739541053772,0.08962526172399521
scaling-tuned-adamw-10seeds-v1,cell-011-23683cb9175a,11,C128-d32-L2-H4-m4-ffnnone,8,0,800,32,32,128,4,4,4,2,4,,False,0.003,l0.post_ffn_residual,2,0.49275484681129456,0.49332547187805176,0.3647514879703522,0.1285739541053772,0.08962526172399521
scaling-tuned-adamw-10seeds-v1,cell-011-23683cb9175a,11,C128-d32-L2-H4-m4-ffnnone,8,0,800,32,32,128,4,4,4,2,4,,False,0.003,l1.post_attention_residual,3,0.6272329092025757,0.625494122505188,0.5429482460021973,0.08254589140415192,0.08189520239830017
scaling-tuned-adamw-10seeds-v1,cell-011-23683cb9175a,11,C128-d32-L2-H4-m4-ffnnone,8,0,800,32,32,128,4,4,4,2,4,,False,0.003,l1.post_ffn_residual,4,0.6272329092025757,0.625494122505188,0.5429482460021973,0.08254589140415192,0.08189520239830017
scaling-tuned-adamw-10seeds-v1,cell-011-23683cb9175a,11,C128-d32-L2-H4-m4-ffnnone,8,800,800,32,32,128,4,4,4,2,4,,False,0.003,input_embeddings,0,0.1084805279970169,0.18391135334968567,-0.09769927710294724,0.2816106379032135,0.09908270835876465
scaling-tuned-adamw-10seeds-v1,cell-011-23683cb9175a,11,C128-d32-L2-H4-m4-ffnnone,8,800,800,32,32,128,4,4,4,2,4,,False,0.003,l0.post_attention_residual,1,0.10576405376195908,0.5955589413642883,-0.0314224436879158,0.6269813776016235,0.0816527009010315
scaling-tuned-adamw-10seeds-v1,cell-011-23683cb9175a,11,C128-d32-L2-H4-m4-ffnnone,8,800,800,32,32,128,4,4,4,2,4,,False,0.003,l0.post_ffn_residual,2,0.10576405376195908,0.5955589413642883,-0.0314224436879158,0.6269813776016235,0.0816527009010315
scaling-tuned-adamw-10seeds-v1,cell-011-23683cb9175a,11,C128-d32-L2-H4-m4-ffnnone,8,800,800,32,32,128,4,4,4,2,4,,False,0.003,l1.post_attention_residual,3,0.13855865597724915,0.9570996761322021,0.04503394663333893,0.9120657444000244,0.04179735109210014
scaling-tuned-adamw-10seeds-v1,cell-011-23683cb9175a,11,C128-d32-L2-H4-m4-ffnnone,8,800,800,32,32,128,4,4,4,2,4,,False,0.003,l1.post_ffn_residual,4,0.13855865597724915,0.9570996761322021,0.04503394663333893,0.9120657444000244,0.04179735109210014
scaling-tuned-adamw-10seeds-v1,cell-011-23683cb9175a,11,C128-d32-L2-H4-m4-ffnnone,9,0,800,32,32,128,4,4,4,2,4,,False,0.003,input_embeddings,0,0.18429294228553772,0.3185765743255615,0.06497249752283096,0.25360411405563354,0.0908023864030838
scaling-tuned-adamw-10seeds-v1,cell-011-23683cb9175a,11,C128-d32-L2-H4-m4-ffnnone,9,0,800,32,32,128,4,4,4,2,4,,False,0.003,l0.post_attention_residual,1,0.35967910289764404,0.4619671106338501,0.3144794702529907,0.147487610578537,0.08639942109584808
scaling-tuned-adamw-10seeds-v1,cell-011-23683cb9175a,11,C128-d32-L2-H4-m4-ffnnone,9,0,800,32,32,128,4,4,4,2,4,,False,0.003,l0.post_ffn_residual,2,0.35967910289764404,0.4619671106338501,0.3144794702529907,0.147487610578537,0.08639942109584808
scaling-tuned-adamw-10seeds-v1,cell-011-23683cb9175a,11,C128-d32-L2-H4-m4-ffnnone,9,0,800,32,32,128,4,4,4,2,4,,False,0.003,l1.post_attention_residual,3,0.5174466967582703,0.5983617901802063,0.4931347966194153,0.10522697865962982,0.078597791492939
scaling-tuned-adamw-10seeds-v1,cell-011-23683cb9175a,11,C128-d32-L2-H4-m4-ffnnone,9,0,800,32,32,128,4,4,4,2,4,,False,0.003,l1.post_ffn_residual,4,0.5174466967582703,0.5983617901802063,0.4931347966194153,0.10522697865962982,0.078597791492939
scaling-tuned-adamw-10seeds-v1,cell-011-23683cb9175a,11,C128-d32-L2-H4-m4-ffnnone,9,800,800,32,32,128,4,4,4,2,4,,False,0.003,input_embeddings,0,0.15348204970359802,0.48950642347335815,0.048986371606588364,0.4405200481414795,0.0916389524936676
scaling-tuned-adamw-10seeds-v1,cell-011-23683cb9175a,11,C128-d32-L2-H4-m4-ffnnone,9,800,800,32,32,128,4,4,4,2,4,,False,0.003,l0.post_attention_residual,1,0.18681631982326508,0.8710960149765015,0.1316448301076889,0.7394511699676514,0.04817311838269234
scaling-tuned-adamw-10seeds-v1,cell-011-23683cb9175a,11,C128-d32-L2-H4-m4-ffnnone,9,800,800,32,32,128,4,4,4,2,4,,False,0.003,l0.post_ffn_residual,2,0.18681631982326508,0.8710960149765015,0.1316448301076889,0.7394511699676514,0.04817311838269234
scaling-tuned-adamw-10seeds-v1,cell-011-23683cb9175a,11,C128-d32-L2-H4-m4-ffnnone,9,800,800,32,32,128,4,4,4,2,4,,False,0.003,l1.post_attention_residual,3,0.17235729098320007,0.9875552654266357,0.08475464582443237,0.9028005599975586,0.0414724126458168
scaling-tuned-adamw-10seeds-v1,cell-011-23683cb9175a,11,C128-d32-L2-H4-m4-ffnnone,9,800,800,32,32,128,4,4,4,2,4,,False,0.003,l1.post_ffn_residual,4,0.17235729098320007,0.9875552654266357,0.08475464582443237,0.9028005599975586,0.0414724126458168
