study_id,cell_id,cell_index,cell_key,seed,step,configured_steps,d_model,width,num_concepts,load,num_heads,heads,num_layers,memory_size,ffn_width,ffn,learning_rate,full_causal_gate_pass,function_base_mse,function_base_accuracy,donor_mse,donor_accuracy,value_flip_effect,natural_swap_mse,natural_swap_mae,walsh_distractor_direct_energy,walsh_interaction_energy,walsh_distractor_only_interaction_energy,walsh_target_interaction_energy,walsh_bias_energy,walsh_total_error_energy,attention_key_selectivity,attention_margin,embedding_effective_rank,normalized_rank,embedding_coherence,input_global_cosine,input_target_selectivity,output_global_cosine,output_target_selectivity
scaling-tuned-adamw-10seeds-v1,cell-003-3e79f448723e,3,C32-d8-L2-H4-m4-ffnnone,0,0,800,8,8,32,4,4,4,2,4,,False,0.003,False,1.2777155637741089,0.51953125,1.284536600112915,0.515625,-0.015351646579802036,0.016587072983384132,0.08984878659248352,0.008894378319382668,0.002148384926840663,0.0010710471542552114,0.0010773377725854516,0.25689879059791565,1.2952256202697754,-0.0019301194697618484,-0.08769687707535923,6.28398323059082,0.7854979038238525,0.8221750855445862,0.11967858672142029,0.4285612106323242,0.73926842212677,0.10780290514230728
scaling-tuned-adamw-10seeds-v1,cell-003-3e79f448723e,3,C32-d8-L2-H4-m4-ffnnone,0,800,800,8,8,32,4,4,4,2,4,,False,0.003,False,0.01170125138014555,0.99609375,0.011622748337686062,0.99609375,0.9882257580757141,0.016156721860170364,0.04345325380563736,0.0026175067760050297,0.0036959860008209944,0.0009565255022607744,0.0027394602075219154,0.001380463712848723,0.00943329930305481,0.1667349487543106,1.3175264801830053,3.7892069816589355,0.47365087270736694,0.9366365671157837,0.04554376006126404,0.6539044380187988,0.09039779007434845,0.9621491432189941
scaling-tuned-adamw-10seeds-v1,cell-003-3e79f448723e,3,C32-d8-L2-H4-m4-ffnnone,1,0,800,8,8,32,4,4,4,2,4,,False,0.003,False,1.0801968574523926,0.59375,1.1238083839416504,0.5625,0.10961183160543442,0.03226219117641449,0.1323181390762329,0.05152752995491028,0.06045199930667877,0.025769464671611786,0.034682534635066986,0.19502723217010498,1.1141912937164307,-0.007420243229717016,-0.339097511023283,6.071922779083252,0.7589903473854065,0.8577523827552795,0.14807823300361633,0.22414624691009521,0.38606539368629456,0.16250067949295044
scaling-tuned-adamw-10seeds-v1,cell-003-3e79f448723e,3,C32-d8-L2-H4-m4-ffnnone,1,800,800,8,8,32,4,4,4,2,4,,False,0.003,False,0.037413399666547775,0.9921875,0.030291780829429626,0.9921875,0.9734789133071899,0.009163804352283478,0.042750030755996704,0.008498440496623516,0.009905973449349403,0.0020214528776705265,0.007884519174695015,0.0039795320481061935,0.027430716902017593,0.19625253975391388,1.2584061957895756,3.654447317123413,0.45680591464042664,0.9368257522583008,0.1319447159767151,0.44130027294158936,0.12758567929267883,0.855776309967041
scaling-tuned-adamw-10seeds-v1,cell-003-3e79f448723e,3,C32-d8-L2-H4-m4-ffnnone,2,0,800,8,8,32,4,4,4,2,4,,False,0.003,False,1.7307395935058594,0.59375,1.8158689737319946,0.59765625,0.1260249763727188,0.05022298917174339,0.16737738251686096,0.09338412433862686,0.01280994527041912,0.005777894519269466,0.007032050751149654,1.041986346244812,1.9083666801452637,-0.00636780122295022,-0.31591271655634046,6.277624130249023,0.7847030162811279,0.9023774862289429,0.18232610821723938,0.26140016317367554,0.44468897581100464,0.17261704802513123
scaling-tuned-adamw-10seeds-v1,cell-003-3e79f448723e,3,C32-d8-L2-H4-m4-ffnnone,2,800,800,8,8,32,4,4,4,2,4,,False,0.003,False,0.021581439301371574,0.9921875,0.014543564058840275,0.99609375,0.9786614775657654,0.02482328750193119,0.05211564898490906,0.006395692937076092,0.007617052178829908,0.0014540161937475204,0.006163035519421101,0.004055541008710861,0.022123970091342926,0.17358927428722382,1.032714731991291,4.00096321105957,0.5001204013824463,0.9380916357040405,0.09227867424488068,0.5121604204177856,0.12149583548307419,0.8563530445098877
scaling-tuned-adamw-10seeds-v1,cell-003-3e79f448723e,3,C32-d8-L2-H4-m4-ffnnone,3,0,800,8,8,32,4,4,4,2,4,,False,0.003,False,1.4688889980316162,0.5546875,1.4769630432128906,0.51953125,-0.01579567790031433,0.05348481982946396,0.17993678152561188,0.028572343289852142,0.0025399276055395603,0.0011262543266639113,0.0014136733952909708,0.6166784763336182,1.6841943264007568,-0.011361497454345226,-0.15867798123508692,6.492772102355957,0.8115965127944946,0.849426805973053,0.3723684847354889,0.2164093554019928,0.43428143858909607,0.16770976781845093
scaling-tuned-adamw-10seeds-v1,cell-003-3e79f448723e,3,C32-d8-L2-H4-m4-ffnnone,3,800,800,8,8,32,4,4,4,2,4,,False,0.003,False,0.02274119295179844,0.99609375,0.04351005703210831,0.984375,0.9751183986663818,0.019181985408067703,0.061216313391923904,0.009361440315842628,0.00904370192438364,0.0017468668520450592,0.007296835072338581,0.004904584959149361,0.030780579894781113,0.1938323974609375,1.2549714678898454,4.10552978515625,0.5131912231445312,0.9842413663864136,0.15784215927124023,0.44457271695137024,0.16927486658096313,0.7583593130111694
scaling-tuned-adamw-10seeds-v1,cell-003-3e79f448723e,3,C32-d8-L2-H4-m4-ffnnone,4,0,800,8,8,32,4,4,4,2,4,,False,0.003,False,1.787541151046753,0.421875,1.7830016613006592,0.4140625,-0.004418213851749897,0.023026365786790848,0.11739924550056458,0.005165422800928354,0.000664593419060111,0.0003625318640843034,0.0003020615258719772,0.5393701791763306,1.5504977703094482,-0.01602812111377716,-0.25262826087418944,6.145717620849609,0.7682147026062012,0.9280888438224792,0.1851431131362915,0.3444807231426239,0.3327542245388031,0.2871813178062439
scaling-tuned-adamw-10seeds-v1,cell-003-3e79f448723e,3,C32-d8-L2-H4-m4-ffnnone,4,800,800,8,8,32,4,4,4,2,4,,False,0.003,False,0.02545161359012127,0.9921875,0.0031858317088335752,1.0,0.9936122298240662,0.019889328628778458,0.03780455142259598,0.0033027566969394684,0.004457646980881691,0.0012849741615355015,0.003172672353684902,0.0008265301585197449,0.010145969688892365,0.21335911750793457,1.0214155465364456,4.2578229904174805,0.5322278738021851,0.9533073902130127,0.04989176616072655,0.5346313714981079,0.15646147727966309,0.8406222462654114
scaling-tuned-adamw-10seeds-v1,cell-003-3e79f448723e,3,C32-d8-L2-H4-m4-ffnnone,5,0,800,8,8,32,4,4,4,2,4,,False,0.003,False,1.872467041015625,0.44921875,1.801506757736206,0.4375,-0.10435937345027924,0.19192156195640564,0.2830814719200134,0.09951690584421158,0.011085433885455132,0.005478233098983765,0.00560720032081008,0.47281593084335327,1.80842924118042,-0.010665901005268097,-0.22697947663255036,6.432411193847656,0.804051399230957,0.9368487596511841,0.11715210974216461,0.34410858154296875,0.40767645835876465,0.23120169341564178
scaling-tuned-adamw-10seeds-v1,cell-003-3e79f448723e,3,C32-d8-L2-H4-m4-ffnnone,5,800,800,8,8,32,4,4,4,2,4,,False,0.003,False,0.06639520078897476,0.9765625,0.05089878290891647,0.98828125,0.9601536989212036,0.05562232807278633,0.09007972478866577,0.01200075913220644,0.013952905312180519,0.0029270676895976067,0.011025837622582912,0.006403852254152298,0.039882075041532516,0.16763727366924286,0.8951094774529338,4.76654052734375,0.5958175659179688,0.9291408061981201,0.10210884362459183,0.5372077226638794,0.14835110306739807,0.7496116161346436
scaling-tuned-adamw-10seeds-v1,cell-003-3e79f448723e,3,C32-d8-L2-H4-m4-ffnnone,6,0,800,8,8,32,4,4,4,2,4,,False,0.003,False,1.3474771976470947,0.546875,1.3701244592666626,0.5078125,0.026444878429174423,0.048728495836257935,0.16397212445735931,0.028995122760534286,0.006379312835633755,0.002979428507387638,0.0033998843282461166,0.47730308771133423,1.4755206108093262,-0.00038491818122565746,-0.25215391675010324,6.0347514152526855,0.7543439269065857,0.9515194892883301,0.06856782734394073,0.21827185153961182,0.22718550264835358,0.18123124539852142
scaling-tuned-adamw-10seeds-v1,cell-003-3e79f448723e,3,C32-d8-L2-H4-m4-ffnnone,6,800,800,8,8,32,4,4,4,2,4,,False,0.003,False,0.01858784630894661,0.99609375,0.002240970730781555,1.0,0.9821192026138306,0.01596459560096264,0.0390964113175869,0.005769726354628801,0.006408775225281715,0.0012166434898972511,0.005192131735384464,0.002916858531534672,0.01840742863714695,0.23015576601028442,1.3723643273115158,3.641831636428833,0.4552289545536041,0.9482958316802979,0.03362177312374115,0.46269094944000244,0.14459864795207977,0.804373025894165
scaling-tuned-adamw-10seeds-v1,cell-003-3e79f448723e,3,C32-d8-L2-H4-m4-ffnnone,7,0,800,8,8,32,4,4,4,2,4,,False,0.003,False,1.501143217086792,0.453125,1.4935110807418823,0.46875,-0.02436424233019352,0.02141888439655304,0.1002524197101593,0.011591754853725433,0.001758789410814643,0.00108055560849607,0.0006782337441109121,0.3362106680870056,1.3997551202774048,-0.007142385467886925,-0.21589534170925617,5.767667293548584,0.720958411693573,0.8656913042068481,0.19443032145500183,0.2999116778373718,0.46196168661117554,0.15363764762878418
scaling-tuned-adamw-10seeds-v1,cell-003-3e79f448723e,3,C32-d8-L2-H4-m4-ffnnone,7,800,800,8,8,32,4,4,4,2,4,,False,0.003,False,0.02830168418586254,0.9921875,0.017515838146209717,0.99609375,0.986882209777832,0.013745598495006561,0.029019439592957497,0.003929696977138519,0.007117786444723606,0.0016880205366760492,0.0054297661408782005,0.002930291695520282,0.01665383204817772,0.07448084652423859,0.036604491993784904,4.290894031524658,0.5363617539405823,0.938784122467041,0.14055213332176208,0.49500054121017456,0.3308379650115967,0.289086252450943
scaling-tuned-adamw-10seeds-v1,cell-003-3e79f448723e,3,C32-d8-L2-H4-m4-ffnnone,8,0,800,8,8,32,4,4,4,2,4,,False,0.003,False,2.452404022216797,0.46484375,2.248931407928467,0.484375,-0.04709448665380478,0.479640930891037,0.4551239013671875,0.09841141104698181,0.038343243300914764,0.017856523394584656,0.02048671804368496,1.1242494583129883,2.4074747562408447,-0.009773427620530128,-0.3395715788938105,6.225549697875977,0.7781937122344971,0.836799144744873,0.290988028049469,0.24173225462436676,0.47425976395606995,0.1875101774930954
scaling-tuned-adamw-10seeds-v1,cell-003-3e79f448723e,3,C32-d8-L2-H4-m4-ffnnone,8,800,800,8,8,32,4,4,4,2,4,,False,0.003,False,0.02830664813518524,0.99609375,0.047654882073402405,0.98828125,0.9795423746109009,0.04400655999779701,0.07925659418106079,0.007687740959227085,0.007332946639508009,0.0017480216920375824,0.005584925413131714,0.0033633399289101362,0.023369919508695602,0.1729813665151596,0.9140522014349699,3.6563074588775635,0.45703843235969543,0.9503027200698853,0.2259804606437683,0.46929460763931274,0.11651065945625305,0.873597264289856
scaling-tuned-adamw-10seeds-v1,cell-003-3e79f448723e,3,C32-d8-L2-H4-m4-ffnnone,9,0,800,8,8,32,4,4,4,2,4,,False,0.003,False,1.1513111591339111,0.48828125,1.137834072113037,0.48828125,-0.012123707681894302,0.027776602655649185,0.10530474781990051,0.00738415215164423,0.0005063180578872561,0.0003076818829867989,0.0001986361457966268,0.11932339519262314,1.1537728309631348,-0.006573931314051151,-0.10458950675092638,5.921502590179443,0.7401878237724304,0.9152088165283203,0.17606624960899353,0.19552335143089294,0.43034398555755615,0.12100310623645782
scaling-tuned-adamw-10seeds-v1,cell-003-3e79f448723e,3,C32-d8-L2-H4-m4-ffnnone,9,800,800,8,8,32,4,4,4,2,4,,False,0.003,False,0.02018352784216404,0.99609375,0.0029917950741946697,1.0,0.9859243631362915,0.01697648875415325,0.027446353808045387,0.008966866880655289,0.004705653991550207,0.00024968330399133265,0.004455970600247383,0.001596340211108327,0.02070864662528038,0.16787603497505188,1.8167804284021258,2.5636043548583984,0.3204505443572998,0.9671054482460022,0.11176972091197968,0.4869832694530487,0.15249831974506378,0.8772964477539062
scaling-tuned-adamw-10seeds-v1,cell-006-f100eb25da99,6,C32-d8-L2-H1-m4-ffn16,0,0,800,8,8,32,4,1,1,2,4,16,True,0.003,False,1.204474687576294,0.53515625,1.2672407627105713,0.5234375,0.11429191380739212,0.046720221638679504,0.140773206949234,0.09676583111286163,0.003293615533038974,0.002015268662944436,0.001278346753679216,0.2761971056461334,1.1629732847213745,-0.01921095699071884,-0.2089097797870636,6.338072776794434,0.7922590970993042,0.8963797092437744,0.12208102643489838,0.2860163748264313,0.6891970038414001,0.06284737586975098
scaling-tuned-adamw-10seeds-v1,cell-006-f100eb25da99,6,C32-d8-L2-H1-m4-ffn16,0,800,800,8,8,32,4,1,1,2,4,16,True,0.003,True,0.00029942806577309966,1.0,0.00022151239681988955,1.0,1.0013096332550049,0.00010137080971617252,0.0052886586636304855,0.0001334621338173747,0.0002235604915767908,4.860075205215253e-05,0.00017495971405878663,0.00016169302398338914,0.0006284218979999423,0.3902781009674072,3.110837936401367,4.872373104095459,0.6090466380119324,0.8890563249588013,0.10908514261245728,0.5881249904632568,0.3418184518814087,0.6855073571205139
scaling-tuned-adamw-10seeds-v1,cell-006-f100eb25da99,6,C32-d8-L2-H1-m4-ffn16,1,0,800,8,8,32,4,1,1,2,4,16,True,0.003,False,2.0548195838928223,0.51171875,2.0708065032958984,0.50390625,0.011256187222898006,0.02797837369143963,0.10274306684732437,0.015608783811330795,0.0037627974525094032,0.0017153860535472631,0.0020474111661314964,1.1497480869293213,2.1415653228759766,-0.010193104855716228,-0.3924453556537628,6.356571674346924,0.7945714592933655,0.8013625144958496,0.12085403501987457,0.24058730900287628,0.25747010111808777,0.03419763967394829
scaling-tuned-adamw-10seeds-v1,cell-006-f100eb25da99,6,C32-d8-L2-H1-m4-ffn16,1,800,800,8,8,32,4,1,1,2,4,16,True,0.003,True,0.0003617991751525551,1.0,0.00043616886250674725,1.0,0.9996535778045654,0.0001019825431285426,0.004980502650141716,0.0001033998851198703,0.00014107099559623748,3.571500928956084e-05,0.00010535598266869783,0.00024019874399527907,0.0006428473861888051,0.4365946054458618,3.1329781115055084,4.813764572143555,0.6017205715179443,0.8776530027389526,0.22852987051010132,0.2960081696510315,0.17945179343223572,0.8093881607055664
scaling-tuned-adamw-10seeds-v1,cell-006-f100eb25da99,6,C32-d8-L2-H1-m4-ffn16,2,0,800,8,8,32,4,1,1,2,4,16,True,0.003,False,5.839909553527832,0.4375,5.78685188293457,0.4296875,-0.010815109126269817,0.7070137858390808,0.4452062249183655,0.20996958017349243,0.13356898725032806,0.07379224896430969,0.059776730835437775,4.102207183837891,5.502702236175537,0.0039281090721488,-0.06713740527629852,6.8294243812561035,0.8536780476570129,0.9327343702316284,0.2076881229877472,0.3270661532878876,0.5115575790405273,0.16095812618732452
scaling-tuned-adamw-10seeds-v1,cell-006-f100eb25da99,6,C32-d8-L2-H1-m4-ffn16,2,800,800,8,8,32,4,1,1,2,4,16,True,0.003,False,0.009553583338856697,0.99609375,0.00907911267131567,0.99609375,0.987134575843811,0.010057998821139336,0.026164133101701736,0.000990779371932149,0.0012700144434347749,0.00019274873193353415,0.0010772657115012407,0.0012571464758366346,0.0050667161121964455,0.35995644330978394,2.581299304962158,5.281167030334473,0.6601458787918091,0.9538245797157288,0.16851556301116943,0.49707120656967163,0.2217508852481842,0.7719060182571411
scaling-tuned-adamw-10seeds-v1,cell-006-f100eb25da99,6,C32-d8-L2-H1-m4-ffn16,3,0,800,8,8,32,4,1,1,2,4,16,True,0.003,False,1.2885479927062988,0.4609375,1.274870753288269,0.4921875,-0.04708355665206909,0.02965385653078556,0.1077813133597374,0.02892167866230011,0.003707378637045622,0.0022680950351059437,0.0014392833691090345,0.20073209702968597,1.329742670059204,-0.029207250103354454,-0.33012424409389496,6.3028035163879395,0.7878504395484924,0.888819694519043,0.12056823074817657,0.38158178329467773,0.37830471992492676,0.10538242757320404
scaling-tuned-adamw-10seeds-v1,cell-006-f100eb25da99,6,C32-d8-L2-H1-m4-ffn16,3,800,800,8,8,32,4,1,1,2,4,16,True,0.003,True,0.00028811959782615304,1.0,0.0003835947427432984,1.0,1.0011928081512451,0.0001272600784432143,0.005579736083745956,4.169085150351748e-05,2.024760760832578e-05,1.2076600341970334e-06,1.903994780150242e-05,9.686184057500213e-05,0.00023388979025185108,0.4633318781852722,4.20010381937027,4.656275272369385,0.5820344090461731,0.9168357849121094,0.14610326290130615,0.43006831407546997,0.21012738347053528,0.7661377191543579
scaling-tuned-adamw-10seeds-v1,cell-006-f100eb25da99,6,C32-d8-L2-H1-m4-ffn16,4,0,800,8,8,32,4,1,1,2,4,16,True,0.003,False,2.6113810539245605,0.56640625,2.604084014892578,0.5546875,-0.02187531068921089,0.15519297122955322,0.23586472868919373,0.03852564096450806,0.005749845877289772,0.0036569801159203053,0.0020928657613694668,1.8371280431747437,2.9379308223724365,-0.014245521277189255,-0.18978065252304077,6.341156959533691,0.7926446199417114,0.9004867672920227,0.17400601506233215,0.35406696796417236,0.6475195288658142,0.10523946583271027
scaling-tuned-adamw-10seeds-v1,cell-006-f100eb25da99,6,C32-d8-L2-H1-m4-ffn16,4,800,800,8,8,32,4,1,1,2,4,16,True,0.003,True,0.000719361356459558,1.0,0.000851991237141192,1.0,0.9992309212684631,0.0002393227186985314,0.008566582575440407,0.000236179941566661,0.0002485612640157342,4.151625762460753e-05,0.00020704501366708428,0.00030038232216611505,0.0010571060702204704,0.5074575543403625,3.6859896183013916,5.32965087890625,0.6662063598632812,0.9071673154830933,0.21969017386436462,0.5678948760032654,0.28992408514022827,0.6888912320137024
scaling-tuned-adamw-10seeds-v1,cell-006-f100eb25da99,6,C32-d8-L2-H1-m4-ffn16,5,0,800,8,8,32,4,1,1,2,4,16,True,0.003,False,1.4682104587554932,0.49609375,1.5347464084625244,0.47265625,-0.0052392082288861275,0.05631791055202484,0.1531776785850525,0.02505597099661827,0.0029121856205165386,0.001530877547338605,0.0013813083060085773,0.4457891583442688,1.4885833263397217,1.723179593682289e-05,-0.14018378593027592,6.122547626495361,0.7653184533119202,0.8463478088378906,0.10886634886264801,0.18238615989685059,0.5123533010482788,0.1338498592376709
scaling-tuned-adamw-10seeds-v1,cell-006-f100eb25da99,6,C32-d8-L2-H1-m4-ffn16,5,800,800,8,8,32,4,1,1,2,4,16,True,0.003,True,0.0010841090697795153,1.0,0.0003549621906131506,1.0,0.9931808710098267,0.0006434184033423662,0.007672531995922327,0.0006868077907711267,0.0011094239307567477,0.00027219715411774814,0.0008372266311198473,0.00043632241431623697,0.002777363872155547,0.5130615234375,3.497676372528076,4.329873561859131,0.5412341952323914,0.883378803730011,0.12502548098564148,0.48944494128227234,0.13803699612617493,0.8141824007034302
scaling-tuned-adamw-10seeds-v1,cell-006-f100eb25da99,6,C32-d8-L2-H1-m4-ffn16,6,0,800,8,8,32,4,1,1,2,4,16,True,0.003,False,1.1641095876693726,0.4609375,1.1521320343017578,0.484375,-0.0003822848666459322,0.013432365842163563,0.07595187425613403,0.004134984686970711,0.0009497847640886903,0.00043469556840136647,0.0005150892538949847,0.1167013868689537,1.1242551803588867,-0.03427216783165932,-0.25541500747203827,6.555999279022217,0.8194999098777771,0.926497220993042,0.2535543739795685,0.38358625769615173,0.42860642075538635,0.3072141110897064
scaling-tuned-adamw-10seeds-v1,cell-006-f100eb25da99,6,C32-d8-L2-H1-m4-ffn16,6,800,800,8,8,32,4,1,1,2,4,16,True,0.003,True,0.0001200782207888551,1.0,0.00011974676453974098,1.0,0.9991587400436401,4.9095113354269415e-05,0.004030284937471151,3.53049545083195e-05,3.1285173463402316e-05,4.387921308079967e-06,2.6897254429059103e-05,4.570612509269267e-05,0.0001569318410474807,0.3544490933418274,3.225909948348999,5.560626983642578,0.6950783729553223,0.8770420551300049,0.14608779549598694,0.6226928234100342,0.22947394847869873,0.7542097568511963
scaling-tuned-adamw-10seeds-v1,cell-006-f100eb25da99,6,C32-d8-L2-H1-m4-ffn16,7,0,800,8,8,32,4,1,1,2,4,16,True,0.003,False,2.120955467224121,0.52734375,2.1294403076171875,0.52734375,0.18330663442611694,0.13083826005458832,0.24413079023361206,0.14942334592342377,0.009892371483147144,0.0041410718113183975,0.0057512992061674595,1.2930583953857422,2.1463241577148438,0.017823100090026855,-0.0142999067902565,6.868821620941162,0.8586027026176453,0.8384602069854736,0.16841435432434082,0.36907947063446045,0.4867929518222809,0.26046448945999146
scaling-tuned-adamw-10seeds-v1,cell-006-f100eb25da99,6,C32-d8-L2-H1-m4-ffn16,7,800,800,8,8,32,4,1,1,2,4,16,True,0.003,True,0.00037393320235423744,1.0,0.00034393894020467997,1.0,0.999218225479126,0.0001159541352535598,0.0067885322496294975,4.070560680702329e-05,5.243562554824166e-05,4.267462827556301e-06,4.816816363018006e-05,0.00015482654271181673,0.0003335726505611092,0.366485595703125,2.417435646057129,5.17869234085083,0.6473365426063538,0.9073444604873657,0.11655972898006439,0.5753843784332275,0.3360217213630676,0.6726348996162415
scaling-tuned-adamw-10seeds-v1,cell-006-f100eb25da99,6,C32-d8-L2-H1-m4-ffn16,8,0,800,8,8,32,4,1,1,2,4,16,True,0.003,False,0.9982760548591614,0.59375,1.0027661323547363,0.5625,0.05827357992529869,0.028088079765439034,0.11741852760314941,0.023026753216981888,0.00184254115447402,0.0010298112174496055,0.0008127298788167536,0.12344851344823837,1.0374782085418701,-0.01039555761963129,-0.2000691294670105,5.925403594970703,0.7406754493713379,0.8498490452766418,0.14439846575260162,0.26635584235191345,0.5102419853210449,0.15502530336380005
scaling-tuned-adamw-10seeds-v1,cell-006-f100eb25da99,6,C32-d8-L2-H1-m4-ffn16,8,800,800,8,8,32,4,1,1,2,4,16,True,0.003,True,0.00020854995818808675,1.0,0.0003818474360741675,1.0,0.999204695224762,0.00010757581912912428,0.0044511728920042515,5.798463098471984e-05,8.671435352880508e-05,1.7806009054766037e-05,6.890833901707083e-05,5.906798833166249e-05,0.0002678414457477629,0.6244543194770813,3.7489469051361084,4.952025890350342,0.6190032362937927,0.8475874662399292,0.10213030129671097,0.552143931388855,0.12101233005523682,0.9507513046264648
scaling-tuned-adamw-10seeds-v1,cell-006-f100eb25da99,6,C32-d8-L2-H1-m4-ffn16,9,0,800,8,8,32,4,1,1,2,4,16,True,0.003,False,2.7596278190612793,0.40234375,2.7602391242980957,0.4140625,-0.2283204197883606,0.10655085742473602,0.2244281768798828,0.2715909779071808,0.021116754040122032,0.011339414864778519,0.009777339175343513,0.8997677564620972,2.6893038749694824,-0.016559194773435593,-0.17382068000733852,6.742682456970215,0.8428353071212769,0.9246402978897095,0.2489587664604187,0.23268911242485046,0.518314778804779,0.10802693665027618
scaling-tuned-adamw-10seeds-v1,cell-006-f100eb25da99,6,C32-d8-L2-H1-m4-ffn16,9,800,800,8,8,32,4,1,1,2,4,16,True,0.003,False,0.0010584346018731594,1.0,0.015561810694634914,0.99609375,0.9987344741821289,0.013987015001475811,0.01785346493124962,0.0002970938221551478,0.00047332694521173835,8.131196955218911e-05,0.0003920149174518883,0.00039645886863581836,0.0014523195568472147,0.4085272550582886,2.776632457971573,4.073134899139404,0.5091418623924255,0.9313555955886841,0.2473287284374237,0.32255393266677856,0.2853308320045471,0.6424114108085632
scaling-tuned-adamw-10seeds-v1,cell-007-8736a677897e,7,C32-d8-L2-H4-m4-ffn16,0,0,800,8,8,32,4,4,4,2,4,16,True,0.003,False,1.1770771741867065,0.5546875,1.2267438173294067,0.5703125,0.16632500290870667,0.04974934086203575,0.15713676810264587,0.08366917073726654,0.004167446866631508,0.0019074338488280773,0.002260012784972787,0.33881741762161255,1.138242244720459,-0.006378906778991222,-0.16098730126395822,6.338072776794434,0.7922590970993042,0.8963797092437744,0.12208102643489838,0.2860163748264313,0.6678473949432373,0.07825112342834473
scaling-tuned-adamw-10seeds-v1,cell-007-8736a677897e,7,C32-d8-L2-H4-m4-ffn16,0,800,800,8,8,32,4,4,4,2,4,16,True,0.003,False,0.023404981940984726,0.9921875,0.01718556322157383,0.99609375,0.9920966625213623,0.012609321624040604,0.02291104570031166,0.003204630222171545,0.0030967900529503822,0.0005823298706673086,0.0025144603569060564,0.000773922074586153,0.008728181011974812,0.1320980191230774,0.8921890873461962,3.8116719722747803,0.47645899653434753,0.9511617422103882,0.05461442098021507,0.6138017177581787,0.20791813731193542,0.8436781167984009
scaling-tuned-adamw-10seeds-v1,cell-007-8736a677897e,7,C32-d8-L2-H4-m4-ffn16,1,0,800,8,8,32,4,4,4,2,4,16,True,0.003,False,2.2066407203674316,0.53515625,2.2268717288970947,0.5234375,0.033997245132923126,0.022800307720899582,0.1012827605009079,0.009860541671514511,0.0007559956866316497,0.0004159082309342921,0.00034008745569735765,1.3468202352523804,2.2914130687713623,-0.00376876350492239,-0.26773720793426037,6.356571674346924,0.7945714592933655,0.8013625144958496,0.12085403501987457,0.24058730900287628,0.23772303760051727,0.04044579714536667
scaling-tuned-adamw-10seeds-v1,cell-007-8736a677897e,7,C32-d8-L2-H4-m4-ffn16,1,800,800,8,8,32,4,4,4,2,4,16,True,0.003,True,0.000936754047870636,1.0,0.001086774980649352,1.0,0.9935816526412964,0.0009195863385684788,0.014227994717657566,0.0037725926376879215,0.002212699968367815,0.00010961739462800324,0.0021030823700129986,0.0005700226756744087,0.00871765986084938,0.20504049956798553,2.307970667257905,3.3529763221740723,0.41912204027175903,0.9653939008712769,0.19156096875667572,0.31935980916023254,0.17783242464065552,0.857900857925415
scaling-tuned-adamw-10seeds-v1,cell-007-8736a677897e,7,C32-d8-L2-H4-m4-ffn16,2,0,800,8,8,32,4,4,4,2,4,16,True,0.003,False,6.11895751953125,0.4375,6.1542792320251465,0.4375,-0.013110199943184853,0.4131245017051697,0.3698064088821411,0.12468986213207245,0.06668668985366821,0.03233003616333008,0.03435666114091873,4.601980209350586,5.855808258056641,-7.331511005759239e-05,-0.09799129609018564,6.8294243812561035,0.8536780476570129,0.9327343702316284,0.2076881229877472,0.3270661532878876,0.6102313995361328,0.13085588812828064
scaling-tuned-adamw-10seeds-v1,cell-007-8736a677897e,7,C32-d8-L2-H4-m4-ffn16,2,800,800,8,8,32,4,4,4,2,4,16,True,0.003,False,0.06941325962543488,0.984375,0.06039053946733475,0.98828125,0.9484329223632812,0.07394643872976303,0.10578925907611847,0.026872174814343452,0.015068944543600082,0.002559855580329895,0.012509088963270187,0.0074348459020257,0.06796414405107498,0.15734706819057465,0.9940669294446707,4.936591625213623,0.6170739531517029,0.9511029720306396,0.18137569725513458,0.4360854923725128,0.21232160925865173,0.5918490886688232
scaling-tuned-adamw-10seeds-v1,cell-007-8736a677897e,7,C32-d8-L2-H4-m4-ffn16,3,0,800,8,8,32,4,4,4,2,4,16,True,0.003,False,1.2662980556488037,0.453125,1.25604248046875,0.484375,-0.056247055530548096,0.019142210483551025,0.09400561451911926,0.02630167081952095,0.001908707432448864,0.0011189947836101055,0.0007897125324234366,0.1410219520330429,1.2900722026824951,-0.013748185709118843,-0.28740194253623486,6.3028035163879395,0.7878504395484924,0.888819694519043,0.12056823074817657,0.38158178329467773,0.39423054456710815,0.09826411306858063
scaling-tuned-adamw-10seeds-v1,cell-007-8736a677897e,7,C32-d8-L2-H4-m4-ffn16,3,800,800,8,8,32,4,4,4,2,4,16,True,0.003,False,0.008136807940900326,1.0,0.0040017226710915565,1.0,0.9934895038604736,0.00708065927028656,0.0234421044588089,0.0030534733086824417,0.002302362583577633,0.0003136268351227045,0.0019887357484549284,0.0006356518133543432,0.007923457771539688,0.2408037930727005,3.0299127511680126,3.8228728771209717,0.47785910964012146,0.9781606197357178,0.1527862548828125,0.4901554584503174,0.1682424545288086,0.7390758991241455
scaling-tuned-adamw-10seeds-v1,cell-007-8736a677897e,7,C32-d8-L2-H4-m4-ffn16,4,0,800,8,8,32,4,4,4,2,4,16,True,0.003,False,2.5538783073425293,0.58203125,2.54294490814209,0.5703125,0.020917391404509544,0.08643824607133865,0.19833528995513916,0.04068437218666077,0.006686488166451454,0.003352643456310034,0.003333844942972064,1.857545256614685,2.8758676052093506,-0.010292137041687965,-0.1576962525723502,6.341156959533691,0.7926446199417114,0.9004867672920227,0.17400601506233215,0.35406696796417236,0.6469936370849609,0.08127342909574509
scaling-tuned-adamw-10seeds-v1,cell-007-8736a677897e,7,C32-d8-L2-H4-m4-ffn16,4,800,800,8,8,32,4,4,4,2,4,16,True,0.003,False,0.015823932364583015,0.99609375,0.010032106190919876,1.0,0.9839076995849609,0.011015496216714382,0.03843574970960617,0.004831118043512106,0.007923749275505543,0.002013259334489703,0.005910489708185196,0.002059765625745058,0.017633315175771713,0.17669910192489624,0.8488831742433831,4.37171745300293,0.5464646816253662,0.9860127568244934,0.14440205693244934,0.5207959413528442,0.3951856195926666,0.43058913946151733
scaling-tuned-adamw-10seeds-v1,cell-007-8736a677897e,7,C32-d8-L2-H4-m4-ffn16,5,0,800,8,8,32,4,4,4,2,4,16,True,0.003,False,1.399266242980957,0.515625,1.4710637331008911,0.50390625,0.01439736969769001,0.057788506150245667,0.15911203622817993,0.024224750697612762,0.0031264307908713818,0.0015737120993435383,0.0015527189243584871,0.43670710921287537,1.4410700798034668,-0.0002872212789952755,-0.1748514090431854,6.122547626495361,0.7653184533119202,0.8463478088378906,0.10886634886264801,0.18238615989685059,0.4668538570404053,0.1313878297805786
scaling-tuned-adamw-10seeds-v1,cell-007-8736a677897e,7,C32-d8-L2-H4-m4-ffn16,5,800,800,8,8,32,4,4,4,2,4,16,True,0.003,False,0.025301488116383553,0.99609375,0.016007903963327408,0.99609375,0.9474872946739197,0.013193752616643906,0.043675318360328674,0.011785397306084633,0.018764358013868332,0.0058053359389305115,0.01295902207493782,0.003724414622411132,0.0425523966550827,0.11548104882240295,-0.2622697912156582,4.343270301818848,0.542908787727356,0.9345569014549255,0.12347231805324554,0.2913925349712372,0.20948338508605957,0.37924718856811523
scaling-tuned-adamw-10seeds-v1,cell-007-8736a677897e,7,C32-d8-L2-H4-m4-ffn16,6,0,800,8,8,32,4,4,4,2,4,16,True,0.003,False,1.1464061737060547,0.4921875,1.1555547714233398,0.45703125,0.0026226132176816463,0.013637818396091461,0.08053003251552582,0.006669179070740938,0.0009902685414999723,0.0006069423398002982,0.00038332625990733504,0.10601654648780823,1.1117243766784668,-0.021223941817879677,-0.19999269978143275,6.555999279022217,0.8194999098777771,0.926497220993042,0.2535543739795685,0.38358625769615173,0.4316742718219757,0.30091559886932373
scaling-tuned-adamw-10seeds-v1,cell-007-8736a677897e,7,C32-d8-L2-H4-m4-ffn16,6,800,800,8,8,32,4,4,4,2,4,16,True,0.003,False,0.00283361435867846,1.0,0.013741621747612953,0.99609375,0.982601523399353,0.015240678563714027,0.028472211211919785,0.00807909108698368,0.00978127308189869,0.002123595215380192,0.007657676935195923,0.0017520145047456026,0.02372535690665245,0.21310783922672272,1.5023874677717686,4.609637260437012,0.5762046575546265,0.9028862714767456,0.09604000300168991,0.568039059638977,0.24232786893844604,0.4992861747741699
scaling-tuned-adamw-10seeds-v1,cell-007-8736a677897e,7,C32-d8-L2-H4-m4-ffn16,7,0,800,8,8,32,4,4,4,2,4,16,True,0.003,False,2.2003180980682373,0.546875,2.2888259887695312,0.52734375,0.20135971903800964,0.1639290153980255,0.2809576690196991,0.1363828480243683,0.022587798535823822,0.007932530716061592,0.01465526781976223,1.4017701148986816,2.2511773109436035,-0.0010612389305606484,-0.11325467540882528,6.868821620941162,0.8586027026176453,0.8384602069854736,0.16841435432434082,0.36907947063446045,0.5050054788589478,0.21748629212379456
scaling-tuned-adamw-10seeds-v1,cell-007-8736a677897e,7,C32-d8-L2-H4-m4-ffn16,7,800,800,8,8,32,4,4,4,2,4,16,True,0.003,False,0.0021987727377563715,1.0,0.006238629575818777,0.99609375,0.9948328733444214,0.004884259309619665,0.022442160174250603,0.0017171904910355806,0.002409338718280196,0.0005926744197495282,0.001816664356738329,0.0005676450673490763,0.00557882571592927,0.13408851623535156,0.783915305044502,4.9654765129089355,0.6206845641136169,0.9086505174636841,0.08619961142539978,0.5599126219749451,0.34577029943466187,0.6486005783081055
scaling-tuned-adamw-10seeds-v1,cell-007-8736a677897e,7,C32-d8-L2-H4-m4-ffn16,8,0,800,8,8,32,4,4,4,2,4,16,True,0.003,False,1.0106451511383057,0.55859375,1.0074005126953125,0.5625,0.060145631432533264,0.025264861062169075,0.11601488292217255,0.02320505678653717,0.002116892021149397,0.0010545734548941255,0.0010623184498399496,0.11135463416576385,1.0213639736175537,-0.008852450177073479,-0.17554880678653717,5.925403594970703,0.7406754493713379,0.8498490452766418,0.14439846575260162,0.26635584235191345,0.5035417079925537,0.13544861972332
scaling-tuned-adamw-10seeds-v1,cell-007-8736a677897e,7,C32-d8-L2-H4-m4-ffn16,8,800,800,8,8,32,4,4,4,2,4,16,True,0.003,False,0.010731972754001617,0.99609375,0.009382694028317928,0.99609375,0.9858304262161255,0.009796429425477982,0.01975427195429802,0.0014883647672832012,0.003113010199740529,0.000831088749691844,0.0022819212172180414,0.0009760755929164588,0.006643696688115597,0.1978338062763214,1.2821606695652008,4.846479892730713,0.6058099865913391,0.8920960426330566,0.14122116565704346,0.41797682642936707,0.14972670376300812,0.8207951784133911
scaling-tuned-adamw-10seeds-v1,cell-007-8736a677897e,7,C32-d8-L2-H4-m4-ffn16,9,0,800,8,8,32,4,4,4,2,4,16,True,0.003,False,2.9005916118621826,0.3828125,2.9785780906677246,0.390625,-0.2999388575553894,0.15954476594924927,0.2399049550294876,0.3211403489112854,0.030303511768579483,0.012147078290581703,0.01815643347799778,0.7897950410842896,2.8588695526123047,-0.012297551147639751,-0.1694106520153582,6.742682456970215,0.8428353071212769,0.9246402978897095,0.2489587664604187,0.23268911242485046,0.545561671257019,0.11855720728635788
scaling-tuned-adamw-10seeds-v1,cell-007-8736a677897e,7,C32-d8-L2-H4-m4-ffn16,9,800,800,8,8,32,4,4,4,2,4,16,True,0.003,False,0.05911994352936745,0.984375,0.04378911852836609,0.984375,0.9389334321022034,0.031032558530569077,0.08004269003868103,0.018156778067350388,0.017145497724413872,0.0031794423703104258,0.013966056518256664,0.008799387142062187,0.05952201411128044,0.1306496560573578,0.5986920529976487,4.354405403137207,0.5443006753921509,0.914535641670227,0.22026973962783813,0.36483344435691833,0.48101523518562317,0.1680614948272705
scaling-tuned-adamw-10seeds-v1,cell-011-23683cb9175a,11,C128-d32-L2-H4-m4-ffnnone,0,0,800,32,32,128,4,4,4,2,4,,False,0.003,False,1.5321605205535889,0.4765625,1.5230915546417236,0.4921875,-0.0627051368355751,0.11408829689025879,0.2602666914463043,0.09735380858182907,0.01495858933776617,0.0077145518735051155,0.00724403653293848,0.30682051181793213,1.5591661930084229,-0.007664322853088379,-0.2574850022792816,25.1415958404541,0.7856748700141907,0.604968249797821,0.054644227027893066,0.24109163880348206,0.5985656976699829,0.07737310230731964
scaling-tuned-adamw-10seeds-v1,cell-011-23683cb9175a,11,C128-d32-L2-H4-m4-ffnnone,0,800,800,32,32,128,4,4,4,2,4,,False,0.003,False,0.01631334237754345,0.99609375,0.030164778232574463,0.9921875,0.9893425703048706,0.012215115129947662,0.016472527757287025,0.0011937480885535479,0.0011797762708738446,7.857667515054345e-05,0.0011011995375156403,0.0013588836882263422,0.005042501259595156,0.2009200155735016,1.479630310088396,15.182402610778809,0.47445008158683777,0.7535263895988464,0.06122554838657379,0.4120156764984131,0.14997036755084991,0.9175332188606262
scaling-tuned-adamw-10seeds-v1,cell-011-23683cb9175a,11,C128-d32-L2-H4-m4-ffnnone,1,0,800,32,32,128,4,4,4,2,4,,False,0.003,False,1.2245171070098877,0.53515625,1.2256832122802734,0.48828125,0.0431087352335453,0.07799401879310608,0.2115589827299118,0.027786429971456528,0.003777795936912298,0.0019264352740719914,0.0018513606628403068,0.23863090574741364,1.188326120376587,-0.006676226854324341,-0.17236350011080503,25.418352127075195,0.7943235039710999,0.6772862076759338,0.25560256838798523,0.27091729640960693,0.7012951374053955,0.06084206700325012
scaling-tuned-adamw-10seeds-v1,cell-011-23683cb9175a,11,C128-d32-L2-H4-m4-ffnnone,1,800,800,32,32,128,4,4,4,2,4,,False,0.003,True,0.0002525674062781036,1.0,0.00025150051806122065,1.0,1.002692461013794,0.00011299973994027823,0.007340405136346817,3.912948159268126e-05,4.6979352191556245e-05,8.036172403080855e-06,3.894318069797009e-05,0.00010723691957537085,0.0002612380194477737,0.3247271478176117,2.4261264242231846,15.471152305603027,0.4834735095500946,0.7219027876853943,0.16043588519096375,0.45891073346138,0.1084270179271698,0.9865199327468872
scaling-tuned-adamw-10seeds-v1,cell-011-23683cb9175a,11,C128-d32-L2-H4-m4-ffnnone,2,0,800,32,32,128,4,4,4,2,4,,False,0.003,False,1.519822359085083,0.5546875,1.510992169380188,0.546875,0.07063019275665283,0.02200508862733841,0.11481684446334839,0.026333870366215706,0.0022251580376178026,0.001177053665742278,0.0010481043718755245,0.6780879497528076,1.5713967084884644,-0.008468303829431534,-0.21297580562531948,25.268543243408203,0.7896419763565063,0.6756442189216614,0.22992843389511108,0.2360377013683319,0.5883151888847351,0.07200194895267487
scaling-tuned-adamw-10seeds-v1,cell-011-23683cb9175a,11,C128-d32-L2-H4-m4-ffnnone,2,800,800,32,32,128,4,4,4,2,4,,False,0.003,True,0.000276839651633054,1.0,0.0002578084822744131,1.0,0.9913578033447266,7.844578067306429e-05,0.006700078956782818,0.0009115900611504912,0.0008070925250649452,4.803669071407057e-06,0.0008022888214327395,0.0009161381749436259,0.003626237390562892,0.17188715934753418,1.3322051148861647,14.672118186950684,0.45850369334220886,0.781402051448822,0.1687685251235962,0.40799516439437866,0.12690657377243042,0.9394813179969788
scaling-tuned-adamw-10seeds-v1,cell-011-23683cb9175a,11,C128-d32-L2-H4-m4-ffnnone,3,0,800,32,32,128,4,4,4,2,4,,False,0.003,False,1.9624253511428833,0.61328125,2.0106558799743652,0.60546875,0.30711162090301514,0.09175935387611389,0.2281396985054016,0.3174314796924591,0.014464113861322403,0.006931958720088005,0.007532154675573111,1.4414069652557373,2.269042730331421,-0.0008895249338820577,-0.13170348620042205,24.773218154907227,0.7741630673408508,0.6601043343544006,0.23342794179916382,0.28341537714004517,0.7416005730628967,0.06969264894723892
scaling-tuned-adamw-10seeds-v1,cell-011-23683cb9175a,11,C128-d32-L2-H4-m4-ffnnone,3,800,800,32,32,128,4,4,4,2,4,,False,0.003,True,0.0006161932251416147,1.0,0.0004912944277748466,1.0,1.00099515914917,0.00016655198123771697,0.007830309681594372,0.0005766586982645094,0.0009820004925131798,0.00022677438391838223,0.0007552260649390519,0.0004269830242265016,0.002342573367059231,0.29999828338623047,2.164080299437046,14.770467758178711,0.4615771174430847,0.7614049315452576,0.142957404255867,0.48903971910476685,0.1401720643043518,0.9110257625579834
scaling-tuned-adamw-10seeds-v1,cell-011-23683cb9175a,11,C128-d32-L2-H4-m4-ffnnone,4,0,800,32,32,128,4,4,4,2,4,,False,0.003,False,1.387254238128662,0.4296875,1.454841136932373,0.4609375,-0.004579947330057621,0.09126202017068863,0.23219716548919678,0.02074337936937809,0.0035581171978265047,0.001655832165852189,0.001902284799143672,0.2209436595439911,1.2588798999786377,-0.0035931579768657684,-0.11930291831959039,26.01828956604004,0.8130715489387512,0.6684684753417969,0.2206195592880249,0.2569442391395569,0.7415509223937988,0.08122134953737259
scaling-tuned-adamw-10seeds-v1,cell-011-23683cb9175a,11,C128-d32-L2-H4-m4-ffnnone,4,800,800,32,32,128,4,4,4,2,4,,False,0.003,False,0.005437100306153297,0.99609375,0.00025953585281968117,1.0,0.9959887862205505,0.005721221212297678,0.011981535702943802,0.000566524569876492,0.0011650287779048085,0.0003013460664078593,0.0008636827114969492,0.00037604791577905416,0.0023969721514731646,0.25696030259132385,1.8524682708084583,16.322416305541992,0.5100755095481873,0.6978124380111694,0.13202814757823944,0.445976197719574,0.12402722239494324,0.9483259916305542
scaling-tuned-adamw-10seeds-v1,cell-011-23683cb9175a,11,C128-d32-L2-H4-m4-ffnnone,5,0,800,32,32,128,4,4,4,2,4,,False,0.003,False,1.7615888118743896,0.45703125,1.8052624464035034,0.48046875,-0.11102689802646637,0.14807018637657166,0.2834487855434418,0.2066049873828888,0.007217497564852238,0.0035558221861720085,0.003661675611510873,0.39192622900009155,1.868380069732666,-0.01365681178867817,-0.22593429032713175,25.72490882873535,0.8039034008979797,0.7082235813140869,0.2513566315174103,0.2580631375312805,0.7513454556465149,0.07291921973228455
scaling-tuned-adamw-10seeds-v1,cell-011-23683cb9175a,11,C128-d32-L2-H4-m4-ffnnone,5,800,800,32,32,128,4,4,4,2,4,,False,0.003,False,0.0035752691328525543,1.0,0.008328800089657307,0.99609375,0.9976890087127686,0.003089670557528734,0.013920977711677551,0.00036161989555694163,0.00048410840099677444,8.443872502539307e-05,0.0003996696323156357,0.0007209201576188207,0.002426228253170848,0.22819724678993225,1.6570790763944387,14.928316116333008,0.4665098786354065,0.7092313766479492,0.17633318901062012,0.4727039337158203,0.29603415727615356,0.7328271865844727
scaling-tuned-adamw-10seeds-v1,cell-011-23683cb9175a,11,C128-d32-L2-H4-m4-ffnnone,6,0,800,32,32,128,4,4,4,2,4,,False,0.003,False,1.2438125610351562,0.5859375,1.1927037239074707,0.57421875,0.0968673825263977,0.06386461108922958,0.19120202958583832,0.04509797319769859,0.007105981931090355,0.003461388871073723,0.003644593060016632,0.32723432779312134,1.2026718854904175,-0.0014110298361629248,-0.13848451199010015,25.410892486572266,0.7940903902053833,0.6038287878036499,0.20259889960289001,0.28703877329826355,0.6367924213409424,0.08204720169305801
scaling-tuned-adamw-10seeds-v1,cell-011-23683cb9175a,11,C128-d32-L2-H4-m4-ffnnone,6,800,800,32,32,128,4,4,4,2,4,,False,0.003,True,0.00034893088741227984,1.0,0.00043661973904818296,1.0,0.9963694214820862,0.0004374692216515541,0.009311147034168243,0.00043731898767873645,0.0007850919500924647,0.00018603815988171846,0.0005990538047626615,0.0003878474817611277,0.001885406905785203,0.344164103269577,2.1423527244478464,17.574281692504883,0.5491963028907776,0.7076253294944763,0.12374452501535416,0.5017797946929932,0.09271060675382614,0.9724246263504028
scaling-tuned-adamw-10seeds-v1,cell-011-23683cb9175a,11,C128-d32-L2-H4-m4-ffnnone,7,0,800,32,32,128,4,4,4,2,4,,False,0.003,False,2.140634298324585,0.46875,2.0914621353149414,0.4609375,-0.11160410940647125,0.08582073450088501,0.2328999936580658,0.1211749017238617,0.011533910408616066,0.005376593209803104,0.006157316267490387,0.7599110007286072,2.168400287628174,-0.003677428001537919,-0.16184728406369686,25.215282440185547,0.7879775762557983,0.6367177367210388,0.15170246362686157,0.27144816517829895,0.7657795548439026,0.05808936059474945
scaling-tuned-adamw-10seeds-v1,cell-011-23683cb9175a,11,C128-d32-L2-H4-m4-ffnnone,7,800,800,32,32,128,4,4,4,2,4,,False,0.003,True,0.00031996978214010596,1.0,0.00036465947050601244,1.0,0.9999740123748779,0.00014242800534702837,0.008200831711292267,6.526278593810275e-05,6.872219091746956e-05,7.255830951180542e-06,6.146635132608935e-05,0.0001827249361667782,0.0003853249363601208,0.2852901518344879,2.0420596040785313,14.984973907470703,0.4682804346084595,0.7423067092895508,0.11433526873588562,0.44261422753334045,0.1283678561449051,0.9435915350914001
scaling-tuned-adamw-10seeds-v1,cell-011-23683cb9175a,11,C128-d32-L2-H4-m4-ffnnone,8,0,800,32,32,128,4,4,4,2,4,,False,0.003,False,1.5185298919677734,0.43359375,1.5421662330627441,0.41796875,-0.07439237087965012,0.059940487146377563,0.17846393585205078,0.04602886736392975,0.004759829957038164,0.0021938637364655733,0.0025659664534032345,0.2270260751247406,1.4351119995117188,-0.003641950897872448,-0.1455862889997661,24.83053970336914,0.7759543657302856,0.6675804853439331,0.16021937131881714,0.2923834025859833,0.6272329092025757,0.08254589140415192
scaling-tuned-adamw-10seeds-v1,cell-011-23683cb9175a,11,C128-d32-L2-H4-m4-ffnnone,8,800,800,32,32,128,4,4,4,2,4,,False,0.003,True,0.00014249449304770678,1.0,0.000133670459035784,1.0,0.9997345209121704,4.766303754877299e-05,0.004841483198106289,3.776882658712566e-05,1.7181939256261103e-05,1.2462176073313458e-06,1.5935722331050783e-05,5.649257218465209e-05,0.000153006287291646,0.24434956908226013,1.8178073586896062,18.295249938964844,0.5717265605926514,0.7256996631622314,0.1084805279970169,0.2816106379032135,0.13855865597724915,0.9120657444000244
scaling-tuned-adamw-10seeds-v1,cell-011-23683cb9175a,11,C128-d32-L2-H4-m4-ffnnone,9,0,800,32,32,128,4,4,4,2,4,,False,0.003,False,2.2925467491149902,0.40234375,2.3446693420410156,0.40625,-0.16864335536956787,0.1261357218027115,0.264628142118454,0.14807194471359253,0.042278118431568146,0.017516518011689186,0.02476160228252411,0.6960505843162537,2.2588682174682617,-0.009022844024002552,-0.19351434241980314,25.230270385742188,0.7884459495544434,0.6021556854248047,0.18429294228553772,0.25360411405563354,0.5174466967582703,0.10522697865962982
scaling-tuned-adamw-10seeds-v1,cell-011-23683cb9175a,11,C128-d32-L2-H4-m4-ffnnone,9,800,800,32,32,128,4,4,4,2,4,,False,0.003,True,0.00047894573071971536,1.0,0.0004302301676943898,1.0,0.9965437054634094,0.00011771485151257366,0.007573352660983801,6.427908374462277e-05,7.178515079431236e-05,8.909350071917288e-06,6.287579890340567e-05,0.00016394458361901343,0.00043353697401471436,0.2963595986366272,2.160580538213253,14.778364181518555,0.46182388067245483,0.7512086033821106,0.15348204970359802,0.4405200481414795,0.17235729098320007,0.9028005599975586
