study_id,cell_id,cell_index,cell_key,seed,num_concepts,memory_size,d_model,width,load,num_layers,num_heads,heads,ffn_width,ffn,optimizer,learning_rate,configured_steps,batch_size,step,loss,mse,risk,accuracy,value_flip_effect,target_key_effect,embedding_effective_rank,normalized_rank,gate_pass
scaling-tuned-adamw-10seeds-v1,cell-000-b7a02ed77d52,0,C8-d8-L2-H1-m4-ffnnone,0,8,4,8,8,1,2,1,1,,False,adamw,0.003,800,512,800,0.0005500232800841331,0.0005500232800841331,0.0002750116400420666,1.0,1.001523733139038,0.9845086336135864,3.144893169403076,0.3931116461753845,True
scaling-tuned-adamw-10seeds-v1,cell-000-b7a02ed77d52,0,C8-d8-L2-H1-m4-ffnnone,1,8,4,8,8,1,2,1,1,,False,adamw,0.003,800,512,800,0.0003776240046136081,0.0003776240046136081,0.00018881200230680406,1.0,1.0007715225219727,0.9904741048812866,3.8341257572174072,0.4792657196521759,True
scaling-tuned-adamw-10seeds-v1,cell-000-b7a02ed77d52,0,C8-d8-L2-H1-m4-ffnnone,2,8,4,8,8,1,2,1,1,,False,adamw,0.003,800,512,800,0.00044542894465848804,0.00044542894465848804,0.00022271447232924402,1.0,1.0011457204818726,0.9871066212654114,3.3267390727996826,0.4158423840999603,True
scaling-tuned-adamw-10seeds-v1,cell-000-b7a02ed77d52,0,C8-d8-L2-H1-m4-ffnnone,3,8,4,8,8,1,2,1,1,,False,adamw,0.003,800,512,800,0.00037166435504332185,0.00037166435504332185,0.00018583217752166092,1.0,0.9997775554656982,0.9901658296585083,4.0302629470825195,0.5037828683853149,True
scaling-tuned-adamw-10seeds-v1,cell-000-b7a02ed77d52,0,C8-d8-L2-H1-m4-ffnnone,4,8,4,8,8,1,2,1,1,,False,adamw,0.003,800,512,800,0.0005755929742008448,0.0005755929742008448,0.0002877964871004224,1.0,0.9981364011764526,0.9914131760597229,2.8542280197143555,0.35677850246429443,True
scaling-tuned-adamw-10seeds-v1,cell-000-b7a02ed77d52,0,C8-d8-L2-H1-m4-ffnnone,5,8,4,8,8,1,2,1,1,,False,adamw,0.003,800,512,800,0.0003031203232239932,0.0003031203232239932,0.0001515601616119966,1.0,0.9996264576911926,0.987568736076355,3.352116107940674,0.41901451349258423,True
scaling-tuned-adamw-10seeds-v1,cell-000-b7a02ed77d52,0,C8-d8-L2-H1-m4-ffnnone,6,8,4,8,8,1,2,1,1,,False,adamw,0.003,800,512,800,0.0009566326625645161,0.0009566326625645161,0.00047831633128225803,1.0,0.9996868371963501,0.9939290285110474,3.915465831756592,0.489433228969574,True
scaling-tuned-adamw-10seeds-v1,cell-000-b7a02ed77d52,0,C8-d8-L2-H1-m4-ffnnone,7,8,4,8,8,1,2,1,1,,False,adamw,0.003,800,512,800,0.00011973622167715803,0.00011973622167715803,5.9868110838579014e-05,1.0,0.9995957612991333,1.0039238929748535,2.6326301097869873,0.3290787637233734,True
scaling-tuned-adamw-10seeds-v1,cell-000-b7a02ed77d52,0,C8-d8-L2-H1-m4-ffnnone,8,8,4,8,8,1,2,1,1,,False,adamw,0.003,800,512,800,0.00017337931785732508,0.00017337931785732508,8.668965892866254e-05,1.0,0.9985790848731995,0.9939890503883362,3.814903736114502,0.47686296701431274,True
scaling-tuned-adamw-10seeds-v1,cell-000-b7a02ed77d52,0,C8-d8-L2-H1-m4-ffnnone,9,8,4,8,8,1,2,1,1,,False,adamw,0.003,800,512,800,0.00022156385239213705,0.00022156385239213705,0.00011078192619606853,1.0,0.9999844431877136,0.9946421980857849,4.052155494689941,0.5065194368362427,True
scaling-tuned-adamw-10seeds-v1,cell-001-95e10abb0fde,1,C8-d8-L2-H4-m4-ffnnone,0,8,4,8,8,1,2,4,4,,False,adamw,0.003,800,512,800,0.001466828747652471,0.001466828747652471,0.0007334143738262355,1.0,0.9956342577934265,0.978254497051239,3.620215892791748,0.4525269865989685,True
scaling-tuned-adamw-10seeds-v1,cell-001-95e10abb0fde,1,C8-d8-L2-H4-m4-ffnnone,1,8,4,8,8,1,2,4,4,,False,adamw,0.003,800,512,800,0.0006282467511482537,0.0006282467511482537,0.00031412337557412684,1.0,0.9997996687889099,0.9808854460716248,3.672609567642212,0.4590761959552765,True
scaling-tuned-adamw-10seeds-v1,cell-001-95e10abb0fde,1,C8-d8-L2-H4-m4-ffnnone,2,8,4,8,8,1,2,4,4,,False,adamw,0.003,800,512,800,0.0025901803746819496,0.0025901803746819496,0.0012950901873409748,1.0,1.0016878843307495,0.9564337134361267,3.120584011077881,0.3900730013847351,True
scaling-tuned-adamw-10seeds-v1,cell-001-95e10abb0fde,1,C8-d8-L2-H4-m4-ffnnone,3,8,4,8,8,1,2,4,4,,False,adamw,0.003,800,512,800,0.0007943459786474705,0.0007943459786474705,0.00039717298932373524,1.0,0.9990361332893372,0.9964635372161865,2.8910863399505615,0.3613857924938202,True
scaling-tuned-adamw-10seeds-v1,cell-001-95e10abb0fde,1,C8-d8-L2-H4-m4-ffnnone,4,8,4,8,8,1,2,4,4,,False,adamw,0.003,800,512,800,0.0007408222882077098,0.0007408222882077098,0.0003704111441038549,1.0,1.0008721351623535,0.9819658994674683,2.942732095718384,0.367841511964798,True
scaling-tuned-adamw-10seeds-v1,cell-001-95e10abb0fde,1,C8-d8-L2-H4-m4-ffnnone,5,8,4,8,8,1,2,4,4,,False,adamw,0.003,800,512,800,0.0005772878648713231,0.0005772878648713231,0.00028864393243566155,1.0,0.9998740553855896,0.9876269698143005,2.8196256160736084,0.35245320200920105,True
scaling-tuned-adamw-10seeds-v1,cell-001-95e10abb0fde,1,C8-d8-L2-H4-m4-ffnnone,6,8,4,8,8,1,2,4,4,,False,adamw,0.003,800,512,800,0.0026660552248358727,0.0026660552248358727,0.0013330276124179363,1.0,0.9993286728858948,0.9769182205200195,3.7760732173919678,0.47200915217399597,True
scaling-tuned-adamw-10seeds-v1,cell-001-95e10abb0fde,1,C8-d8-L2-H4-m4-ffnnone,7,8,4,8,8,1,2,4,4,,False,adamw,0.003,800,512,800,0.00045382394455373287,0.00045382394455373287,0.00022691197227686644,1.0,1.000016212463379,0.9840803146362305,3.0768051147460938,0.3846006393432617,True
scaling-tuned-adamw-10seeds-v1,cell-001-95e10abb0fde,1,C8-d8-L2-H4-m4-ffnnone,8,8,4,8,8,1,2,4,4,,False,adamw,0.003,800,512,800,0.000609290786087513,0.000609290786087513,0.0003046453930437565,1.0,0.9995662569999695,0.9783302545547485,3.6898975372314453,0.46123719215393066,True
scaling-tuned-adamw-10seeds-v1,cell-001-95e10abb0fde,1,C8-d8-L2-H4-m4-ffnnone,9,8,4,8,8,1,2,4,4,,False,adamw,0.003,800,512,800,0.0010013654828071594,0.0010013654828071594,0.0005006827414035797,1.0,0.998501718044281,0.9958605766296387,3.8175182342529297,0.4771897792816162,True
scaling-tuned-adamw-10seeds-v1,cell-002-4a3528c0206e,2,C32-d8-L2-H1-m4-ffnnone,0,32,4,8,8,4,2,1,1,,False,adamw,0.003,800,512,800,0.00036082399310544133,0.00036082399310544133,0.00018041199655272067,1.0,0.999498724937439,1.0190918445587158,5.188929557800293,0.6486161947250366,True
scaling-tuned-adamw-10seeds-v1,cell-002-4a3528c0206e,2,C32-d8-L2-H1-m4-ffnnone,1,32,4,8,8,4,2,1,1,,False,adamw,0.003,800,512,800,0.000326434092130512,0.000326434092130512,0.000163217046065256,1.0,1.0000313520431519,1.0044084787368774,3.977736711502075,0.4972170889377594,True
scaling-tuned-adamw-10seeds-v1,cell-002-4a3528c0206e,2,C32-d8-L2-H1-m4-ffnnone,2,32,4,8,8,4,2,1,1,,False,adamw,0.003,800,512,800,0.0003850035718642175,0.0003850035718642175,0.00019250178593210876,1.0,1.0001736879348755,0.9939382076263428,3.985027551651001,0.4981284439563751,True
scaling-tuned-adamw-10seeds-v1,cell-002-4a3528c0206e,2,C32-d8-L2-H1-m4-ffnnone,3,32,4,8,8,4,2,1,1,,False,adamw,0.003,800,512,800,0.0006083464249968529,0.0006083464249968529,0.00030417321249842644,1.0,0.9978007078170776,0.9995312690734863,4.31769323348999,0.5397116541862488,True
scaling-tuned-adamw-10seeds-v1,cell-002-4a3528c0206e,2,C32-d8-L2-H1-m4-ffnnone,4,32,4,8,8,4,2,1,1,,False,adamw,0.003,800,512,800,0.0007389414240606129,0.0007389414240606129,0.00036947071203030646,0.9998779296875,1.0002381801605225,0.9939414262771606,4.520267009735107,0.5650333762168884,True
scaling-tuned-adamw-10seeds-v1,cell-002-4a3528c0206e,2,C32-d8-L2-H1-m4-ffnnone,5,32,4,8,8,4,2,1,1,,False,adamw,0.003,800,512,800,0.0005314669106155634,0.0005314669106155634,0.0002657334553077817,1.0,0.9992454051971436,1.0094484090805054,4.745753765106201,0.5932192206382751,True
scaling-tuned-adamw-10seeds-v1,cell-002-4a3528c0206e,2,C32-d8-L2-H1-m4-ffnnone,6,32,4,8,8,4,2,1,1,,False,adamw,0.003,800,512,800,0.00040706407162360847,0.00040706407162360847,0.00020353203581180423,1.0,0.9989566802978516,0.9946037530899048,4.130066871643066,0.5162583589553833,True
scaling-tuned-adamw-10seeds-v1,cell-002-4a3528c0206e,2,C32-d8-L2-H1-m4-ffnnone,7,32,4,8,8,4,2,1,1,,False,adamw,0.003,800,512,800,0.0011220467276871204,0.0011220467276871204,0.0005610233638435602,0.9998779296875,0.9983513951301575,1.019863247871399,4.780250072479248,0.597531259059906,True
scaling-tuned-adamw-10seeds-v1,cell-002-4a3528c0206e,2,C32-d8-L2-H1-m4-ffnnone,8,32,4,8,8,4,2,1,1,,False,adamw,0.003,800,512,800,0.0010554618202149868,0.0010554618202149868,0.0005277309101074934,1.0,1.0008795261383057,0.9985073208808899,4.62702751159668,0.578378438949585,True
scaling-tuned-adamw-10seeds-v1,cell-002-4a3528c0206e,2,C32-d8-L2-H1-m4-ffnnone,9,32,4,8,8,4,2,1,1,,False,adamw,0.003,800,512,800,0.0002310165436938405,0.0002310165436938405,0.00011550827184692025,1.0,0.9992539286613464,0.9719187021255493,3.842745542526245,0.48034319281578064,True
scaling-tuned-adamw-10seeds-v1,cell-003-3e79f448723e,3,C32-d8-L2-H4-m4-ffnnone,0,32,4,8,8,4,2,4,4,,False,adamw,0.003,800,512,800,0.012602434493601322,0.012602434493601322,0.006301217246800661,0.9971923828125,0.9838120937347412,0.9977670907974243,3.7892069816589355,0.47365087270736694,True
scaling-tuned-adamw-10seeds-v1,cell-003-3e79f448723e,3,C32-d8-L2-H4-m4-ffnnone,1,32,4,8,8,4,2,4,4,,False,adamw,0.003,800,512,800,0.025009002536535263,0.025009002536535263,0.012504501268267632,0.992919921875,0.9781562089920044,0.9901582598686218,3.654447317123413,0.45680591464042664,True
scaling-tuned-adamw-10seeds-v1,cell-003-3e79f448723e,3,C32-d8-L2-H4-m4-ffnnone,2,32,4,8,8,4,2,4,4,,False,adamw,0.003,800,512,800,0.022643275558948517,0.022643275558948517,0.011321637779474258,0.9945068359375,0.9745805263519287,0.9662894606590271,4.00096321105957,0.5001204013824463,True
scaling-tuned-adamw-10seeds-v1,cell-003-3e79f448723e,3,C32-d8-L2-H4-m4-ffnnone,3,32,4,8,8,4,2,4,4,,False,adamw,0.003,800,512,800,0.027961432933807373,0.027961432933807373,0.013980716466903687,0.99365234375,0.9732531309127808,0.968945324420929,4.10552978515625,0.5131912231445312,True
scaling-tuned-adamw-10seeds-v1,cell-003-3e79f448723e,3,C32-d8-L2-H4-m4-ffnnone,4,32,4,8,8,4,2,4,4,,False,adamw,0.003,800,512,800,0.010410222224891186,0.010410222224891186,0.005205111112445593,0.996826171875,0.9939082860946655,0.9897641539573669,4.2578229904174805,0.5322278738021851,True
scaling-tuned-adamw-10seeds-v1,cell-003-3e79f448723e,3,C32-d8-L2-H4-m4-ffnnone,5,32,4,8,8,4,2,4,4,,False,adamw,0.003,800,512,800,0.03174401819705963,0.03174401819705963,0.015872009098529816,0.991943359375,0.9671410918235779,0.9644668102264404,4.76654052734375,0.5958175659179688,True
scaling-tuned-adamw-10seeds-v1,cell-003-3e79f448723e,3,C32-d8-L2-H4-m4-ffnnone,6,32,4,8,8,4,2,4,4,,False,adamw,0.003,800,512,800,0.016564179211854935,0.016564179211854935,0.008282089605927467,0.9954833984375,0.9787553548812866,0.9732705354690552,3.641831636428833,0.4552289545536041,True
scaling-tuned-adamw-10seeds-v1,cell-003-3e79f448723e,3,C32-d8-L2-H4-m4-ffnnone,7,32,4,8,8,4,2,4,4,,False,adamw,0.003,800,512,800,0.02134087309241295,0.02134087309241295,0.010670436546206474,0.994384765625,0.9879915714263916,1.004116415977478,4.290894031524658,0.5363617539405823,True
scaling-tuned-adamw-10seeds-v1,cell-003-3e79f448723e,3,C32-d8-L2-H4-m4-ffnnone,8,32,4,8,8,4,2,4,4,,False,adamw,0.003,800,512,800,0.038942765444517136,0.038942765444517136,0.019471382722258568,0.9881591796875,0.9678918123245239,0.9674983024597168,3.6563074588775635,0.45703843235969543,True
scaling-tuned-adamw-10seeds-v1,cell-003-3e79f448723e,3,C32-d8-L2-H4-m4-ffnnone,9,32,4,8,8,4,2,4,4,,False,adamw,0.003,800,512,800,0.013457722961902618,0.013457722961902618,0.006728861480951309,0.9964599609375,0.9900115728378296,0.9886264801025391,2.5636043548583984,0.3204505443572998,True
scaling-tuned-adamw-10seeds-v1,cell-004-173da0011095,4,C8-d8-L2-H1-m4-ffn16,0,8,4,8,8,1,2,1,1,16,True,adamw,0.003,800,512,800,0.00042068056063726544,0.00042068056063726544,0.00021034028031863272,1.0,1.0006632804870605,0.9834945201873779,3.506941556930542,0.43836769461631775,True
scaling-tuned-adamw-10seeds-v1,cell-004-173da0011095,4,C8-d8-L2-H1-m4-ffn16,1,8,4,8,8,1,2,1,1,16,True,adamw,0.003,800,512,800,0.0002194254338974133,0.0002194254338974133,0.00010971271694870666,1.0,1.0009407997131348,1.001635193824768,3.7920713424682617,0.4740089178085327,True
scaling-tuned-adamw-10seeds-v1,cell-004-173da0011095,4,C8-d8-L2-H1-m4-ffn16,2,8,4,8,8,1,2,1,1,16,True,adamw,0.003,800,512,800,0.0009753176127560437,0.0009753176127560437,0.00048765880637802184,1.0,1.0019991397857666,1.014728307723999,4.087615489959717,0.5109519362449646,True
scaling-tuned-adamw-10seeds-v1,cell-004-173da0011095,4,C8-d8-L2-H1-m4-ffn16,3,8,4,8,8,1,2,1,1,16,True,adamw,0.003,800,512,800,0.0003422037698328495,0.0003422037698328495,0.00017110188491642475,1.0,0.9991776943206787,0.9971362352371216,3.46272349357605,0.4328404366970062,True
scaling-tuned-adamw-10seeds-v1,cell-004-173da0011095,4,C8-d8-L2-H1-m4-ffn16,4,8,4,8,8,1,2,1,1,16,True,adamw,0.003,800,512,800,0.00015415300731547177,0.00015415300731547177,7.707650365773588e-05,1.0,0.9994293451309204,0.9861258268356323,3.0646674633026123,0.38308343291282654,True
scaling-tuned-adamw-10seeds-v1,cell-004-173da0011095,4,C8-d8-L2-H1-m4-ffn16,5,8,4,8,8,1,2,1,1,16,True,adamw,0.003,800,512,800,0.00021150795510038733,0.00021150795510038733,0.00010575397755019367,1.0,0.9993841648101807,0.9845513105392456,3.4697515964508057,0.4337189495563507,True
scaling-tuned-adamw-10seeds-v1,cell-004-173da0011095,4,C8-d8-L2-H1-m4-ffn16,6,8,4,8,8,1,2,1,1,16,True,adamw,0.003,800,512,800,0.00014667827053926885,0.00014667827053926885,7.333913526963443e-05,1.0,0.9992292523384094,0.9996081590652466,3.810288429260254,0.47628605365753174,True
scaling-tuned-adamw-10seeds-v1,cell-004-173da0011095,4,C8-d8-L2-H1-m4-ffn16,7,8,4,8,8,1,2,1,1,16,True,adamw,0.003,800,512,800,0.0002715777372941375,0.0002715777372941375,0.00013578886864706874,1.0,1.001004934310913,0.9826201796531677,3.1512773036956787,0.39390966296195984,True
scaling-tuned-adamw-10seeds-v1,cell-004-173da0011095,4,C8-d8-L2-H1-m4-ffn16,8,8,4,8,8,1,2,1,1,16,True,adamw,0.003,800,512,800,0.00012900274305138737,0.00012900274305138737,6.450137152569368e-05,1.0,1.0003268718719482,1.005922794342041,3.830599784851074,0.4788249731063843,True
scaling-tuned-adamw-10seeds-v1,cell-004-173da0011095,4,C8-d8-L2-H1-m4-ffn16,9,8,4,8,8,1,2,1,1,16,True,adamw,0.003,800,512,800,0.00036342701059766114,0.00036342701059766114,0.00018171350529883057,1.0,0.9991330504417419,0.9960615634918213,3.6787259578704834,0.4598407447338104,True
scaling-tuned-adamw-10seeds-v1,cell-005-e6fff93be5a2,5,C8-d8-L2-H4-m4-ffn16,0,8,4,8,8,1,2,4,4,16,True,adamw,0.003,800,512,800,0.0006383988074958324,0.0006383988074958324,0.0003191994037479162,1.0,0.9988524913787842,0.9521229267120361,3.969254493713379,0.49615681171417236,True
scaling-tuned-adamw-10seeds-v1,cell-005-e6fff93be5a2,5,C8-d8-L2-H4-m4-ffn16,1,8,4,8,8,1,2,4,4,16,True,adamw,0.003,800,512,800,0.0005142426816746593,0.0005142426816746593,0.0002571213408373296,1.0,0.9993878602981567,0.9953188896179199,3.7900805473327637,0.47376006841659546,True
scaling-tuned-adamw-10seeds-v1,cell-005-e6fff93be5a2,5,C8-d8-L2-H4-m4-ffn16,2,8,4,8,8,1,2,4,4,16,True,adamw,0.003,800,512,800,0.001044869190081954,0.001044869190081954,0.000522434595040977,1.0,1.002032995223999,0.9913981556892395,3.969987392425537,0.49624842405319214,True
scaling-tuned-adamw-10seeds-v1,cell-005-e6fff93be5a2,5,C8-d8-L2-H4-m4-ffn16,3,8,4,8,8,1,2,4,4,16,True,adamw,0.003,800,512,800,0.001006640144623816,0.001006640144623816,0.000503320072311908,1.0,1.0004080533981323,0.9964114427566528,3.3234972953796387,0.41543716192245483,True
scaling-tuned-adamw-10seeds-v1,cell-005-e6fff93be5a2,5,C8-d8-L2-H4-m4-ffn16,4,8,4,8,8,1,2,4,4,16,True,adamw,0.003,800,512,800,0.0002057053497992456,0.0002057053497992456,0.0001028526748996228,1.0,1.0003247261047363,1.0013303756713867,3.084933280944824,0.385616660118103,True
scaling-tuned-adamw-10seeds-v1,cell-005-e6fff93be5a2,5,C8-d8-L2-H4-m4-ffn16,5,8,4,8,8,1,2,4,4,16,True,adamw,0.003,800,512,800,0.004360539373010397,0.004360539373010397,0.0021802696865051985,0.998779296875,0.9877055287361145,0.9715735912322998,3.156538486480713,0.3945673108100891,True
scaling-tuned-adamw-10seeds-v1,cell-005-e6fff93be5a2,5,C8-d8-L2-H4-m4-ffn16,6,8,4,8,8,1,2,4,4,16,True,adamw,0.003,800,512,800,0.0003261769306845963,0.0003261769306845963,0.00016308846534229815,1.0,0.9995990991592407,1.0033679008483887,3.526175022125244,0.4407718777656555,True
scaling-tuned-adamw-10seeds-v1,cell-005-e6fff93be5a2,5,C8-d8-L2-H4-m4-ffn16,7,8,4,8,8,1,2,4,4,16,True,adamw,0.003,800,512,800,0.0003985905204899609,0.0003985905204899609,0.00019929526024498045,1.0,1.0008511543273926,0.9995680451393127,3.160536766052246,0.39506709575653076,True
scaling-tuned-adamw-10seeds-v1,cell-005-e6fff93be5a2,5,C8-d8-L2-H4-m4-ffn16,8,8,4,8,8,1,2,4,4,16,True,adamw,0.003,800,512,800,0.00017116576782427728,0.00017116576782427728,8.558288391213864e-05,1.0,1.0001250505447388,0.9923007488250732,3.850975751876831,0.4813719689846039,True
scaling-tuned-adamw-10seeds-v1,cell-005-e6fff93be5a2,5,C8-d8-L2-H4-m4-ffn16,9,8,4,8,8,1,2,4,4,16,True,adamw,0.003,800,512,800,0.00023682050232309848,0.00023682050232309848,0.00011841025116154924,1.0,0.9997153878211975,0.9977390766143799,3.997356653213501,0.4996695816516876,True
scaling-tuned-adamw-10seeds-v1,cell-006-f100eb25da99,6,C32-d8-L2-H1-m4-ffn16,0,32,4,8,8,4,2,1,1,16,True,adamw,0.003,800,512,800,0.0008589808130636811,0.0008589808130636811,0.00042949040653184056,0.9998779296875,0.9998214244842529,1.0128350257873535,4.872373104095459,0.6090466380119324,True
scaling-tuned-adamw-10seeds-v1,cell-006-f100eb25da99,6,C32-d8-L2-H1-m4-ffn16,1,32,4,8,8,4,2,1,1,16,True,adamw,0.003,800,512,800,0.00047010910930112004,0.00047010910930112004,0.00023505455465056002,1.0,0.9995977878570557,1.0060372352600098,4.813764572143555,0.6017205715179443,True
scaling-tuned-adamw-10seeds-v1,cell-006-f100eb25da99,6,C32-d8-L2-H1-m4-ffn16,2,32,4,8,8,4,2,1,1,16,True,adamw,0.003,800,512,800,0.00713750347495079,0.00713750347495079,0.003568751737475395,0.9984130859375,0.9893088936805725,0.9823943376541138,5.281167030334473,0.6601458787918091,True
scaling-tuned-adamw-10seeds-v1,cell-006-f100eb25da99,6,C32-d8-L2-H1-m4-ffn16,3,32,4,8,8,4,2,1,1,16,True,adamw,0.003,800,512,800,0.00045861612306907773,0.00045861612306907773,0.00022930806153453887,0.9998779296875,1.0012160539627075,1.0025404691696167,4.656275272369385,0.5820344090461731,True
scaling-tuned-adamw-10seeds-v1,cell-006-f100eb25da99,6,C32-d8-L2-H1-m4-ffn16,4,32,4,8,8,4,2,1,1,16,True,adamw,0.003,800,512,800,0.0017057062359526753,0.0017057062359526753,0.0008528531179763377,0.9996337890625,0.9995273947715759,0.9952529072761536,5.32965087890625,0.6662063598632812,True
scaling-tuned-adamw-10seeds-v1,cell-006-f100eb25da99,6,C32-d8-L2-H1-m4-ffn16,5,32,4,8,8,4,2,1,1,16,True,adamw,0.003,800,512,800,0.001199807389639318,0.001199807389639318,0.000599903694819659,0.9998779296875,0.9981081485748291,1.015110969543457,4.329873561859131,0.5412341952323914,True
scaling-tuned-adamw-10seeds-v1,cell-006-f100eb25da99,6,C32-d8-L2-H1-m4-ffn16,6,32,4,8,8,4,2,1,1,16,True,adamw,0.003,800,512,800,0.00014975309022702277,0.00014975309022702277,7.487654511351138e-05,1.0,0.9992632865905762,1.010075330734253,5.560626983642578,0.6950783729553223,True
scaling-tuned-adamw-10seeds-v1,cell-006-f100eb25da99,6,C32-d8-L2-H1-m4-ffn16,7,32,4,8,8,4,2,1,1,16,True,adamw,0.003,800,512,800,0.0003376058302819729,0.0003376058302819729,0.00016880291514098644,1.0,0.9993079900741577,1.0212409496307373,5.17869234085083,0.6473365426063538,True
scaling-tuned-adamw-10seeds-v1,cell-006-f100eb25da99,6,C32-d8-L2-H1-m4-ffn16,8,32,4,8,8,4,2,1,1,16,True,adamw,0.003,800,512,800,0.00018996155995409936,0.00018996155995409936,9.498077997704968e-05,1.0,0.9987325072288513,0.9958207607269287,4.952025890350342,0.6190032362937927,True
scaling-tuned-adamw-10seeds-v1,cell-006-f100eb25da99,6,C32-d8-L2-H1-m4-ffn16,9,32,4,8,8,4,2,1,1,16,True,adamw,0.003,800,512,800,0.0011456941720098257,0.0011456941720098257,0.0005728470860049129,0.9998779296875,1.0007342100143433,0.9667569398880005,4.073134899139404,0.5091418623924255,True
scaling-tuned-adamw-10seeds-v1,cell-007-8736a677897e,7,C32-d8-L2-H4-m4-ffn16,0,32,4,8,8,4,2,4,4,16,True,adamw,0.003,800,512,800,0.009432265534996986,0.009432265534996986,0.004716132767498493,0.9970703125,0.9919058680534363,0.9915828704833984,3.8116719722747803,0.47645899653434753,True
scaling-tuned-adamw-10seeds-v1,cell-007-8736a677897e,7,C32-d8-L2-H4-m4-ffn16,1,32,4,8,8,4,2,4,4,16,True,adamw,0.003,800,512,800,0.007188405841588974,0.007188405841588974,0.003594202920794487,0.998046875,0.9931455850601196,0.9960372447967529,3.3529763221740723,0.41912204027175903,True
scaling-tuned-adamw-10seeds-v1,cell-007-8736a677897e,7,C32-d8-L2-H4-m4-ffn16,2,32,4,8,8,4,2,4,4,16,True,adamw,0.003,800,512,800,0.058608055114746094,0.058608055114746094,0.029304027557373047,0.9822998046875,0.9500070810317993,0.9350669384002686,4.936591625213623,0.6170739531517029,True
scaling-tuned-adamw-10seeds-v1,cell-007-8736a677897e,7,C32-d8-L2-H4-m4-ffn16,3,32,4,8,8,4,2,4,4,16,True,adamw,0.003,800,512,800,0.009860305115580559,0.009860305115580559,0.004930152557790279,0.997314453125,0.9925273656845093,1.008448839187622,3.8228728771209717,0.47785910964012146,True
scaling-tuned-adamw-10seeds-v1,cell-007-8736a677897e,7,C32-d8-L2-H4-m4-ffn16,4,32,4,8,8,4,2,4,4,16,True,adamw,0.003,800,512,800,0.017371878027915955,0.017371878027915955,0.008685939013957977,0.99560546875,0.9805496335029602,0.9761738181114197,4.37171745300293,0.5464646816253662,True
scaling-tuned-adamw-10seeds-v1,cell-007-8736a677897e,7,C32-d8-L2-H4-m4-ffn16,5,32,4,8,8,4,2,4,4,16,True,adamw,0.003,800,512,800,0.03558877855539322,0.03558877855539322,0.01779438927769661,0.9896240234375,0.9525158405303955,0.9570811986923218,4.343270301818848,0.542908787727356,True
scaling-tuned-adamw-10seeds-v1,cell-007-8736a677897e,7,C32-d8-L2-H4-m4-ffn16,6,32,4,8,8,4,2,4,4,16,True,adamw,0.003,800,512,800,0.011380418203771114,0.011380418203771114,0.005690209101885557,0.996826171875,0.9898524284362793,1.0087686777114868,4.609637260437012,0.5762046575546265,True
scaling-tuned-adamw-10seeds-v1,cell-007-8736a677897e,7,C32-d8-L2-H4-m4-ffn16,7,32,4,8,8,4,2,4,4,16,True,adamw,0.003,800,512,800,0.007030031643807888,0.007030031643807888,0.003515015821903944,0.9981689453125,0.995058000087738,1.0178557634353638,4.9654765129089355,0.6206845641136169,True
scaling-tuned-adamw-10seeds-v1,cell-007-8736a677897e,7,C32-d8-L2-H4-m4-ffn16,8,32,4,8,8,4,2,4,4,16,True,adamw,0.003,800,512,800,0.010181495919823647,0.010181495919823647,0.005090747959911823,0.996826171875,0.9853150844573975,0.9820418357849121,4.846479892730713,0.6058099865913391,True
scaling-tuned-adamw-10seeds-v1,cell-007-8736a677897e,7,C32-d8-L2-H4-m4-ffn16,9,32,4,8,8,4,2,4,4,16,True,adamw,0.003,800,512,800,0.04725915193557739,0.04725915193557739,0.023629575967788696,0.986328125,0.9531909227371216,0.9222320318222046,4.354405403137207,0.5443006753921509,True
scaling-tuned-adamw-10seeds-v1,cell-008-b0acb3f0bc5a,8,C32-d32-L2-H1-m4-ffnnone,0,32,4,32,32,1,2,1,1,,False,adamw,0.003,800,512,800,4.190183972241357e-05,4.190183972241357e-05,2.0950919861206785e-05,1.0,0.999531626701355,1.0013351440429688,12.265911102294922,0.3833097219467163,True
scaling-tuned-adamw-10seeds-v1,cell-008-b0acb3f0bc5a,8,C32-d32-L2-H1-m4-ffnnone,1,32,4,32,32,1,2,1,1,,False,adamw,0.003,800,512,800,9.990293619921431e-05,9.990293619921431e-05,4.9951468099607155e-05,1.0,1.001389741897583,1.0036299228668213,11.974327087402344,0.37419772148132324,True
scaling-tuned-adamw-10seeds-v1,cell-008-b0acb3f0bc5a,8,C32-d32-L2-H1-m4-ffnnone,2,32,4,32,32,1,2,1,1,,False,adamw,0.003,800,512,800,8.315398008562624e-05,8.315398008562624e-05,4.157699004281312e-05,1.0,1.0008940696716309,1.008378505706787,12.713693618774414,0.39730292558670044,True
scaling-tuned-adamw-10seeds-v1,cell-008-b0acb3f0bc5a,8,C32-d32-L2-H1-m4-ffnnone,3,32,4,32,32,1,2,1,1,,False,adamw,0.003,800,512,800,8.262258779723197e-05,8.262258779723197e-05,4.1311293898615986e-05,1.0,1.0019917488098145,0.9884821772575378,12.064264297485352,0.37700825929641724,True
scaling-tuned-adamw-10seeds-v1,cell-008-b0acb3f0bc5a,8,C32-d32-L2-H1-m4-ffnnone,4,32,4,32,32,1,2,1,1,,False,adamw,0.003,800,512,800,9.661424701334909e-05,9.661424701334909e-05,4.830712350667454e-05,1.0,1.0003023147583008,0.9978576898574829,12.193195343017578,0.3810373544692993,True
scaling-tuned-adamw-10seeds-v1,cell-008-b0acb3f0bc5a,8,C32-d32-L2-H1-m4-ffnnone,5,32,4,32,32,1,2,1,1,,False,adamw,0.003,800,512,800,0.00015870762581471354,0.00015870762581471354,7.935381290735677e-05,1.0,1.0015966892242432,1.0126900672912598,12.285188674926758,0.3839121460914612,True
scaling-tuned-adamw-10seeds-v1,cell-008-b0acb3f0bc5a,8,C32-d32-L2-H1-m4-ffnnone,6,32,4,32,32,1,2,1,1,,False,adamw,0.003,800,512,800,4.0183920646086335e-05,4.0183920646086335e-05,2.0091960323043168e-05,1.0,1.0005019903182983,1.0052367448806763,12.846903800964355,0.4014657437801361,True
scaling-tuned-adamw-10seeds-v1,cell-008-b0acb3f0bc5a,8,C32-d32-L2-H1-m4-ffnnone,7,32,4,32,32,1,2,1,1,,False,adamw,0.003,800,512,800,7.956095942063257e-05,7.956095942063257e-05,3.9780479710316285e-05,1.0,1.0017813444137573,0.9921858906745911,12.303336143493652,0.38447925448417664,True
scaling-tuned-adamw-10seeds-v1,cell-008-b0acb3f0bc5a,8,C32-d32-L2-H1-m4-ffnnone,8,32,4,32,32,1,2,1,1,,False,adamw,0.003,800,512,800,6.102666520746425e-05,6.102666520746425e-05,3.0513332603732124e-05,1.0,0.9990863800048828,0.9973888993263245,12.876843452453613,0.4024013578891754,True
scaling-tuned-adamw-10seeds-v1,cell-008-b0acb3f0bc5a,8,C32-d32-L2-H1-m4-ffnnone,9,32,4,32,32,1,2,1,1,,False,adamw,0.003,800,512,800,4.499007991398685e-05,4.499007991398685e-05,2.2495039956993423e-05,1.0,0.9994672536849976,1.0088989734649658,11.713005065917969,0.3660314083099365,True
scaling-tuned-adamw-10seeds-v1,cell-009-ab32a69e245d,9,C32-d32-L2-H4-m4-ffnnone,0,32,4,32,32,1,2,4,4,,False,adamw,0.003,800,512,800,0.00012046654592268169,0.00012046654592268169,6.0233272961340845e-05,1.0,0.9986327886581421,0.9988147616386414,11.650287628173828,0.36407148838043213,True
scaling-tuned-adamw-10seeds-v1,cell-009-ab32a69e245d,9,C32-d32-L2-H4-m4-ffnnone,1,32,4,32,32,1,2,4,4,,False,adamw,0.003,800,512,800,0.0002269447868457064,0.0002269447868457064,0.0001134723934228532,1.0,1.001678705215454,1.0080504417419434,11.019508361816406,0.3443596363067627,True
scaling-tuned-adamw-10seeds-v1,cell-009-ab32a69e245d,9,C32-d32-L2-H4-m4-ffnnone,2,32,4,32,32,1,2,4,4,,False,adamw,0.003,800,512,800,0.0001410339173162356,0.0001410339173162356,7.05169586581178e-05,1.0,0.9995046854019165,1.005702257156372,12.00733757019043,0.3752292990684509,True
scaling-tuned-adamw-10seeds-v1,cell-009-ab32a69e245d,9,C32-d32-L2-H4-m4-ffnnone,3,32,4,32,32,1,2,4,4,,False,adamw,0.003,800,512,800,0.00011110331251984462,0.00011110331251984462,5.555165625992231e-05,1.0,1.000626802444458,1.0166629552841187,11.320402145385742,0.35376256704330444,True
scaling-tuned-adamw-10seeds-v1,cell-009-ab32a69e245d,9,C32-d32-L2-H4-m4-ffnnone,4,32,4,32,32,1,2,4,4,,False,adamw,0.003,800,512,800,0.004067976027727127,0.004067976027727127,0.0020339880138635635,0.998779296875,0.9875352382659912,0.9936778545379639,11.137650489807129,0.3480515778064728,True
scaling-tuned-adamw-10seeds-v1,cell-009-ab32a69e245d,9,C32-d32-L2-H4-m4-ffnnone,5,32,4,32,32,1,2,4,4,,False,adamw,0.003,800,512,800,0.00036888039903715253,0.00036888039903715253,0.00018444019951857626,1.0,0.9998905658721924,1.0084240436553955,9.88235092163086,0.30882346630096436,True
scaling-tuned-adamw-10seeds-v1,cell-009-ab32a69e245d,9,C32-d32-L2-H4-m4-ffnnone,6,32,4,32,32,1,2,4,4,,False,adamw,0.003,800,512,800,9.972081170417368e-05,9.972081170417368e-05,4.986040585208684e-05,1.0,0.9999207258224487,0.9847205281257629,12.469706535339355,0.38967832922935486,True
scaling-tuned-adamw-10seeds-v1,cell-009-ab32a69e245d,9,C32-d32-L2-H4-m4-ffnnone,7,32,4,32,32,1,2,4,4,,False,adamw,0.003,800,512,800,0.00017777871107682586,0.00017777871107682586,8.888935553841293e-05,1.0,1.0004562139511108,0.9988256096839905,11.359576225280762,0.3549867570400238,True
scaling-tuned-adamw-10seeds-v1,cell-009-ab32a69e245d,9,C32-d32-L2-H4-m4-ffnnone,8,32,4,32,32,1,2,4,4,,False,adamw,0.003,800,512,800,0.0012826626189053059,0.0012826626189053059,0.0006413313094526529,0.9996337890625,0.9944887161254883,0.9838142991065979,12.191555976867676,0.38098612427711487,True
scaling-tuned-adamw-10seeds-v1,cell-009-ab32a69e245d,9,C32-d32-L2-H4-m4-ffnnone,9,32,4,32,32,1,2,4,4,,False,adamw,0.003,800,512,800,6.427080370485783e-05,6.427080370485783e-05,3.213540185242891e-05,1.0,1.001359462738037,0.9998383522033691,11.655458450317383,0.3642330765724182,True
scaling-tuned-adamw-10seeds-v1,cell-010-e2d6e09349f6,10,C128-d32-L2-H1-m4-ffnnone,0,128,4,32,32,4,2,1,1,,False,adamw,0.003,800,512,800,0.00012075545964762568,0.00012075545964762568,6.037772982381284e-05,1.0,1.000220775604248,0.9920811653137207,20.75088882446289,0.6484652757644653,True
scaling-tuned-adamw-10seeds-v1,cell-010-e2d6e09349f6,10,C128-d32-L2-H1-m4-ffnnone,1,128,4,32,32,4,2,1,1,,False,adamw,0.003,800,512,800,0.0004778830334544182,0.0004778830334544182,0.0002389415167272091,0.9998779296875,0.9993269443511963,0.9906461238861084,18.09935760498047,0.5656049251556396,True
scaling-tuned-adamw-10seeds-v1,cell-010-e2d6e09349f6,10,C128-d32-L2-H1-m4-ffnnone,2,128,4,32,32,4,2,1,1,,False,adamw,0.003,800,512,800,0.00010464220395078883,0.00010464220395078883,5.232110197539441e-05,1.0,0.9999717473983765,0.9932793974876404,20.020708084106445,0.6256471276283264,True
scaling-tuned-adamw-10seeds-v1,cell-010-e2d6e09349f6,10,C128-d32-L2-H1-m4-ffnnone,3,128,4,32,32,4,2,1,1,,False,adamw,0.003,800,512,800,0.00014942302368581295,0.00014942302368581295,7.471151184290648e-05,1.0,0.9985786080360413,1.0178380012512207,17.44394302368164,0.5451232194900513,True
scaling-tuned-adamw-10seeds-v1,cell-010-e2d6e09349f6,10,C128-d32-L2-H1-m4-ffnnone,4,128,4,32,32,4,2,1,1,,False,adamw,0.003,800,512,800,0.00042250999831594527,0.00042250999831594527,0.00021125499915797263,0.9998779296875,0.9987965822219849,1.0000355243682861,18.623464584350586,0.5819832682609558,True
scaling-tuned-adamw-10seeds-v1,cell-010-e2d6e09349f6,10,C128-d32-L2-H1-m4-ffnnone,5,128,4,32,32,4,2,1,1,,False,adamw,0.003,800,512,800,0.00021548618678934872,0.00021548618678934872,0.00010774309339467436,1.0,1.000809907913208,1.0048646926879883,17.977197647094727,0.5617874264717102,True
scaling-tuned-adamw-10seeds-v1,cell-010-e2d6e09349f6,10,C128-d32-L2-H1-m4-ffnnone,6,128,4,32,32,4,2,1,1,,False,adamw,0.003,800,512,800,0.00043857129639945924,0.00043857129639945924,0.00021928564819972962,0.9998779296875,0.9994000196456909,1.0107945203781128,18.630830764770508,0.5822134613990784,True
scaling-tuned-adamw-10seeds-v1,cell-010-e2d6e09349f6,10,C128-d32-L2-H1-m4-ffnnone,7,128,4,32,32,4,2,1,1,,False,adamw,0.003,800,512,800,0.004335771314799786,0.004335771314799786,0.002167885657399893,0.9989013671875,0.9925942420959473,0.9862632751464844,17.603364944458008,0.5501051545143127,True
scaling-tuned-adamw-10seeds-v1,cell-010-e2d6e09349f6,10,C128-d32-L2-H1-m4-ffnnone,8,128,4,32,32,4,2,1,1,,False,adamw,0.003,800,512,800,9.965822391677648e-05,9.965822391677648e-05,4.982911195838824e-05,1.0,1.000760555267334,1.002431869506836,20.811227798461914,0.6503508687019348,True
scaling-tuned-adamw-10seeds-v1,cell-010-e2d6e09349f6,10,C128-d32-L2-H1-m4-ffnnone,9,128,4,32,32,4,2,1,1,,False,adamw,0.003,800,512,800,0.00012810055341105908,0.00012810055341105908,6.405027670552954e-05,1.0,0.9982972741127014,0.9915865659713745,17.82732391357422,0.5571038722991943,True
scaling-tuned-adamw-10seeds-v1,cell-011-23683cb9175a,11,C128-d32-L2-H4-m4-ffnnone,0,128,4,32,32,4,2,4,4,,False,adamw,0.003,800,512,800,0.009234780445694923,0.009234780445694923,0.004617390222847462,0.9974365234375,0.9880272150039673,0.9654399156570435,15.182402610778809,0.47445008158683777,True
scaling-tuned-adamw-10seeds-v1,cell-011-23683cb9175a,11,C128-d32-L2-H4-m4-ffnnone,1,128,4,32,32,4,2,4,4,,False,adamw,0.003,800,512,800,0.00038529542507603765,0.00038529542507603765,0.00019264771253801882,1.0,1.002551555633545,1.0014325380325317,15.471152305603027,0.4834735095500946,True
scaling-tuned-adamw-10seeds-v1,cell-011-23683cb9175a,11,C128-d32-L2-H4-m4-ffnnone,2,128,4,32,32,4,2,4,4,,False,adamw,0.003,800,512,800,0.002772881416603923,0.002772881416603923,0.0013864407083019614,0.999267578125,0.9949414134025574,0.9815071225166321,14.672118186950684,0.45850369334220886,True
scaling-tuned-adamw-10seeds-v1,cell-011-23683cb9175a,11,C128-d32-L2-H4-m4-ffnnone,3,128,4,32,32,4,2,4,4,,False,adamw,0.003,800,512,800,0.0003735423379112035,0.0003735423379112035,0.00018677116895560175,1.0,1.0017156600952148,1.0206611156463623,14.770467758178711,0.4615771174430847,True
scaling-tuned-adamw-10seeds-v1,cell-011-23683cb9175a,11,C128-d32-L2-H4-m4-ffnnone,4,128,4,32,32,4,2,4,4,,False,adamw,0.003,800,512,800,0.0010626977309584618,0.0010626977309584618,0.0005313488654792309,0.999755859375,0.9998375773429871,1.0049147605895996,16.322416305541992,0.5100755095481873,True
scaling-tuned-adamw-10seeds-v1,cell-011-23683cb9175a,11,C128-d32-L2-H4-m4-ffnnone,5,128,4,32,32,4,2,4,4,,False,adamw,0.003,800,512,800,0.005916415248066187,0.005916415248066187,0.0029582076240330935,0.9981689453125,0.9972881078720093,0.9910136461257935,14.928316116333008,0.4665098786354065,True
scaling-tuned-adamw-10seeds-v1,cell-011-23683cb9175a,11,C128-d32-L2-H4-m4-ffnnone,6,128,4,32,32,4,2,4,4,,False,adamw,0.003,800,512,800,0.0005235296557657421,0.0005235296557657421,0.00026176482788287103,0.9998779296875,0.999601423740387,1.0050396919250488,17.574281692504883,0.5491963028907776,True
scaling-tuned-adamw-10seeds-v1,cell-011-23683cb9175a,11,C128-d32-L2-H4-m4-ffnnone,7,128,4,32,32,4,2,4,4,,False,adamw,0.003,800,512,800,0.00038281112210825086,0.00038281112210825086,0.00019140556105412543,1.0,0.9988263845443726,0.9832811951637268,14.984973907470703,0.4682804346084595,True
scaling-tuned-adamw-10seeds-v1,cell-011-23683cb9175a,11,C128-d32-L2-H4-m4-ffnnone,8,128,4,32,32,4,2,4,4,,False,adamw,0.003,800,512,800,0.0001428117393516004,0.0001428117393516004,7.14058696758002e-05,1.0,0.999505341053009,1.0004465579986572,18.295249938964844,0.5717265605926514,True
scaling-tuned-adamw-10seeds-v1,cell-011-23683cb9175a,11,C128-d32-L2-H4-m4-ffnnone,9,128,4,32,32,4,2,4,4,,False,adamw,0.003,800,512,800,0.0015482385642826557,0.0015482385642826557,0.0007741192821413279,0.999755859375,0.9967622756958008,0.9882570505142212,14.778364181518555,0.46182388067245483,True
scaling-tuned-adamw-10seeds-v1,cell-012-5abf40069665,12,C32-d32-L2-H1-m4-ffn64,0,32,4,32,32,1,2,1,1,64,True,adamw,0.003,800,512,800,5.165084803593345e-05,5.165084803593345e-05,2.5825424017966725e-05,1.0,0.9999857544898987,1.0036523342132568,12.914087295532227,0.4035652279853821,True
scaling-tuned-adamw-10seeds-v1,cell-012-5abf40069665,12,C32-d32-L2-H1-m4-ffn64,1,32,4,32,32,1,2,1,1,64,True,adamw,0.003,800,512,800,0.00010196427319897339,0.00010196427319897339,5.0982136599486694e-05,1.0,1.0023868083953857,1.00303316116333,13.113179206848145,0.4097868502140045,True
scaling-tuned-adamw-10seeds-v1,cell-012-5abf40069665,12,C32-d32-L2-H1-m4-ffn64,2,32,4,32,32,1,2,1,1,64,True,adamw,0.003,800,512,800,7.055734022287652e-05,7.055734022287652e-05,3.527867011143826e-05,1.0,0.9989564418792725,0.995581328868866,11.7788724899292,0.3680897653102875,True
scaling-tuned-adamw-10seeds-v1,cell-012-5abf40069665,12,C32-d32-L2-H1-m4-ffn64,3,32,4,32,32,1,2,1,1,64,True,adamw,0.003,800,512,800,8.545813034288585e-05,8.545813034288585e-05,4.2729065171442926e-05,1.0,0.9989723563194275,0.9918432235717773,12.214092254638672,0.3816903829574585,True
scaling-tuned-adamw-10seeds-v1,cell-012-5abf40069665,12,C32-d32-L2-H1-m4-ffn64,4,32,4,32,32,1,2,1,1,64,True,adamw,0.003,800,512,800,8.197413990274072e-05,8.197413990274072e-05,4.098706995137036e-05,1.0,0.9995083212852478,0.9705204367637634,13.429851531982422,0.4196828603744507,True
scaling-tuned-adamw-10seeds-v1,cell-012-5abf40069665,12,C32-d32-L2-H1-m4-ffn64,5,32,4,32,32,1,2,1,1,64,True,adamw,0.003,800,512,800,0.00010500197822693735,0.00010500197822693735,5.250098911346868e-05,1.0,0.9985871315002441,1.0082545280456543,12.847071647644043,0.40147098898887634,True
scaling-tuned-adamw-10seeds-v1,cell-012-5abf40069665,12,C32-d32-L2-H1-m4-ffn64,6,32,4,32,32,1,2,1,1,64,True,adamw,0.003,800,512,800,9.231822332367301e-05,9.231822332367301e-05,4.6159111661836505e-05,1.0,0.9989553689956665,1.013096809387207,12.928510665893555,0.4040159583091736,True
scaling-tuned-adamw-10seeds-v1,cell-012-5abf40069665,12,C32-d32-L2-H1-m4-ffn64,7,32,4,32,32,1,2,1,1,64,True,adamw,0.003,800,512,800,6.0245620261412114e-05,6.0245620261412114e-05,3.0122810130706057e-05,1.0,1.0009994506835938,1.0196181535720825,12.762864112854004,0.3988395035266876,True
scaling-tuned-adamw-10seeds-v1,cell-012-5abf40069665,12,C32-d32-L2-H1-m4-ffn64,8,32,4,32,32,1,2,1,1,64,True,adamw,0.003,800,512,800,5.738311665481888e-05,5.738311665481888e-05,2.869155832740944e-05,1.0,0.9985882043838501,0.988640546798706,12.730079650878906,0.3978149890899658,True
scaling-tuned-adamw-10seeds-v1,cell-012-5abf40069665,12,C32-d32-L2-H1-m4-ffn64,9,32,4,32,32,1,2,1,1,64,True,adamw,0.003,800,512,800,4.189102037344128e-05,4.189102037344128e-05,2.094551018672064e-05,1.0,0.9995886087417603,0.9854165315628052,13.352027893066406,0.4172508716583252,True
scaling-tuned-adamw-10seeds-v1,cell-013-496408283b62,13,C32-d32-L2-H4-m4-ffn64,0,32,4,32,32,1,2,4,4,64,True,adamw,0.003,800,512,800,9.862075967248529e-05,9.862075967248529e-05,4.9310379836242646e-05,1.0,0.9988376498222351,1.0056796073913574,11.55955982208252,0.36123624444007874,True
scaling-tuned-adamw-10seeds-v1,cell-013-496408283b62,13,C32-d32-L2-H4-m4-ffn64,1,32,4,32,32,1,2,4,4,64,True,adamw,0.003,800,512,800,0.00019000025349669158,0.00019000025349669158,9.500012674834579e-05,1.0,1.002826452255249,1.0141817331314087,12.581286430358887,0.3931652009487152,True
scaling-tuned-adamw-10seeds-v1,cell-013-496408283b62,13,C32-d32-L2-H4-m4-ffn64,2,32,4,32,32,1,2,4,4,64,True,adamw,0.003,800,512,800,0.000188454010640271,0.000188454010640271,9.42270053201355e-05,1.0,1.001493215560913,1.006497859954834,11.326760292053223,0.3539612591266632,True
scaling-tuned-adamw-10seeds-v1,cell-013-496408283b62,13,C32-d32-L2-H4-m4-ffn64,3,32,4,32,32,1,2,4,4,64,True,adamw,0.003,800,512,800,0.0004440542252268642,0.0004440542252268642,0.0002220271126134321,0.9998779296875,0.9968757629394531,0.9928973317146301,11.362495422363281,0.35507798194885254,True
scaling-tuned-adamw-10seeds-v1,cell-013-496408283b62,13,C32-d32-L2-H4-m4-ffn64,4,32,4,32,32,1,2,4,4,64,True,adamw,0.003,800,512,800,0.00022452448320109397,0.00022452448320109397,0.00011226224160054699,1.0,0.9970197677612305,1.0081660747528076,11.407078742980957,0.3564712107181549,True
scaling-tuned-adamw-10seeds-v1,cell-013-496408283b62,13,C32-d32-L2-H4-m4-ffn64,5,32,4,32,32,1,2,4,4,64,True,adamw,0.003,800,512,800,0.0006213151500560343,0.0006213151500560343,0.00031065757502801716,0.9998779296875,0.9990646839141846,1.0058703422546387,11.171963691711426,0.34912386536598206,True
scaling-tuned-adamw-10seeds-v1,cell-013-496408283b62,13,C32-d32-L2-H4-m4-ffn64,6,32,4,32,32,1,2,4,4,64,True,adamw,0.003,800,512,800,0.00017521120025776327,0.00017521120025776327,8.760560012888163e-05,1.0,1.0025814771652222,1.019615888595581,12.091238975524902,0.3778512179851532,True
scaling-tuned-adamw-10seeds-v1,cell-013-496408283b62,13,C32-d32-L2-H4-m4-ffn64,7,32,4,32,32,1,2,4,4,64,True,adamw,0.003,800,512,800,9.371450869366527e-05,9.371450869366527e-05,4.685725434683263e-05,1.0,0.999031662940979,1.0161858797073364,11.333056449890137,0.3541580140590668,True
scaling-tuned-adamw-10seeds-v1,cell-013-496408283b62,13,C32-d32-L2-H4-m4-ffn64,8,32,4,32,32,1,2,4,4,64,True,adamw,0.003,800,512,800,0.00012110667739761993,0.00012110667739761993,6.0553338698809966e-05,1.0,0.9999563097953796,1.0020703077316284,11.852068901062012,0.37037715315818787,True
scaling-tuned-adamw-10seeds-v1,cell-013-496408283b62,13,C32-d32-L2-H4-m4-ffn64,9,32,4,32,32,1,2,4,4,64,True,adamw,0.003,800,512,800,0.00032434670720249414,0.00032434670720249414,0.00016217335360124707,0.9998779296875,0.9992790222167969,0.9824937582015991,12.773600578308105,0.3991750180721283,True
scaling-tuned-adamw-10seeds-v1,cell-014-878540454dfb,14,C128-d32-L2-H1-m4-ffn64,0,128,4,32,32,4,2,1,1,64,True,adamw,0.003,800,512,800,0.00016286075697280467,0.00016286075697280467,8.143037848640233e-05,1.0,0.9996304512023926,1.0003530979156494,18.515172958374023,0.5785991549491882,True
scaling-tuned-adamw-10seeds-v1,cell-014-878540454dfb,14,C128-d32-L2-H1-m4-ffn64,1,128,4,32,32,4,2,1,1,64,True,adamw,0.003,800,512,800,0.00013098417548462749,0.00013098417548462749,6.549208774231374e-05,1.0,0.9980678558349609,0.9986060261726379,19.761133193969727,0.617535412311554,True
scaling-tuned-adamw-10seeds-v1,cell-014-878540454dfb,14,C128-d32-L2-H1-m4-ffn64,2,128,4,32,32,4,2,1,1,64,True,adamw,0.003,800,512,800,0.00015015485405456275,0.00015015485405456275,7.507742702728137e-05,1.0,1.0019252300262451,1.0050480365753174,19.389894485473633,0.605934202671051,True
scaling-tuned-adamw-10seeds-v1,cell-014-878540454dfb,14,C128-d32-L2-H1-m4-ffn64,3,128,4,32,32,4,2,1,1,64,True,adamw,0.003,800,512,800,8.285100921057165e-05,8.285100921057165e-05,4.142550460528582e-05,1.0,1.0007808208465576,0.9991081357002258,20.27465057373047,0.6335828304290771,True
scaling-tuned-adamw-10seeds-v1,cell-014-878540454dfb,14,C128-d32-L2-H1-m4-ffn64,4,128,4,32,32,4,2,1,1,64,True,adamw,0.003,800,512,800,0.0009918982395902276,0.0009918982395902276,0.0004959491197951138,0.9996337890625,1.0010783672332764,1.0066132545471191,18.881507873535156,0.5900471210479736,True
scaling-tuned-adamw-10seeds-v1,cell-014-878540454dfb,14,C128-d32-L2-H1-m4-ffn64,5,128,4,32,32,4,2,1,1,64,True,adamw,0.003,800,512,800,0.003171947319060564,0.003171947319060564,0.001585973659530282,0.9991455078125,0.9994432926177979,1.0062414407730103,18.51861572265625,0.5787067413330078,True
scaling-tuned-adamw-10seeds-v1,cell-014-878540454dfb,14,C128-d32-L2-H1-m4-ffn64,6,128,4,32,32,4,2,1,1,64,True,adamw,0.003,800,512,800,0.00016473850701004267,0.00016473850701004267,8.236925350502133e-05,1.0,1.0046123266220093,1.0179121494293213,19.086467742919922,0.5964521169662476,True
scaling-tuned-adamw-10seeds-v1,cell-014-878540454dfb,14,C128-d32-L2-H1-m4-ffn64,7,128,4,32,32,4,2,1,1,64,True,adamw,0.003,800,512,800,6.707714055664837e-05,6.707714055664837e-05,3.353857027832419e-05,1.0,1.0023959875106812,0.999814510345459,19.5361270904541,0.6105039715766907,True
scaling-tuned-adamw-10seeds-v1,cell-014-878540454dfb,14,C128-d32-L2-H1-m4-ffn64,8,128,4,32,32,4,2,1,1,64,True,adamw,0.003,800,512,800,0.0004390118410810828,0.0004390118410810828,0.0002195059205405414,0.9998779296875,0.9994733333587646,1.001563310623169,18.632213592529297,0.5822566747665405,True
scaling-tuned-adamw-10seeds-v1,cell-014-878540454dfb,14,C128-d32-L2-H1-m4-ffn64,9,128,4,32,32,4,2,1,1,64,True,adamw,0.003,800,512,800,0.00010645141446730122,0.00010645141446730122,5.322570723365061e-05,1.0,1.0003445148468018,0.9961912631988525,18.699583053588867,0.5843619704246521,True
scaling-tuned-adamw-10seeds-v1,cell-015-fb46780dc3d7,15,C128-d32-L2-H4-m4-ffn64,0,128,4,32,32,4,2,4,4,64,True,adamw,0.003,800,512,800,0.00043183990055695176,0.00043183990055695176,0.00021591995027847588,0.9998779296875,1.0018036365509033,0.9980448484420776,16.06544303894043,0.5020450949668884,True
scaling-tuned-adamw-10seeds-v1,cell-015-fb46780dc3d7,15,C128-d32-L2-H4-m4-ffn64,1,128,4,32,32,4,2,4,4,64,True,adamw,0.003,800,512,800,0.00024699943605810404,0.00024699943605810404,0.00012349971802905202,1.0,0.9998735189437866,1.0011913776397705,16.354690551757812,0.5110840797424316,True
scaling-tuned-adamw-10seeds-v1,cell-015-fb46780dc3d7,15,C128-d32-L2-H4-m4-ffn64,2,128,4,32,32,4,2,4,4,64,True,adamw,0.003,800,512,800,0.0003069785889238119,0.0003069785889238119,0.00015348929446190596,1.0,0.9999035596847534,1.0104694366455078,16.847517013549805,0.5264849066734314,True
scaling-tuned-adamw-10seeds-v1,cell-015-fb46780dc3d7,15,C128-d32-L2-H4-m4-ffn64,3,128,4,32,32,4,2,4,4,64,True,adamw,0.003,800,512,800,0.001137718791142106,0.001137718791142106,0.000568859395571053,0.999755859375,0.9998480081558228,1.0086661577224731,15.575553894042969,0.4867360591888428,True
scaling-tuned-adamw-10seeds-v1,cell-015-fb46780dc3d7,15,C128-d32-L2-H4-m4-ffn64,4,128,4,32,32,4,2,4,4,64,True,adamw,0.003,800,512,800,0.0003625397221185267,0.0003625397221185267,0.00018126986105926335,0.9998779296875,0.996172308921814,0.9808038473129272,17.15699005126953,0.5361559391021729,True
scaling-tuned-adamw-10seeds-v1,cell-015-fb46780dc3d7,15,C128-d32-L2-H4-m4-ffn64,5,128,4,32,32,4,2,4,4,64,True,adamw,0.003,800,512,800,0.0004530905862338841,0.0004530905862338841,0.00022654529311694205,1.0,0.9984016418457031,1.013022780418396,16.426259994506836,0.5133206248283386,True
scaling-tuned-adamw-10seeds-v1,cell-015-fb46780dc3d7,15,C128-d32-L2-H4-m4-ffn64,6,128,4,32,32,4,2,4,4,64,True,adamw,0.003,800,512,800,0.0002485094591975212,0.0002485094591975212,0.0001242547295987606,1.0,0.9965768456459045,0.9966574907302856,17.351667404174805,0.5422396063804626,True
scaling-tuned-adamw-10seeds-v1,cell-015-fb46780dc3d7,15,C128-d32-L2-H4-m4-ffn64,7,128,4,32,32,4,2,4,4,64,True,adamw,0.003,800,512,800,0.0016702747670933604,0.0016702747670933604,0.0008351373835466802,0.9993896484375,0.9974113702774048,0.9921305775642395,17.101642608642578,0.5344263315200806,True
scaling-tuned-adamw-10seeds-v1,cell-015-fb46780dc3d7,15,C128-d32-L2-H4-m4-ffn64,8,128,4,32,32,4,2,4,4,64,True,adamw,0.003,800,512,800,0.00020885282719973475,0.00020885282719973475,0.00010442641359986737,1.0,1.0023701190948486,1.008597731590271,16.870750427246094,0.5272109508514404,True
scaling-tuned-adamw-10seeds-v1,cell-015-fb46780dc3d7,15,C128-d32-L2-H4-m4-ffn64,9,128,4,32,32,4,2,4,4,64,True,adamw,0.003,800,512,800,0.0012240615906193852,0.0012240615906193852,0.0006120307953096926,0.999755859375,1.0017274618148804,1.008039951324463,16.037355422973633,0.501167356967926,True
