study_id,cell_id,cell_index,cell_key,seed,num_concepts,memory_size,d_model,width,load,num_layers,num_heads,heads,ffn_width,ffn,optimizer,learning_rate,configured_steps,batch_size,step,loss,mse,risk,accuracy,value_flip_effect,target_key_effect,embedding_effective_rank,normalized_rank,gate_pass,source,setting
scaling-width-load-adamw-10seeds-v1,cell-008-394e1fcba5ff,8,C32-d32-L2-H1-m4-ffnnone,0,32,4,32,32,1,2,1,1,,False,adamw,0.01,400,512,0,1.109715223312378,1.109715223312378,0.554857611656189,0.5350341796875,0.03279793635010719,0.0833292007446289,16.392681121826172,0.5122712850570679,False,stress,stress lr=0.01
scaling-width-load-adamw-10seeds-v1,cell-008-394e1fcba5ff,8,C32-d32-L2-H1-m4-ffnnone,0,32,4,32,32,1,2,1,1,,False,adamw,0.01,400,512,25,0.7709019184112549,0.7709019184112549,0.38545095920562744,0.7080078125,0.17965368926525116,0.17739200592041016,15.304594039916992,0.478268563747406,False,stress,stress lr=0.01
scaling-width-load-adamw-10seeds-v1,cell-008-394e1fcba5ff,8,C32-d32-L2-H1-m4-ffnnone,0,32,4,32,32,1,2,1,1,,False,adamw,0.01,400,512,50,0.024195224046707153,0.024195224046707153,0.012097612023353577,0.998779296875,0.9500240087509155,0.9472198486328125,10.861576080322266,0.3394242525100708,True,stress,stress lr=0.01
scaling-width-load-adamw-10seeds-v1,cell-008-394e1fcba5ff,8,C32-d32-L2-H1-m4-ffnnone,0,32,4,32,32,1,2,1,1,,False,adamw,0.01,400,512,100,0.0009170814882963896,0.0009170814882963896,0.0004585407441481948,1.0,0.9968606233596802,0.9941786527633667,10.34346866607666,0.32323339581489563,True,stress,stress lr=0.01
scaling-width-load-adamw-10seeds-v1,cell-008-394e1fcba5ff,8,C32-d32-L2-H1-m4-ffnnone,0,32,4,32,32,1,2,1,1,,False,adamw,0.01,400,512,200,0.00041697456617839634,0.00041697456617839634,0.00020848728308919817,1.0,0.9989646077156067,0.9964922070503235,10.29764461517334,0.32180139422416687,True,stress,stress lr=0.01
scaling-width-load-adamw-10seeds-v1,cell-008-394e1fcba5ff,8,C32-d32-L2-H1-m4-ffnnone,0,32,4,32,32,1,2,1,1,,False,adamw,0.01,400,512,400,0.00017788483819458634,0.00017788483819458634,8.894241909729317e-05,1.0,0.999957799911499,0.9970538020133972,10.210659980773926,0.3190831243991852,True,stress,stress lr=0.01
scaling-plateau-remedy-pilot-v1,cell-000-afc487ff73f2,0,C32-d32-L2-H1-m4-ffnnone,0,32,4,32,32,1,2,1,1,,False,adamw,0.003,1600,512,0,1.109715223312378,1.109715223312378,0.554857611656189,0.5350341796875,0.03279793635010719,0.0833292007446289,16.392681121826172,0.5122712850570679,False,remedy,remedy lr=0.003
scaling-plateau-remedy-pilot-v1,cell-000-afc487ff73f2,0,C32-d32-L2-H1-m4-ffnnone,0,32,4,32,32,1,2,1,1,,False,adamw,0.003,1600,512,50,0.09300258755683899,0.09300258755683899,0.046501293778419495,0.9886474609375,0.9222188591957092,0.9228058457374573,13.484225273132324,0.42138203978538513,True,remedy,remedy lr=0.003
scaling-plateau-remedy-pilot-v1,cell-000-afc487ff73f2,0,C32-d32-L2-H1-m4-ffnnone,0,32,4,32,32,1,2,1,1,,False,adamw,0.003,1600,512,100,0.0017616762779653072,0.0017616762779653072,0.0008808381389826536,1.0,1.0052411556243896,1.0051926374435425,12.433959007263184,0.3885612189769745,True,remedy,remedy lr=0.003
scaling-plateau-remedy-pilot-v1,cell-000-afc487ff73f2,0,C32-d32-L2-H1-m4-ffnnone,0,32,4,32,32,1,2,1,1,,False,adamw,0.003,1600,512,200,0.00035501166712492704,0.00035501166712492704,0.00017750583356246352,1.0,1.000869870185852,1.0020439624786377,12.355886459350586,0.3861214518547058,True,remedy,remedy lr=0.003
scaling-plateau-remedy-pilot-v1,cell-000-afc487ff73f2,0,C32-d32-L2-H1-m4-ffnnone,0,32,4,32,32,1,2,1,1,,False,adamw,0.003,1600,512,400,0.0001103642862290144,0.0001103642862290144,5.51821431145072e-05,1.0,0.9999562501907349,1.0022292137145996,12.311117172241211,0.38472241163253784,True,remedy,remedy lr=0.003
scaling-plateau-remedy-pilot-v1,cell-000-afc487ff73f2,0,C32-d32-L2-H1-m4-ffnnone,0,32,4,32,32,1,2,1,1,,False,adamw,0.003,1600,512,800,4.190183972241357e-05,4.190183972241357e-05,2.0950919861206785e-05,1.0,0.999531626701355,1.0013351440429688,12.265911102294922,0.3833097219467163,True,remedy,remedy lr=0.003
scaling-plateau-remedy-pilot-v1,cell-000-afc487ff73f2,0,C32-d32-L2-H1-m4-ffnnone,0,32,4,32,32,1,2,1,1,,False,adamw,0.003,1600,512,1200,2.3612667064298876e-05,2.3612667064298876e-05,1.1806333532149438e-05,1.0,0.9998118281364441,1.0004818439483643,12.235541343688965,0.38236066699028015,True,remedy,remedy lr=0.003
scaling-plateau-remedy-pilot-v1,cell-000-afc487ff73f2,0,C32-d32-L2-H1-m4-ffnnone,0,32,4,32,32,1,2,1,1,,False,adamw,0.003,1600,512,1600,1.6762734958319925e-05,1.6762734958319925e-05,8.381367479159962e-06,1.0,1.0011918544769287,1.000022530555725,12.210823059082031,0.3815882205963135,True,remedy,remedy lr=0.003
scaling-plateau-remedy-pilot-v1,cell-001-ffd7f836909b,1,C32-d32-L2-H1-m4-ffnnone,0,32,4,32,32,1,2,1,1,,False,adamw,0.001,1600,512,0,1.109715223312378,1.109715223312378,0.554857611656189,0.5350341796875,0.03279793635010719,0.0833292007446289,16.392681121826172,0.5122712850570679,False,remedy,remedy lr=0.001
scaling-plateau-remedy-pilot-v1,cell-001-ffd7f836909b,1,C32-d32-L2-H1-m4-ffnnone,0,32,4,32,32,1,2,1,1,,False,adamw,0.001,1600,512,50,0.6360330581665039,0.6360330581665039,0.31801652908325195,0.7635498046875,0.35741135478019714,0.34484997391700745,16.068021774291992,0.5021256804466248,False,remedy,remedy lr=0.001
scaling-plateau-remedy-pilot-v1,cell-001-ffd7f836909b,1,C32-d32-L2-H1-m4-ffnnone,0,32,4,32,32,1,2,1,1,,False,adamw,0.001,1600,512,100,0.0961836501955986,0.0961836501955986,0.0480918250977993,0.98876953125,0.942175567150116,0.9993715286254883,14.093531608581543,0.4404228627681732,True,remedy,remedy lr=0.001
scaling-plateau-remedy-pilot-v1,cell-001-ffd7f836909b,1,C32-d32-L2-H1-m4-ffnnone,0,32,4,32,32,1,2,1,1,,False,adamw,0.001,1600,512,200,0.005963389296084642,0.005963389296084642,0.002981694648042321,1.0,0.9897595047950745,1.0052211284637451,13.517367362976074,0.4224177300930023,True,remedy,remedy lr=0.001
scaling-plateau-remedy-pilot-v1,cell-001-ffd7f836909b,1,C32-d32-L2-H1-m4-ffnnone,0,32,4,32,32,1,2,1,1,,False,adamw,0.001,1600,512,400,0.0009270745213143528,0.0009270745213143528,0.0004635372606571764,1.0,1.0012450218200684,1.0070526599884033,13.357312202453613,0.4174160063266754,True,remedy,remedy lr=0.001
scaling-plateau-remedy-pilot-v1,cell-001-ffd7f836909b,1,C32-d32-L2-H1-m4-ffnnone,0,32,4,32,32,1,2,1,1,,False,adamw,0.001,1600,512,800,0.00021497638954315335,0.00021497638954315335,0.00010748819477157667,1.0,1.0004017353057861,1.0026209354400635,13.264747619628906,0.4145233631134033,True,remedy,remedy lr=0.001
scaling-plateau-remedy-pilot-v1,cell-001-ffd7f836909b,1,C32-d32-L2-H1-m4-ffnnone,0,32,4,32,32,1,2,1,1,,False,adamw,0.001,1600,512,1200,9.78273237706162e-05,9.78273237706162e-05,4.89136618853081e-05,1.0,1.0002446174621582,1.0008537769317627,13.214855194091797,0.41296422481536865,True,remedy,remedy lr=0.001
scaling-plateau-remedy-pilot-v1,cell-001-ffd7f836909b,1,C32-d32-L2-H1-m4-ffnnone,0,32,4,32,32,1,2,1,1,,False,adamw,0.001,1600,512,1600,5.656912981066853e-05,5.656912981066853e-05,2.8284564905334264e-05,1.0,0.99983811378479,1.0001826286315918,13.186601638793945,0.4120813012123108,True,remedy,remedy lr=0.001
scaling-width-load-adamw-10seeds-v1,cell-008-394e1fcba5ff,8,C32-d32-L2-H1-m4-ffnnone,2,32,4,32,32,1,2,1,1,,False,adamw,0.01,400,512,0,1.426095724105835,1.426095724105835,0.7130478620529175,0.546142578125,0.08438791334629059,0.07014231383800507,16.096811294555664,0.5030253529548645,False,stress,stress lr=0.01
scaling-width-load-adamw-10seeds-v1,cell-008-394e1fcba5ff,8,C32-d32-L2-H1-m4-ffnnone,2,32,4,32,32,1,2,1,1,,False,adamw,0.01,400,512,25,0.9403166770935059,0.9403166770935059,0.47015833854675293,0.5823974609375,0.10056232661008835,0.07685922831296921,15.567300796508789,0.48647814989089966,False,stress,stress lr=0.01
scaling-width-load-adamw-10seeds-v1,cell-008-394e1fcba5ff,8,C32-d32-L2-H1-m4-ffnnone,2,32,4,32,32,1,2,1,1,,False,adamw,0.01,400,512,50,0.8845915794372559,0.8845915794372559,0.44229578971862793,0.6300048828125,0.1109798401594162,0.0759592354297638,15.296890258789062,0.4780278205871582,False,stress,stress lr=0.01
scaling-width-load-adamw-10seeds-v1,cell-008-394e1fcba5ff,8,C32-d32-L2-H1-m4-ffnnone,2,32,4,32,32,1,2,1,1,,False,adamw,0.01,400,512,100,0.8338292837142944,0.8338292837142944,0.4169146418571472,0.6474609375,0.15666508674621582,0.09432312846183777,14.880202293395996,0.4650063216686249,False,stress,stress lr=0.01
scaling-width-load-adamw-10seeds-v1,cell-008-394e1fcba5ff,8,C32-d32-L2-H1-m4-ffnnone,2,32,4,32,32,1,2,1,1,,False,adamw,0.01,400,512,200,0.793697714805603,0.793697714805603,0.3968488574028015,0.685546875,0.21847198903560638,0.12526224553585052,14.964414596557617,0.46763795614242554,False,stress,stress lr=0.01
scaling-width-load-adamw-10seeds-v1,cell-008-394e1fcba5ff,8,C32-d32-L2-H1-m4-ffnnone,2,32,4,32,32,1,2,1,1,,False,adamw,0.01,400,512,400,0.773901104927063,0.773901104927063,0.3869505524635315,0.6866455078125,0.2549360394477844,0.14566920697689056,14.296537399291992,0.44676679372787476,False,stress,stress lr=0.01
scaling-plateau-remedy-pilot-v1,cell-000-afc487ff73f2,0,C32-d32-L2-H1-m4-ffnnone,2,32,4,32,32,1,2,1,1,,False,adamw,0.003,1600,512,0,1.426095724105835,1.426095724105835,0.7130478620529175,0.546142578125,0.08438791334629059,0.07014231383800507,16.096811294555664,0.5030253529548645,False,remedy,remedy lr=0.003
scaling-plateau-remedy-pilot-v1,cell-000-afc487ff73f2,0,C32-d32-L2-H1-m4-ffnnone,2,32,4,32,32,1,2,1,1,,False,adamw,0.003,1600,512,50,0.44103237986564636,0.44103237986564636,0.22051618993282318,0.8453369140625,0.5431238412857056,0.5551730394363403,14.842809677124023,0.46383780241012573,False,remedy,remedy lr=0.003
scaling-plateau-remedy-pilot-v1,cell-000-afc487ff73f2,0,C32-d32-L2-H1-m4-ffnnone,2,32,4,32,32,1,2,1,1,,False,adamw,0.003,1600,512,100,0.005067426711320877,0.005067426711320877,0.0025337133556604385,0.9996337890625,1.0021154880523682,1.0167206525802612,12.934584617614746,0.4042057693004608,True,remedy,remedy lr=0.003
scaling-plateau-remedy-pilot-v1,cell-000-afc487ff73f2,0,C32-d32-L2-H1-m4-ffnnone,2,32,4,32,32,1,2,1,1,,False,adamw,0.003,1600,512,200,0.003505540546029806,0.003505540546029806,0.001752770273014903,0.9990234375,1.000331163406372,1.013555645942688,12.895977020263672,0.40299928188323975,True,remedy,remedy lr=0.003
scaling-plateau-remedy-pilot-v1,cell-000-afc487ff73f2,0,C32-d32-L2-H1-m4-ffnnone,2,32,4,32,32,1,2,1,1,,False,adamw,0.003,1600,512,400,0.0002353911695536226,0.0002353911695536226,0.0001176955847768113,1.0,0.9994690418243408,1.006115198135376,12.745536804199219,0.3982980251312256,True,remedy,remedy lr=0.003
scaling-plateau-remedy-pilot-v1,cell-000-afc487ff73f2,0,C32-d32-L2-H1-m4-ffnnone,2,32,4,32,32,1,2,1,1,,False,adamw,0.003,1600,512,800,8.315398008562624e-05,8.315398008562624e-05,4.157699004281312e-05,1.0,1.0008940696716309,1.008378505706787,12.713693618774414,0.39730292558670044,True,remedy,remedy lr=0.003
scaling-plateau-remedy-pilot-v1,cell-000-afc487ff73f2,0,C32-d32-L2-H1-m4-ffnnone,2,32,4,32,32,1,2,1,1,,False,adamw,0.003,1600,512,1200,4.8483561840839684e-05,4.8483561840839684e-05,2.4241780920419842e-05,1.0,0.99856036901474,1.0075803995132446,12.69310474395752,0.3966595232486725,True,remedy,remedy lr=0.003
scaling-plateau-remedy-pilot-v1,cell-000-afc487ff73f2,0,C32-d32-L2-H1-m4-ffnnone,2,32,4,32,32,1,2,1,1,,False,adamw,0.003,1600,512,1600,3.535795258358121e-05,3.535795258358121e-05,1.7678976291790605e-05,1.0,1.0021305084228516,1.012359380722046,12.676604270935059,0.3961438834667206,True,remedy,remedy lr=0.003
scaling-plateau-remedy-pilot-v1,cell-001-ffd7f836909b,1,C32-d32-L2-H1-m4-ffnnone,2,32,4,32,32,1,2,1,1,,False,adamw,0.001,1600,512,0,1.426095724105835,1.426095724105835,0.7130478620529175,0.546142578125,0.08438791334629059,0.07014231383800507,16.096811294555664,0.5030253529548645,False,remedy,remedy lr=0.001
scaling-plateau-remedy-pilot-v1,cell-001-ffd7f836909b,1,C32-d32-L2-H1-m4-ffnnone,2,32,4,32,32,1,2,1,1,,False,adamw,0.001,1600,512,50,0.717613160610199,0.717613160610199,0.3588065803050995,0.72265625,0.2932981252670288,0.27924543619155884,15.77811050415039,0.4930659532546997,False,remedy,remedy lr=0.001
scaling-plateau-remedy-pilot-v1,cell-001-ffd7f836909b,1,C32-d32-L2-H1-m4-ffnnone,2,32,4,32,32,1,2,1,1,,False,adamw,0.001,1600,512,100,0.29598867893218994,0.29598867893218994,0.14799433946609497,0.9072265625,0.728564977645874,0.7385877370834351,14.5693359375,0.455291748046875,False,remedy,remedy lr=0.001
scaling-plateau-remedy-pilot-v1,cell-001-ffd7f836909b,1,C32-d32-L2-H1-m4-ffnnone,2,32,4,32,32,1,2,1,1,,False,adamw,0.001,1600,512,200,0.005249292589724064,0.005249292589724064,0.002624646294862032,0.9996337890625,1.0015199184417725,1.013751745223999,13.572944641113281,0.42415452003479004,True,remedy,remedy lr=0.001
scaling-plateau-remedy-pilot-v1,cell-001-ffd7f836909b,1,C32-d32-L2-H1-m4-ffnnone,2,32,4,32,32,1,2,1,1,,False,adamw,0.001,1600,512,400,0.0009220488136634231,0.0009220488136634231,0.00046102440683171153,1.0,1.0013539791107178,1.0091838836669922,13.504950523376465,0.4220297038555145,True,remedy,remedy lr=0.001
scaling-plateau-remedy-pilot-v1,cell-001-ffd7f836909b,1,C32-d32-L2-H1-m4-ffnnone,2,32,4,32,32,1,2,1,1,,False,adamw,0.001,1600,512,800,0.0006082082400098443,0.0006082082400098443,0.00030410412000492215,0.9998779296875,0.9971190690994263,1.0030722618103027,13.393106460571289,0.4185345768928528,True,remedy,remedy lr=0.001
scaling-plateau-remedy-pilot-v1,cell-001-ffd7f836909b,1,C32-d32-L2-H1-m4-ffnnone,2,32,4,32,32,1,2,1,1,,False,adamw,0.001,1600,512,1200,0.0001276702678296715,0.0001276702678296715,6.383513391483575e-05,1.0,1.0006014108657837,1.0056184530258179,13.352664947509766,0.4172707796096802,True,remedy,remedy lr=0.001
scaling-plateau-remedy-pilot-v1,cell-001-ffd7f836909b,1,C32-d32-L2-H1-m4-ffnnone,2,32,4,32,32,1,2,1,1,,False,adamw,0.001,1600,512,1600,8.169961802195758e-05,8.169961802195758e-05,4.084980901097879e-05,1.0,0.9992536902427673,1.004170298576355,13.329583168029785,0.4165494740009308,True,remedy,remedy lr=0.001
scaling-width-load-adamw-10seeds-v1,cell-010-f5b3a33a84a0,10,C128-d32-L2-H1-m4-ffnnone,0,128,4,32,32,4,2,1,1,,False,adamw,0.01,400,512,0,1.7195707559585571,1.7195707559585571,0.8597853779792786,0.4793701171875,-0.04365251213312149,-0.0528409406542778,25.1415958404541,0.7856748700141907,False,stress,stress lr=0.01
scaling-width-load-adamw-10seeds-v1,cell-010-f5b3a33a84a0,10,C128-d32-L2-H1-m4-ffnnone,0,128,4,32,32,4,2,1,1,,False,adamw,0.01,400,512,25,1.0044314861297607,1.0044314861297607,0.5022157430648804,0.49853515625,-1.688858901616186e-06,-1.9786093616858125e-06,24.68425941467285,0.7713831067085266,False,stress,stress lr=0.01
scaling-width-load-adamw-10seeds-v1,cell-010-f5b3a33a84a0,10,C128-d32-L2-H1-m4-ffnnone,0,128,4,32,32,4,2,1,1,,False,adamw,0.01,400,512,50,1.0038868188858032,1.0038868188858032,0.5019434094429016,0.4993896484375,-1.2690798030234873e-06,-1.4283141354098916e-06,24.417633056640625,0.7630510330200195,False,stress,stress lr=0.01
scaling-width-load-adamw-10seeds-v1,cell-010-f5b3a33a84a0,10,C128-d32-L2-H1-m4-ffnnone,0,128,4,32,32,4,2,1,1,,False,adamw,0.01,400,512,100,1.0013940334320068,1.0013940334320068,0.5006970167160034,0.503662109375,-1.0267467587254941e-06,-1.1848751455545425e-06,24.378389358520508,0.7618246674537659,False,stress,stress lr=0.01
scaling-width-load-adamw-10seeds-v1,cell-010-f5b3a33a84a0,10,C128-d32-L2-H1-m4-ffnnone,0,128,4,32,32,4,2,1,1,,False,adamw,0.01,400,512,200,1.0101091861724854,1.0101091861724854,0.5050545930862427,0.4981689453125,-1.0415642464067787e-06,-1.2015370884910226e-06,24.39726448059082,0.7624145150184631,False,stress,stress lr=0.01
scaling-width-load-adamw-10seeds-v1,cell-010-f5b3a33a84a0,10,C128-d32-L2-H1-m4-ffnnone,0,128,4,32,32,4,2,1,1,,False,adamw,0.01,400,512,400,1.00834059715271,1.00834059715271,0.504170298576355,0.4981689453125,-1.2254677130840719e-06,-1.4566176105290651e-06,24.498035430908203,0.7655636072158813,False,stress,stress lr=0.01
scaling-plateau-remedy-pilot-v1,cell-002-98852b72594d,2,C128-d32-L2-H1-m4-ffnnone,0,128,4,32,32,4,2,1,1,,False,adamw,0.003,1600,512,0,1.7195707559585571,1.7195707559585571,0.8597853779792786,0.4793701171875,-0.04365251213312149,-0.0528409406542778,25.1415958404541,0.7856748700141907,False,remedy,remedy lr=0.003
scaling-plateau-remedy-pilot-v1,cell-002-98852b72594d,2,C128-d32-L2-H1-m4-ffnnone,0,128,4,32,32,4,2,1,1,,False,adamw,0.003,1600,512,50,0.6045337915420532,0.6045337915420532,0.3022668957710266,0.77490234375,0.36310815811157227,0.3284560739994049,24.35309410095215,0.7610341906547546,False,remedy,remedy lr=0.003
scaling-plateau-remedy-pilot-v1,cell-002-98852b72594d,2,C128-d32-L2-H1-m4-ffnnone,0,128,4,32,32,4,2,1,1,,False,adamw,0.003,1600,512,100,0.03522220999002457,0.03522220999002457,0.017611104995012283,0.9971923828125,0.9526584148406982,0.9207811951637268,21.491073608398438,0.6715960502624512,True,remedy,remedy lr=0.003
scaling-plateau-remedy-pilot-v1,cell-002-98852b72594d,2,C128-d32-L2-H1-m4-ffnnone,0,128,4,32,32,4,2,1,1,,False,adamw,0.003,1600,512,200,0.003036326263099909,0.003036326263099909,0.0015181631315499544,0.9998779296875,1.0011587142944336,0.9852906465530396,21.000905990600586,0.6562783122062683,True,remedy,remedy lr=0.003
scaling-plateau-remedy-pilot-v1,cell-002-98852b72594d,2,C128-d32-L2-H1-m4-ffnnone,0,128,4,32,32,4,2,1,1,,False,adamw,0.003,1600,512,400,0.00046264304546639323,0.00046264304546639323,0.00023132152273319662,1.0,0.9985740780830383,0.9876525402069092,20.854042053222656,0.651688814163208,True,remedy,remedy lr=0.003
scaling-plateau-remedy-pilot-v1,cell-002-98852b72594d,2,C128-d32-L2-H1-m4-ffnnone,0,128,4,32,32,4,2,1,1,,False,adamw,0.003,1600,512,800,0.00012075545964762568,0.00012075545964762568,6.037772982381284e-05,1.0,1.000220775604248,0.9920811653137207,20.75088882446289,0.6484652757644653,True,remedy,remedy lr=0.003
scaling-plateau-remedy-pilot-v1,cell-002-98852b72594d,2,C128-d32-L2-H1-m4-ffnnone,0,128,4,32,32,4,2,1,1,,False,adamw,0.003,1600,512,1200,5.990263889543712e-05,5.990263889543712e-05,2.995131944771856e-05,1.0,1.0001709461212158,0.9932225346565247,20.696529388427734,0.6467665433883667,True,remedy,remedy lr=0.003
scaling-plateau-remedy-pilot-v1,cell-002-98852b72594d,2,C128-d32-L2-H1-m4-ffnnone,0,128,4,32,32,4,2,1,1,,False,adamw,0.003,1600,512,1600,3.61799102392979e-05,3.61799102392979e-05,1.808995511964895e-05,1.0,1.0004029273986816,0.9920281171798706,20.647550582885742,0.6452359557151794,True,remedy,remedy lr=0.003
scaling-plateau-remedy-pilot-v1,cell-003-b7db354ddc7a,3,C128-d32-L2-H1-m4-ffnnone,0,128,4,32,32,4,2,1,1,,False,adamw,0.001,1600,512,0,1.7195707559585571,1.7195707559585571,0.8597853779792786,0.4793701171875,-0.04365251213312149,-0.0528409406542778,25.1415958404541,0.7856748700141907,False,remedy,remedy lr=0.001
scaling-plateau-remedy-pilot-v1,cell-003-b7db354ddc7a,3,C128-d32-L2-H1-m4-ffnnone,0,128,4,32,32,4,2,1,1,,False,adamw,0.001,1600,512,50,0.7262082099914551,0.7262082099914551,0.36310410499572754,0.7169189453125,0.2639273405075073,0.23532140254974365,25.041027069091797,0.7825320959091187,False,remedy,remedy lr=0.001
scaling-plateau-remedy-pilot-v1,cell-003-b7db354ddc7a,3,C128-d32-L2-H1-m4-ffnnone,0,128,4,32,32,4,2,1,1,,False,adamw,0.001,1600,512,100,0.4206184148788452,0.4206184148788452,0.2103092074394226,0.865234375,0.5733507871627808,0.5164382457733154,24.324403762817383,0.7601376175880432,False,remedy,remedy lr=0.001
scaling-plateau-remedy-pilot-v1,cell-003-b7db354ddc7a,3,C128-d32-L2-H1-m4-ffnnone,0,128,4,32,32,4,2,1,1,,False,adamw,0.001,1600,512,200,0.023079026490449905,0.023079026490449905,0.011539513245224953,0.9990234375,0.9846107363700867,0.9511173963546753,23.038835525512695,0.7199636101722717,True,remedy,remedy lr=0.001
scaling-plateau-remedy-pilot-v1,cell-003-b7db354ddc7a,3,C128-d32-L2-H1-m4-ffnnone,0,128,4,32,32,4,2,1,1,,False,adamw,0.001,1600,512,400,0.002446225145831704,0.002446225145831704,0.001223112572915852,1.0,0.9967237710952759,0.9785190224647522,22.73931121826172,0.7106034755706787,True,remedy,remedy lr=0.001
scaling-plateau-remedy-pilot-v1,cell-003-b7db354ddc7a,3,C128-d32-L2-H1-m4-ffnnone,0,128,4,32,32,4,2,1,1,,False,adamw,0.001,1600,512,800,0.0004722768208011985,0.0004722768208011985,0.00023613841040059924,1.0,0.9977818727493286,0.9860610961914062,22.578115463256836,0.7055661082267761,True,remedy,remedy lr=0.001
scaling-plateau-remedy-pilot-v1,cell-003-b7db354ddc7a,3,C128-d32-L2-H1-m4-ffnnone,0,128,4,32,32,4,2,1,1,,False,adamw,0.001,1600,512,1200,0.00019799944129772484,0.00019799944129772484,9.899972064886242e-05,1.0,0.9988968372344971,0.9901374578475952,22.522123336791992,0.7038163542747498,True,remedy,remedy lr=0.001
scaling-plateau-remedy-pilot-v1,cell-003-b7db354ddc7a,3,C128-d32-L2-H1-m4-ffnnone,0,128,4,32,32,4,2,1,1,,False,adamw,0.001,1600,512,1600,0.00011286124208709225,0.00011286124208709225,5.6430621043546125e-05,1.0,1.000551462173462,0.992560863494873,22.48348617553711,0.7026089429855347,True,remedy,remedy lr=0.001
scaling-width-load-adamw-10seeds-v1,cell-010-f5b3a33a84a0,10,C128-d32-L2-H1-m4-ffnnone,2,128,4,32,32,4,2,1,1,,False,adamw,0.01,400,512,0,1.6165101528167725,1.6165101528167725,0.8082550764083862,0.51123046875,0.019542459398508072,0.0148322070017457,25.268543243408203,0.7896419763565063,False,stress,stress lr=0.01
scaling-width-load-adamw-10seeds-v1,cell-010-f5b3a33a84a0,10,C128-d32-L2-H1-m4-ffnnone,2,128,4,32,32,4,2,1,1,,False,adamw,0.01,400,512,25,1.0125142335891724,1.0125142335891724,0.5062571167945862,0.5081787109375,-8.55117104947567e-05,-4.782076575793326e-05,24.085695266723633,0.7526779770851135,False,stress,stress lr=0.01
scaling-width-load-adamw-10seeds-v1,cell-010-f5b3a33a84a0,10,C128-d32-L2-H1-m4-ffnnone,2,128,4,32,32,4,2,1,1,,False,adamw,0.01,400,512,50,1.0012346506118774,1.0012346506118774,0.5006173253059387,0.4974365234375,-3.5453951568342745e-05,-1.9689872715389356e-05,23.83142852783203,0.744732141494751,False,stress,stress lr=0.01
scaling-width-load-adamw-10seeds-v1,cell-010-f5b3a33a84a0,10,C128-d32-L2-H1-m4-ffnnone,2,128,4,32,32,4,2,1,1,,False,adamw,0.01,400,512,100,1.0026339292526245,1.0026339292526245,0.5013169646263123,0.4910888671875,-1.2557524314615875e-05,-6.883951755298767e-06,23.747127532958984,0.7420977354049683,False,stress,stress lr=0.01
scaling-width-load-adamw-10seeds-v1,cell-010-f5b3a33a84a0,10,C128-d32-L2-H1-m4-ffnnone,2,128,4,32,32,4,2,1,1,,False,adamw,0.01,400,512,200,1.000364065170288,1.000364065170288,0.500182032585144,0.5069580078125,-3.8009038689779118e-06,-2.0498191588558257e-06,23.778291702270508,0.7430716156959534,False,stress,stress lr=0.01
scaling-width-load-adamw-10seeds-v1,cell-010-f5b3a33a84a0,10,C128-d32-L2-H1-m4-ffnnone,2,128,4,32,32,4,2,1,1,,False,adamw,0.01,400,512,400,1.0023939609527588,1.0023939609527588,0.5011969804763794,0.4918212890625,-8.773276931606233e-07,-4.6658169594593346e-07,23.695981979370117,0.7404994368553162,False,stress,stress lr=0.01
scaling-plateau-remedy-pilot-v1,cell-002-98852b72594d,2,C128-d32-L2-H1-m4-ffnnone,2,128,4,32,32,4,2,1,1,,False,adamw,0.003,1600,512,0,1.6165101528167725,1.6165101528167725,0.8082550764083862,0.51123046875,0.019542459398508072,0.0148322070017457,25.268543243408203,0.7896419763565063,False,remedy,remedy lr=0.003
scaling-plateau-remedy-pilot-v1,cell-002-98852b72594d,2,C128-d32-L2-H1-m4-ffnnone,2,128,4,32,32,4,2,1,1,,False,adamw,0.003,1600,512,50,0.7082091569900513,0.7082091569900513,0.35410457849502563,0.7244873046875,0.3224303126335144,0.2594850957393646,24.266298294067383,0.7583218216896057,False,remedy,remedy lr=0.003
scaling-plateau-remedy-pilot-v1,cell-002-98852b72594d,2,C128-d32-L2-H1-m4-ffnnone,2,128,4,32,32,4,2,1,1,,False,adamw,0.003,1600,512,100,0.039201755076646805,0.039201755076646805,0.019600877538323402,0.9974365234375,0.9748326539993286,0.9531604051589966,20.451854705810547,0.6391204595565796,True,remedy,remedy lr=0.003
scaling-plateau-remedy-pilot-v1,cell-002-98852b72594d,2,C128-d32-L2-H1-m4-ffnnone,2,128,4,32,32,4,2,1,1,,False,adamw,0.003,1600,512,200,0.0025241391267627478,0.0025241391267627478,0.0012620695633813739,0.9998779296875,1.000909447669983,0.9910097122192383,20.1531982421875,0.6297874450683594,True,remedy,remedy lr=0.003
scaling-plateau-remedy-pilot-v1,cell-002-98852b72594d,2,C128-d32-L2-H1-m4-ffnnone,2,128,4,32,32,4,2,1,1,,False,adamw,0.003,1600,512,400,0.00045567090273834765,0.00045567090273834765,0.00022783545136917382,1.0,1.0007719993591309,0.9917423725128174,20.0579891204834,0.6268121600151062,True,remedy,remedy lr=0.003
scaling-plateau-remedy-pilot-v1,cell-002-98852b72594d,2,C128-d32-L2-H1-m4-ffnnone,2,128,4,32,32,4,2,1,1,,False,adamw,0.003,1600,512,800,0.00010464220395078883,0.00010464220395078883,5.232110197539441e-05,1.0,0.9999717473983765,0.9932793974876404,20.020708084106445,0.6256471276283264,True,remedy,remedy lr=0.003
scaling-plateau-remedy-pilot-v1,cell-002-98852b72594d,2,C128-d32-L2-H1-m4-ffnnone,2,128,4,32,32,4,2,1,1,,False,adamw,0.003,1600,512,1200,4.933045420330018e-05,4.933045420330018e-05,2.466522710165009e-05,1.0,0.9994978308677673,0.9935165047645569,19.988126754760742,0.6246289610862732,True,remedy,remedy lr=0.003
scaling-plateau-remedy-pilot-v1,cell-002-98852b72594d,2,C128-d32-L2-H1-m4-ffnnone,2,128,4,32,32,4,2,1,1,,False,adamw,0.003,1600,512,1600,3.090309473918751e-05,3.090309473918751e-05,1.5451547369593754e-05,1.0,0.9984903335571289,0.9934518933296204,19.960834503173828,0.6237760782241821,True,remedy,remedy lr=0.003
scaling-plateau-remedy-pilot-v1,cell-003-b7db354ddc7a,3,C128-d32-L2-H1-m4-ffnnone,2,128,4,32,32,4,2,1,1,,False,adamw,0.001,1600,512,0,1.6165101528167725,1.6165101528167725,0.8082550764083862,0.51123046875,0.019542459398508072,0.0148322070017457,25.268543243408203,0.7896419763565063,False,remedy,remedy lr=0.001
scaling-plateau-remedy-pilot-v1,cell-003-b7db354ddc7a,3,C128-d32-L2-H1-m4-ffnnone,2,128,4,32,32,4,2,1,1,,False,adamw,0.001,1600,512,50,0.7913795709609985,0.7913795709609985,0.39568978548049927,0.68408203125,0.23885732889175415,0.1582874059677124,24.961666107177734,0.7800520658493042,False,remedy,remedy lr=0.001
scaling-plateau-remedy-pilot-v1,cell-003-b7db354ddc7a,3,C128-d32-L2-H1-m4-ffnnone,2,128,4,32,32,4,2,1,1,,False,adamw,0.001,1600,512,100,0.5816155672073364,0.5816155672073364,0.2908077836036682,0.793212890625,0.4134848117828369,0.3709176778793335,24.148223876953125,0.7546319961547852,False,remedy,remedy lr=0.001
scaling-plateau-remedy-pilot-v1,cell-003-b7db354ddc7a,3,C128-d32-L2-H1-m4-ffnnone,2,128,4,32,32,4,2,1,1,,False,adamw,0.001,1600,512,200,0.02959226444363594,0.02959226444363594,0.01479613222181797,0.9976806640625,0.9719845652580261,0.955276608467102,22.064958572387695,0.6895299553871155,True,remedy,remedy lr=0.001
scaling-plateau-remedy-pilot-v1,cell-003-b7db354ddc7a,3,C128-d32-L2-H1-m4-ffnnone,2,128,4,32,32,4,2,1,1,,False,adamw,0.001,1600,512,400,0.002469083061441779,0.002469083061441779,0.0012345415307208896,1.0,0.9983896017074585,0.9914760589599609,21.808969497680664,0.6815302968025208,True,remedy,remedy lr=0.001
scaling-plateau-remedy-pilot-v1,cell-003-b7db354ddc7a,3,C128-d32-L2-H1-m4-ffnnone,2,128,4,32,32,4,2,1,1,,False,adamw,0.001,1600,512,800,0.00045854825293645263,0.00045854825293645263,0.00022927412646822631,1.0,1.001990795135498,0.9989719390869141,21.705095291137695,0.678284227848053,True,remedy,remedy lr=0.001
scaling-plateau-remedy-pilot-v1,cell-003-b7db354ddc7a,3,C128-d32-L2-H1-m4-ffnnone,2,128,4,32,32,4,2,1,1,,False,adamw,0.001,1600,512,1200,0.00023209405480884016,0.00023209405480884016,0.00011604702740442008,1.0,0.9987500905990601,0.9960388541221619,21.641714096069336,0.6763035655021667,True,remedy,remedy lr=0.001
scaling-plateau-remedy-pilot-v1,cell-003-b7db354ddc7a,3,C128-d32-L2-H1-m4-ffnnone,2,128,4,32,32,4,2,1,1,,False,adamw,0.001,1600,512,1600,0.00010644015856087208,0.00010644015856087208,5.322007928043604e-05,1.0,0.9987686276435852,0.9981597661972046,21.616531372070312,0.6755166053771973,True,remedy,remedy lr=0.001
