study_id,cell_id,cell_key,cell_index,num_concepts,d_model,width,load,heads,ffn,ffn_width,learning_rate,step,n_seeds,seeds,loss_mean,loss_standard_deviation,loss_ci_lower,loss_ci_upper,risk_mean,risk_standard_deviation,risk_ci_lower,risk_ci_upper,accuracy_mean,accuracy_standard_deviation,accuracy_ci_lower,accuracy_ci_upper,value_flip_effect_mean,value_flip_effect_standard_deviation,value_flip_effect_ci_lower,value_flip_effect_ci_upper,target_key_effect_mean,target_key_effect_standard_deviation,target_key_effect_ci_lower,target_key_effect_ci_upper,embedding_effective_rank_mean,embedding_effective_rank_standard_deviation,embedding_effective_rank_ci_lower,embedding_effective_rank_ci_upper,normalized_rank_mean,normalized_rank_standard_deviation,normalized_rank_ci_lower,normalized_rank_ci_upper
scaling-tuned-adamw-10seeds-v1,cell-000-b7a02ed77d52,C8-d8-L2-H1-m4-ffnnone,0,8,8,8,1,1,False,,0.003,0,10,0;1;2;3;4;5;6;7;8;9,1.8710249543190003,0.7562456348438616,1.454022787809372,2.32945235133171,0.9355124771595001,0.3781228174219308,0.727011393904686,1.164726175665855,0.5035888671875,0.05151207124413934,0.46927368164062505,0.52906494140625,-0.016482423525303602,0.10973067233766876,-0.08976028349949046,0.036887818854302167,-0.021017885021865367,0.09395525374525694,-0.08308884021127597,0.02570320519153028,4.087378525733948,0.316181623154073,3.8961929434537885,4.267109026908874,0.5109223157167435,0.039522702894259125,0.48702411793172357,0.5333886283636092
scaling-tuned-adamw-10seeds-v1,cell-000-b7a02ed77d52,C8-d8-L2-H1-m4-ffnnone,0,8,8,8,1,1,False,,0.003,25,10,0;1;2;3;4;5;6;7;8;9,0.8627171158790589,0.05106898166306759,0.8335381199419498,0.8933583876490593,0.43135855793952943,0.025534490831533797,0.4167690599709749,0.44667919382452964,0.6560546875,0.03090408455780054,0.6369863891601563,0.67286376953125,0.1387246437370777,0.04675544725961813,0.10970887294039129,0.16425634153187268,0.11292262263596058,0.03325386765194256,0.09195368243381381,0.13084984064102173,4.000483703613281,0.29619964194279097,3.816185244321823,4.162026429176331,0.5000604629516602,0.03702495524284887,0.4770231555402279,0.5202533036470414
scaling-tuned-adamw-10seeds-v1,cell-000-b7a02ed77d52,C8-d8-L2-H1-m4-ffnnone,0,8,8,8,1,1,False,,0.003,50,10,0;1;2;3;4;5;6;7;8;9,0.7442500591278076,0.04919340329334706,0.7162585158646106,0.7735891707241536,0.3721250295639038,0.02459670164667353,0.3581292579323053,0.3867945853620768,0.7133056640625,0.023083535901591245,0.699169921875,0.72626953125,0.24219267815351486,0.053205038646837996,0.21100398331880568,0.27268365055322635,0.20797643810510635,0.04983912445434125,0.17927671357989314,0.23690977577120065,3.876379919052124,0.35816611531881853,3.65945950627327,4.076239517927169,0.4845474898815155,0.04477076441485232,0.45743243828415875,0.5095299397408961
scaling-tuned-adamw-10seeds-v1,cell-000-b7a02ed77d52,C8-d8-L2-H1-m4-ffnnone,0,8,8,8,1,1,False,,0.003,100,10,0;1;2;3;4;5;6;7;8;9,0.4667585641145706,0.15593727256874187,0.3771254839748144,0.5592935889959335,0.2333792820572853,0.07796863628437094,0.1885627419874072,0.27964679449796676,0.83463134765625,0.07085978187183462,0.7926263427734375,0.875341796875,0.5268358886241913,0.1648984499050537,0.42975505091249944,0.6224486579746008,0.5000770732760429,0.1783616821597539,0.39541426159441473,0.6032104015350341,3.5999948024749755,0.4994983032340489,3.31104951441288,3.8909213250875467,0.44999935030937194,0.062437287904256115,0.41388118930161,0.48636516563594334
scaling-tuned-adamw-10seeds-v1,cell-000-b7a02ed77d52,C8-d8-L2-H1-m4-ffnnone,0,8,8,8,1,1,False,,0.003,200,10,0;1;2;3;4;5;6;7;8;9,0.08218639213591813,0.1290755069486774,0.015463695166399708,0.16614676748169582,0.04109319606795907,0.0645377534743387,0.007731847583199854,0.08307338374084791,0.976318359375,0.04628123285575307,0.9460693359375,0.99942626953125,0.9215882003307343,0.13601333113903902,0.8326896139979363,0.9930542930960655,0.9087123036384582,0.14261084282588696,0.8156917196512222,0.9824511609971522,3.4550540447235107,0.5661615849638314,3.1211356335878375,3.782167650461196,0.43188175559043884,0.07077019812047892,0.3901419541984797,0.4727709563076495
scaling-tuned-adamw-10seeds-v1,cell-000-b7a02ed77d52,C8-d8-L2-H1-m4-ffnnone,0,8,8,8,1,1,False,,0.003,400,10,0;1;2;3;4;5;6;7;8;9,0.0022549711051397026,0.001951579321650728,0.001252478009555489,0.0035043591834255493,0.0011274855525698513,0.000975789660825364,0.0006262390047777445,0.0017521795917127747,1.0,0.0,1.0,1.0,0.9994285762310028,0.0015324714336423845,0.9984620690345765,1.000259017944336,0.9897922694683075,0.006270973232867979,0.986154899597168,0.9935128033161164,3.5116726398468017,0.5094790461964761,3.211346396803856,3.8011147063970565,0.4389590799808502,0.06368488077455951,0.401418299600482,0.47513933829963206
scaling-tuned-adamw-10seeds-v1,cell-000-b7a02ed77d52,C8-d8-L2-H1-m4-ffnnone,0,8,8,8,1,1,False,,0.003,800,10,0;1;2;3;4;5;6;7;8;9,0.00040947659363155253,0.00024421733773159673,0.00027850762926391327,0.000563193187044817,0.00020473829681577627,0.00012210866886579836,0.00013925381463195663,0.0002815965935224085,1.0,0.0,1.0,1.0,0.9998827517032624,0.001055933034277253,0.9992567476630211,1.0004815995693206,0.9917721271514892,0.005396062055091543,0.9888430774211884,0.9951872250437735,3.4957520246505736,0.507349551313612,3.1951466178894044,3.7838953518867493,0.4369690030813217,0.0634186939142015,0.39939332723617554,0.47298691898584366
scaling-tuned-adamw-10seeds-v1,cell-001-95e10abb0fde,C8-d8-L2-H4-m4-ffnnone,1,8,8,8,1,4,False,,0.003,0,10,0;1;2;3;4;5;6;7;8;9,1.786128544807434,0.8197515500851448,1.3517874628305437,2.304683172702789,0.893064272403717,0.4098757750425724,0.6758937314152719,1.1523415863513946,0.5126708984375,0.04053044032838222,0.4883538818359375,0.5364138793945312,-0.0030968427658081056,0.09622530129158541,-0.06438123167958111,0.049748052679933576,-0.007098778593353927,0.08288155343577273,-0.058026081805583066,0.03998526292853057,4.087378525733948,0.316181623154073,3.8961929434537885,4.267109026908874,0.5109223157167435,0.039522702894259125,0.48702411793172357,0.5333886283636092
scaling-tuned-adamw-10seeds-v1,cell-001-95e10abb0fde,C8-d8-L2-H4-m4-ffnnone,1,8,8,8,1,4,False,,0.003,25,10,0;1;2;3;4;5;6;7;8;9,0.8349068880081176,0.06997290296051736,0.7967786908149719,0.8789615511894227,0.4174534440040588,0.03498645148025868,0.39838934540748594,0.4394807755947113,0.66925048828125,0.03785633095177395,0.6453366088867188,0.6894662475585938,0.16377845406532288,0.060458244410891475,0.12572673343122007,0.19685327559709548,0.13504079841077327,0.05248622727277206,0.10290037365630271,0.16453743293881412,4.023599171638489,0.29302300079554405,3.8421698504686357,4.184979031085968,0.5029498964548111,0.03662787509944301,0.48027123130857946,0.523122378885746
scaling-tuned-adamw-10seeds-v1,cell-001-95e10abb0fde,C8-d8-L2-H4-m4-ffnnone,1,8,8,8,1,4,False,,0.003,50,10,0;1;2;3;4;5;6;7;8;9,0.7218988001346588,0.04866232770578314,0.6951091869175434,0.7521433685719966,0.3609494000673294,0.02433116385289157,0.3475545934587717,0.3760716842859983,0.71947021484375,0.02136702809263685,0.70621337890625,0.73118896484375,0.26878750771284105,0.050245806773651355,0.2371893997117877,0.29535649850964546,0.23413526713848115,0.05376556422594212,0.20148904472589493,0.26407371908426286,3.900544214248657,0.3529708783561294,3.6814250820875167,4.093303152322769,0.48756802678108213,0.044121359794516174,0.4601781352609396,0.5116628940403462
scaling-tuned-adamw-10seeds-v1,cell-001-95e10abb0fde,C8-d8-L2-H4-m4-ffnnone,1,8,8,8,1,4,False,,0.003,100,10,0;1;2;3;4;5;6;7;8;9,0.5358813226222991,0.08715735699362602,0.48954866603016856,0.5910357861965893,0.2679406613111496,0.04357867849681301,0.24477433301508428,0.2955178930982946,0.8079345703125,0.04131170711503503,0.78189697265625,0.8299929809570312,0.44844754636287687,0.09495359734644906,0.38959047496318816,0.5005186261236668,0.4164969027042389,0.10299870133604509,0.3522819346934557,0.47248593814671036,3.616071939468384,0.3982497576382605,3.382312600016594,3.8488017338514324,0.452008992433548,0.04978121970478256,0.42278907500207424,0.48110021673142905
scaling-tuned-adamw-10seeds-v1,cell-001-95e10abb0fde,C8-d8-L2-H4-m4-ffnnone,1,8,8,8,1,4,False,,0.003,200,10,0;1;2;3;4;5;6;7;8;9,0.1906091284006834,0.143017136214595,0.11719377670437099,0.28276588022708893,0.0953045642003417,0.0715085681072975,0.058596888352185496,0.14138294011354446,0.94832763671875,0.05809743417849194,0.9100946044921875,0.97672119140625,0.8173286557197571,0.1526576527158226,0.7191763719916344,0.8950942663848399,0.7845642864704132,0.1648918615536977,0.6776974439620972,0.8677271151542663,3.434743046760559,0.3849581656785692,3.216983603835106,3.668029599189758,0.4293428808450699,0.04811977070982115,0.40212295047938823,0.45850369989871975
scaling-tuned-adamw-10seeds-v1,cell-001-95e10abb0fde,C8-d8-L2-H4-m4-ffnnone,1,8,8,8,1,4,False,,0.003,400,10,0;1;2;3;4;5;6;7;8;9,0.02012493631336838,0.03164962329704933,0.006011700918897989,0.041334555984940353,0.01006246815668419,0.015824811648524666,0.0030058504594489945,0.020667277992470177,0.99783935546875,0.005673038196417723,0.9941650390625,0.99996337890625,0.9833123028278351,0.029446301638301645,0.963739917576313,0.9957923650741577,0.9591363310813904,0.044532747457516286,0.9295714710652828,0.977671092748642,3.4243462800979616,0.41031212108746107,3.181317612528801,3.662704992294311,0.4280432850122452,0.051289015135932634,0.3976647015661001,0.45783812403678886
scaling-tuned-adamw-10seeds-v1,cell-001-95e10abb0fde,C8-d8-L2-H4-m4-ffnnone,1,8,8,8,1,4,False,,0.003,800,10,0;1;2;3;4;5;6;7;8;9,0.0011528247443493456,0.0008277214520017094,0.0007127144571859391,0.0016768570517888288,0.0005764123721746728,0.0004138607260008547,0.00035635722859296955,0.0008384285258944144,1.0,0.0,1.0,1.0,0.999431699514389,0.001609298752499699,0.9984089523553847,1.0002821278572083,0.9816819429397583,0.011276756316906923,0.9747066964209079,0.9878550690412521,3.342714762687683,0.40513891423443477,3.103675937652588,3.5776659756898876,0.4178393453359604,0.050642364279304346,0.3879594922065735,0.44720824696123596
scaling-tuned-adamw-10seeds-v1,cell-002-4a3528c0206e,C32-d8-L2-H1-m4-ffnnone,2,32,8,8,4,1,False,,0.003,0,10,0;1;2;3;4;5;6;7;8;9,1.4879236340522766,0.33167714244493535,1.309395670890808,1.695028710067272,0.7439618170261383,0.16583857122246767,0.654697835445404,0.847514355033636,0.5061767578125,0.030730227004900763,0.48955078125,0.5251467895507812,0.019691474689170717,0.0568019462733497,-0.010485375532880425,0.05544275973574254,0.022792987537104636,0.05930948625341059,-0.00781933947233483,0.060453680541832,6.165390205383301,0.224255158765833,6.032342630624771,6.293715389966964,0.7706737756729126,0.028031894845729124,0.7540428288280964,0.7867144237458705
scaling-tuned-adamw-10seeds-v1,cell-002-4a3528c0206e,C32-d8-L2-H1-m4-ffnnone,2,32,8,8,4,1,False,,0.003,25,10,0;1;2;3;4;5;6;7;8;9,0.8587953805923462,0.0489862915186662,0.8301513673365116,0.8874870182573795,0.4293976902961731,0.0244931457593331,0.4150756836682558,0.44374350912868976,0.65635986328125,0.025031026157918673,0.6418695068359375,0.671240234375,0.14228597059845924,0.03822950746540026,0.11968558002263308,0.16437331689521664,0.11619791388511658,0.03988693437326675,0.09390081822872162,0.14049759060144423,6.034421825408936,0.23205784475789398,5.895885173082351,6.164954210519791,0.754302728176117,0.029007230594736748,0.7369856466352939,0.7706192763149738
scaling-tuned-adamw-10seeds-v1,cell-002-4a3528c0206e,C32-d8-L2-H1-m4-ffnnone,2,32,8,8,4,1,False,,0.003,50,10,0;1;2;3;4;5;6;7;8;9,0.7629133284091949,0.05572882855621664,0.7302832558751107,0.7955729033052921,0.38145666420459745,0.02786441427810832,0.36514162793755534,0.39778645165264603,0.70230712890625,0.026407285114493317,0.686767578125,0.7179324340820312,0.240878689289093,0.04565437760348859,0.21340821981430055,0.2667412828654051,0.20799435451626777,0.05074868708013295,0.1779777696169913,0.2378242848813533,5.8603432178497314,0.2807719284529319,5.695814825296401,6.020957343578338,0.7325429022312164,0.03509649105661649,0.7119768531620502,0.7526196679472923
scaling-tuned-adamw-10seeds-v1,cell-002-4a3528c0206e,C32-d8-L2-H1-m4-ffnnone,2,32,8,8,4,1,False,,0.003,100,10,0;1;2;3;4;5;6;7;8;9,0.5337558269500733,0.1312916909155242,0.4592119348049164,0.612691888064146,0.26687791347503664,0.0656458454577621,0.2296059674024582,0.306345944032073,0.805029296875,0.0569309031143534,0.7704345703125,0.8371343994140624,0.46157062947750094,0.13324844472615838,0.3823282002657652,0.5380898967385292,0.44567445367574693,0.1445354423628831,0.35900590661913157,0.5287828806787729,5.253205394744873,0.4524060926796271,4.989375110864639,5.518733713626861,0.6566506743431091,0.05655076158495339,0.6236718888580799,0.6898417142033576
scaling-tuned-adamw-10seeds-v1,cell-002-4a3528c0206e,C32-d8-L2-H1-m4-ffnnone,2,32,8,8,4,1,False,,0.003,200,10,0;1;2;3;4;5;6;7;8;9,0.12440857933834196,0.11473950367552342,0.06360718650976196,0.19678441481664777,0.06220428966917098,0.05736975183776171,0.03180359325488098,0.09839220740832388,0.96317138671875,0.040372214057501826,0.937254638671875,0.984130859375,0.8802631556987762,0.11393644813529519,0.8073627054691315,0.9392702519893644,0.8760407745838166,0.11390125264733221,0.8024688673019409,0.9344338117539883,4.521679639816284,0.4194765156139284,4.287148590087891,4.775544890165329,0.5652099549770355,0.05243456445174105,0.5358935737609863,0.5969431112706661
scaling-tuned-adamw-10seeds-v1,cell-002-4a3528c0206e,C32-d8-L2-H1-m4-ffnnone,2,32,8,8,4,1,False,,0.003,400,10,0;1;2;3;4;5;6;7;8;9,0.00416703604569193,0.003431016773267293,0.0022609255080169536,0.006271730471053158,0.002083518022845965,0.0017155083866336465,0.0011304627540084768,0.003135865235526579,0.999462890625,0.0008263197441630216,0.99893798828125,0.9999267578125,0.9970102071762085,0.0026058086525149095,0.9955314040184021,0.9986178463697434,0.9966198086738587,0.014424864958172919,0.9876856625080108,1.0044885578751563,4.444218254089355,0.4292789241657018,4.204642252922058,4.699107265472412,0.5555272817611694,0.053659865520712724,0.5255802816152573,0.5873884081840515
scaling-tuned-adamw-10seeds-v1,cell-002-4a3528c0206e,C32-d8-L2-H1-m4-ffnnone,2,32,8,8,4,1,False,,0.003,800,10,0;1;2;3;4;5;6;7;8;9,0.0005766605579992756,0.0003073619152153893,0.0004103803673933726,0.0007706211443291977,0.0002883302789996378,0.00015368095760769464,0.0002051901836966863,0.00038531057216459883,0.9999755859375,5.1469362958469715e-05,0.99993896484375,1.0,0.9994429588317871,0.0009297018880711493,0.9988832931220532,0.9999764060974121,1.0005252659320831,0.01397844941959528,0.9920553028583526,1.0083835308253766,4.41154978275299,0.4335764121283266,4.167103822827339,4.668062777519226,0.5514437228441238,0.054197051516040824,0.5208879778534173,0.5835078471899032
scaling-tuned-adamw-10seeds-v1,cell-003-3e79f448723e,C32-d8-L2-H4-m4-ffnnone,3,32,8,8,4,4,False,,0.003,0,10,0;1;2;3;4;5;6;7;8;9,1.5728523850440979,0.38762239433102536,1.3648694261908532,1.8139904260635376,0.7864261925220489,0.19381119716551268,0.6824347130954266,0.9069952130317688,0.49854736328125,0.03171142746244347,0.48090789794921873,0.5180422973632812,0.006766672478988767,0.06609948555129423,-0.029011695971712454,0.04806142246234229,0.009754779911600054,0.06265256630574845,-0.023382352942135178,0.04940021086658813,6.165390205383301,0.224255158765833,6.032342630624771,6.293715389966964,0.7706737756729126,0.028031894845729124,0.7540428288280964,0.7867144237458705
scaling-tuned-adamw-10seeds-v1,cell-003-3e79f448723e,C32-d8-L2-H4-m4-ffnnone,3,32,8,8,4,4,False,,0.003,25,10,0;1;2;3;4;5;6;7;8;9,0.868370670080185,0.030187655249948736,0.8505706395208835,0.8859987109899521,0.4341853350400925,0.015093827624974368,0.42528531976044176,0.44299935549497604,0.6525390625,0.01629578473792572,0.6432736206054688,0.6622805786132812,0.13337236791849136,0.023021312874596623,0.11923219114542008,0.14593420188874004,0.10871385931968688,0.02586394197480709,0.09386696422472596,0.12408355548977852,6.047480249404908,0.21983773049471783,5.915047981739044,6.171054649353027,0.7559350311756134,0.02747971631183973,0.7393809977173805,0.7713818311691284
scaling-tuned-adamw-10seeds-v1,cell-003-3e79f448723e,C32-d8-L2-H4-m4-ffnnone,3,32,8,8,4,4,False,,0.003,50,10,0;1;2;3;4;5;6;7;8;9,0.7839230239391327,0.027855914989182877,0.7676385521888733,0.8003652350604534,0.39196151196956636,0.013927957494591438,0.38381927609443667,0.4001826175302267,0.69173583984375,0.012274937263478655,0.6847412109375,0.698974609375,0.22305704951286315,0.021864759460430074,0.20935248643159865,0.23497083786875012,0.18836039453744888,0.033103873237121266,0.16880827330052853,0.2077273668721318,5.91271858215332,0.21976751016419077,5.78117320895195,6.038247582912446,0.739089822769165,0.027470938770523846,0.7226466511189937,0.7547809478640557
scaling-tuned-adamw-10seeds-v1,cell-003-3e79f448723e,C32-d8-L2-H4-m4-ffnnone,3,32,8,8,4,4,False,,0.003,100,10,0;1;2;3;4;5;6;7;8;9,0.6507632911205292,0.07151344841196458,0.6101685881614685,0.6938803987205029,0.3253816455602646,0.03575672420598229,0.30508429408073423,0.34694019936025144,0.755615234375,0.034700858643529446,0.734912109375,0.7755252075195312,0.34378414750099184,0.07073915156524091,0.30160315535962584,0.3842112958431244,0.3224636524915695,0.084301052651454,0.2725413541123271,0.37091688010841606,5.438558578491211,0.4624172765813392,5.160623053312301,5.699394323825836,0.6798198223114014,0.0578021595726674,0.6450778816640377,0.7124242904782295
scaling-tuned-adamw-10seeds-v1,cell-003-3e79f448723e,C32-d8-L2-H4-m4-ffnnone,3,32,8,8,4,4,False,,0.003,200,10,0;1;2;3;4;5;6;7;8;9,0.3179598957300186,0.09917086257278858,0.2685436563193798,0.3836199074238538,0.1589799478650093,0.04958543128639429,0.1342718281596899,0.1918099537119269,0.89652099609375,0.04101950208312974,0.8692135620117188,0.9162478637695312,0.6831110566854477,0.10848178307287483,0.6109122934937476,0.7360185994207858,0.6770600020885468,0.11690685128667502,0.599968562424183,0.7344668777287006,4.537269639968872,0.5742583095728022,4.182908371686936,4.855082082748413,0.567158704996109,0.07178228869660028,0.522863546460867,0.6068852603435516
scaling-tuned-adamw-10seeds-v1,cell-003-3e79f448723e,C32-d8-L2-H4-m4-ffnnone,3,32,8,8,4,4,False,,0.003,400,10,0;1;2;3;4;5;6;7;8;9,0.09990156516432762,0.06076852595967294,0.0697682298719883,0.14019484909251329,0.04995078258216381,0.03038426297983647,0.03488411493599415,0.07009742454625664,0.97139892578125,0.01813227470974098,0.95931396484375,0.98026123046875,0.9049648106098175,0.0550292583086733,0.8685515560209751,0.9322512571513653,0.9038135647773743,0.06042731763716552,0.8643497112393379,0.934810061454773,4.058196377754212,0.56634177588252,3.704617238044739,4.3662058573961255,0.5072745472192765,0.070792721985315,0.46307715475559236,0.5457757321745157
scaling-tuned-adamw-10seeds-v1,cell-003-3e79f448723e,C32-d8-L2-H4-m4-ffnnone,3,32,8,8,4,4,False,,0.003,800,10,0;1;2;3;4;5;6;7;8;9,0.022067592665553092,0.009144241450967247,0.01685130763798952,0.027580125292297447,0.011033796332776546,0.0045721207254836235,0.00842565381899476,0.013790062646148724,0.99415283203125,0.0027128126320713594,0.9924560546875,0.99561767578125,0.979550164937973,0.009200514125626289,0.9741851997375488,0.9850451707839966,0.9810902833938598,0.014573079523623876,0.9726313245296477,0.9896688939630985,3.8727148294448854,0.5832171952022186,3.5108060586452488,4.190215750932693,0.4840893536806107,0.07290214940027732,0.4388507573306561,0.5237769688665866
scaling-tuned-adamw-10seeds-v1,cell-004-173da0011095,C8-d8-L2-H1-m4-ffn16,4,8,8,8,1,1,True,16,0.003,0,10,0;1;2;3;4;5;6;7;8;9,1.9524527192115784,0.60100716187782,1.6036450222134593,2.308532930612563,0.9762263596057892,0.30050358093891,0.8018225111067296,1.1542664653062815,0.4918701171875,0.03493932983301623,0.471337890625,0.5119146728515624,0.009883269807323814,0.08578744650697508,-0.03740945693687535,0.06257352467509916,0.00593922808766365,0.08586897501866385,-0.04484087689779699,0.05575437527149916,3.947440004348755,0.2609735237497515,3.7825548887252807,4.085444009304046,0.49343000054359437,0.03262169046871894,0.4728193610906601,0.5106805011630058
scaling-tuned-adamw-10seeds-v1,cell-004-173da0011095,C8-d8-L2-H1-m4-ffn16,4,8,8,8,1,1,True,16,0.003,25,10,0;1;2;3;4;5;6;7;8;9,0.8243607401847839,0.08034667904354117,0.7783831222355366,0.8737769128382206,0.41218037009239195,0.04017333952177059,0.3891915611177683,0.4368884564191103,0.668798828125,0.05253730024102689,0.6345452880859375,0.6957891845703124,0.16594156045466663,0.07423320653816182,0.12067987195681781,0.20851362525951117,0.13203867375850678,0.06740373941492363,0.0921391174197197,0.17150011884048574,3.8489102363586425,0.2818003556480429,3.671947396397591,3.998705740571022,0.4811137795448303,0.03522504445600536,0.4589934245496989,0.49983821757137775
scaling-tuned-adamw-10seeds-v1,cell-004-173da0011095,C8-d8-L2-H1-m4-ffn16,4,8,8,8,1,1,True,16,0.003,50,10,0;1;2;3;4;5;6;7;8;9,0.7095582783222198,0.10118759208657321,0.6470402525365353,0.7653243972361087,0.3547791391611099,0.05059379604328661,0.32352012626826765,0.38266219861805434,0.728515625,0.04536722174825051,0.7035998535156249,0.7566656494140624,0.2725680582225323,0.10580022510805064,0.21272651875391602,0.33707103103399255,0.23684014976024628,0.11631049948317433,0.1729514815285802,0.3085696172341704,3.765354800224304,0.3261520363970534,3.5635001009702685,3.944490098953247,0.470669350028038,0.04076900454963168,0.44543751262128356,0.4930612623691559
scaling-tuned-adamw-10seeds-v1,cell-004-173da0011095,C8-d8-L2-H1-m4-ffn16,4,8,8,8,1,1,True,16,0.003,100,10,0;1;2;3;4;5;6;7;8;9,0.42521844878792764,0.18379293054873164,0.31349363930523394,0.5289658293128013,0.21260922439396382,0.09189646527436582,0.15674681965261697,0.26448291465640067,0.851123046875,0.07698841264849983,0.8070785522460938,0.8973394775390624,0.5759851902723312,0.194064339062719,0.4662778064608575,0.6928444101661442,0.5515994668006897,0.21449433817759733,0.43074137777090077,0.682021035477519,3.572443461418152,0.3943877911375362,3.333028507232666,3.7913771814107897,0.446555432677269,0.049298473892192024,0.4166285634040833,0.4739221476763487
scaling-tuned-adamw-10seeds-v1,cell-004-173da0011095,C8-d8-L2-H1-m4-ffn16,4,8,8,8,1,1,True,16,0.003,200,10,0;1;2;3;4;5;6;7;8;9,0.05067778420634568,0.07299169932859485,0.00961787645763254,0.0952396740228868,0.02533889210317284,0.036495849664297426,0.00480893822881627,0.0476198370114434,0.9882080078125,0.019745830530361094,0.9758297729492188,0.999462890625,0.9538878083229065,0.0756223723637174,0.9072186559438705,0.9946179032325745,0.9446542084217071,0.08653001878292808,0.8895536758005619,0.9898365391790866,3.5646892309188845,0.34215456621381257,3.36526789188385,3.764939298629761,0.44558615386486056,0.04276932077672657,0.42065848648548126,0.4706174123287201
scaling-tuned-adamw-10seeds-v1,cell-004-173da0011095,C8-d8-L2-H1-m4-ffn16,4,8,8,8,1,1,True,16,0.003,400,10,0;1;2;3;4;5;6;7;8;9,0.0014572844345821067,0.0015479666386611513,0.0007646208838559689,0.0024873363194637915,0.0007286422172910534,0.0007739833193305757,0.00038231044192798446,0.0012436681597318958,1.0,0.0,1.0,1.0,0.9996948182582855,0.00347692341216344,0.9973615463078022,1.001315207630396,0.995189905166626,0.008213581281217517,0.9902628481388092,0.9998779171705245,3.583341693878174,0.3166673022236286,3.3938970583677293,3.763097139596939,0.44791771173477174,0.039583412777953575,0.42423713229596616,0.4703871424496174
scaling-tuned-adamw-10seeds-v1,cell-004-173da0011095,C8-d8-L2-H1-m4-ffn16,4,8,8,8,1,1,True,16,0.003,800,10,0;1;2;3;4;5;6;7;8;9,0.0003233974101021886,0.0002494654995730679,0.00020527770218905063,0.0004893159280254619,0.0001616987050510943,0.00012473274978653395,0.00010263885109452532,0.00024465796401273093,1.0,0.0,1.0,1.0,1.0001288533210755,0.0009999473030261566,0.9995651407539845,1.0007395346462726,0.9951884090900421,0.010814969078265345,0.9889950664341449,1.001758349686861,3.585466241836548,0.3177255224901029,3.3963685894012454,3.7668581503629683,0.4481832802295685,0.03971569031126286,0.4245460736751557,0.47085726879537104
scaling-tuned-adamw-10seeds-v1,cell-005-e6fff93be5a2,C8-d8-L2-H4-m4-ffn16,5,8,8,8,1,4,True,16,0.003,0,10,0;1;2;3;4;5;6;7;8;9,1.9048256278038025,0.5717451774962592,1.58422878831625,2.2543771350383754,0.9524128139019012,0.2858725887481296,0.792114394158125,1.1271885675191877,0.5004150390625,0.027093144620384597,0.48450897216796873,0.5162359619140624,0.016887408308684827,0.07390773295600751,-0.024589290097355842,0.062466751234605856,0.010506657371297478,0.07094769666060424,-0.03222407741937784,0.05163088330067693,3.947440004348755,0.2609735237497515,3.7825548887252807,4.085444009304046,0.49343000054359437,0.03262169046871894,0.4728193610906601,0.5106805011630058
scaling-tuned-adamw-10seeds-v1,cell-005-e6fff93be5a2,C8-d8-L2-H4-m4-ffn16,5,8,8,8,1,4,True,16,0.003,25,10,0;1;2;3;4;5;6;7;8;9,0.8051356196403503,0.07251063026782378,0.766919962912798,0.8519317328929901,0.40256780982017515,0.03625531513391189,0.383459981456399,0.42596586644649503,0.68033447265625,0.04034645124513329,0.6542724609375,0.7017822265625,0.1865163564682007,0.07034587121930173,0.14060763232409954,0.2226917392015457,0.1566209767013788,0.06634693217052516,0.11430998854339122,0.19264260947704315,3.886335515975952,0.2708291825848483,3.7137998795509337,4.029195592999458,0.485791939496994,0.033853647823106035,0.4642249849438667,0.5036494491249323
scaling-tuned-adamw-10seeds-v1,cell-005-e6fff93be5a2,C8-d8-L2-H4-m4-ffn16,5,8,8,8,1,4,True,16,0.003,50,10,0;1;2;3;4;5;6;7;8;9,0.7046603441238404,0.07992450916487565,0.6594043016433716,0.7526676540076732,0.3523301720619202,0.03996225458243782,0.3297021508216858,0.3763338270038366,0.73126220703125,0.033955995541630285,0.7116693115234375,0.75146484375,0.2769403405487537,0.08384091666829592,0.22476146768778563,0.3227811064571142,0.24974828064441681,0.08721184073069445,0.19685956977307795,0.299582421220839,3.8067932605743406,0.2966187821381113,3.6262662410736084,3.9706353783607478,0.4758491575717926,0.037077347767263916,0.45328328013420105,0.49632942229509347
scaling-tuned-adamw-10seeds-v1,cell-005-e6fff93be5a2,C8-d8-L2-H4-m4-ffn16,5,8,8,8,1,4,True,16,0.003,100,10,0;1;2;3;4;5;6;7;8;9,0.4481846377253532,0.1363788125191522,0.366194493509829,0.5251771489530801,0.2240923188626766,0.0681894062595761,0.1830972467549145,0.26258857447654005,0.8434326171875,0.05432143231586136,0.81229248046875,0.8758682250976562,0.5426747739315033,0.14963172034482042,0.45880473852157594,0.6330035439133644,0.5178647756576538,0.15561487723354184,0.4310808300971985,0.6115694674104452,3.6391035079956056,0.34290202172848877,3.428920459151268,3.823410015106201,0.4548879384994507,0.042862752716061096,0.4286150573939085,0.47792625188827514
scaling-tuned-adamw-10seeds-v1,cell-005-e6fff93be5a2,C8-d8-L2-H4-m4-ffn16,5,8,8,8,1,4,True,16,0.003,200,10,0;1;2;3;4;5;6;7;8;9,0.08310548923909664,0.06311686559771876,0.04673126942943782,0.1204169593192636,0.04155274461954832,0.03155843279885938,0.02336563471471891,0.0602084796596318,0.979736328125,0.019801411822854713,0.9678952026367188,0.991015625,0.9312583923339843,0.05995091468247462,0.8955493271350861,0.9656809252500533,0.9203876972198486,0.06505940839224508,0.8816646312177181,0.9572068247199059,3.567377781867981,0.28880985478321347,3.393102118372917,3.7252839004993437,0.44592222273349763,0.036101231847901684,0.42413776479661464,0.46566048756241796
scaling-tuned-adamw-10seeds-v1,cell-005-e6fff93be5a2,C8-d8-L2-H4-m4-ffn16,5,8,8,8,1,4,True,16,0.003,400,10,0;1;2;3;4;5;6;7;8;9,0.0031317528802901505,0.002710138629405766,0.0017012941016582774,0.00485045839101076,0.0015658764401450752,0.001355069314702883,0.0008506470508291387,0.00242522919550538,0.9999267578125,0.00011793112586417186,0.999853515625,0.99998779296875,1.0002764582633972,0.0026434956570975006,0.9986516356468201,1.0017734295129777,0.9903239071369171,0.012051238361521312,0.9828198324143886,0.9966847637295723,3.5992645978927613,0.3568478277587913,3.387632633447647,3.8018033361434935,0.44990807473659516,0.044605978469848914,0.4234540791809559,0.4752254170179367
scaling-tuned-adamw-10seeds-v1,cell-005-e6fff93be5a2,C8-d8-L2-H4-m4-ffn16,5,8,8,8,1,4,True,16,0.003,800,10,0;1;2;3;4;5;6;7;8;9,0.0008903149268007837,0.0012586471426547468,0.00036110652734350885,0.0017238385261225625,0.00044515746340039185,0.0006293235713273734,0.00018055326367175442,0.0008619192630612813,0.9998779296875,0.0003860202221885229,0.9996337890625,1.0,0.9989002346992493,0.004029578536623352,0.9961927819252014,1.0005627140402793,0.9901131153106689,0.01601819007759005,0.9799039269983768,0.9981207130849362,3.5829335689544677,0.37480696059824253,3.3604059106111523,3.796948902606964,0.44786669611930846,0.04685087007478032,0.42005073882639404,0.4746186128258705
scaling-tuned-adamw-10seeds-v1,cell-006-f100eb25da99,C32-d8-L2-H1-m4-ffn16,6,32,8,8,4,1,True,16,0.003,0,10,0;1;2;3;4;5;6;7;8;9,2.1180388808250425,1.2689449249757696,1.474640246629715,2.9436740657687186,1.0590194404125213,0.6344724624878848,0.7373201233148575,1.4718370328843593,0.50369873046875,0.046762722263614095,0.475341796875,0.5302490234375,0.00790210992563516,0.10801169286602112,-0.05702533340081572,0.06831798298167967,0.015500991605222225,0.08879752394259392,-0.03550306902732699,0.06815207204315807,6.438348388671875,0.30769976189340614,6.256902428865433,6.617047309875488,0.8047935485839843,0.03846247023667577,0.7821128036081791,0.827130913734436
scaling-tuned-adamw-10seeds-v1,cell-006-f100eb25da99,C32-d8-L2-H1-m4-ffn16,6,32,8,8,4,1,True,16,0.003,25,10,0;1;2;3;4;5;6;7;8;9,0.8855723798274994,0.06038252597527474,0.8499041791260242,0.9207506749033927,0.4427861899137497,0.03019126298763737,0.4249520895630121,0.46037533745169634,0.6378173828125,0.03942394457425502,0.6140255737304688,0.6599734497070312,0.11105899643152953,0.05642004326944553,0.07863793738652021,0.14516123680863527,0.09845232851803302,0.05180035419578165,0.06832933868281545,0.12879356204532086,6.371999216079712,0.3493515562885772,6.1659113073349,6.57484750032425,0.796499902009964,0.04366894453607215,0.7707389134168625,0.8218559375405312
scaling-tuned-adamw-10seeds-v1,cell-006-f100eb25da99,C32-d8-L2-H1-m4-ffn16,6,32,8,8,4,1,True,16,0.003,50,10,0;1;2;3;4;5;6;7;8;9,0.7776141583919525,0.08271401907969182,0.7308005511760711,0.8273772972822189,0.38880707919597624,0.04135700953984591,0.36540027558803556,0.41368864864110944,0.69578857421875,0.04211264393734901,0.6701171875,0.7193359375,0.21959807723760605,0.08483821711712626,0.16806184682995082,0.2669952598959205,0.19852321594953537,0.0878615548300969,0.14617972042411564,0.2486916166171431,6.2452106952667235,0.4238449464823135,5.994099212884904,6.488813664913177,0.7806513369083404,0.05298061831028919,0.749262401610613,0.8111017081141472
scaling-tuned-adamw-10seeds-v1,cell-006-f100eb25da99,C32-d8-L2-H1-m4-ffn16,6,32,8,8,4,1,True,16,0.003,100,10,0;1;2;3;4;5;6;7;8;9,0.5373630374670029,0.19643001296627882,0.4263594248890877,0.6549715288728475,0.26868151873350143,0.09821500648313941,0.21317971244454384,0.32748576443642374,0.801708984375,0.08490994654011615,0.7506826782226563,0.8495852661132812,0.4685103103518486,0.20731172413689894,0.3444071123749018,0.5855598395317793,0.4567472532391548,0.22288808513865102,0.32306219842284917,0.5826207594573497,5.842732286453247,0.604019068631913,5.481551837921143,6.186267035007476,0.7303415358066558,0.07550238357898913,0.6851939797401428,0.7732833793759345
scaling-tuned-adamw-10seeds-v1,cell-006-f100eb25da99,C32-d8-L2-H1-m4-ffn16,6,32,8,8,4,1,True,16,0.003,200,10,0;1;2;3;4;5;6;7;8;9,0.2089995216578245,0.25050551177299923,0.07466249424498529,0.3671010528039186,0.10449976082891226,0.12525275588649962,0.037331247122492646,0.1835505264019593,0.927880859375,0.09515084487772468,0.867698974609375,0.9785165405273437,0.7992279589176178,0.25625469844831594,0.6367306201159955,0.9355326083302498,0.7957742512226105,0.26812649142904416,0.6276056374609471,0.939368623048067,5.246494626998901,0.5148335642985165,4.96294704914093,5.561515281200409,0.6558118283748626,0.06435419553731456,0.6203683811426163,0.6951894101500511
scaling-tuned-adamw-10seeds-v1,cell-006-f100eb25da99,C32-d8-L2-H1-m4-ffn16,6,32,8,8,4,1,True,16,0.003,400,10,0;1;2;3;4;5;6;7;8;9,0.023533458984456957,0.05354320585135991,0.003473372707376259,0.058756701089441775,0.011766729492228479,0.026771602925679955,0.0017366863536881294,0.029378350544720887,0.9937744140625,0.015477330389416023,0.98367919921875,0.99935302734375,0.980693656206131,0.05242890354666326,0.9466494631767273,0.9989929004013538,0.9835350155830384,0.0576465799428753,0.9443979516625405,1.009117562174797,4.978777742385864,0.4371829917023293,4.723400387763977,5.228942664861678,0.622347217798233,0.054647873962791166,0.5904250484704971,0.6536178331077097
scaling-tuned-adamw-10seeds-v1,cell-006-f100eb25da99,C32-d8-L2-H1-m4-ffn16,6,32,8,8,4,1,True,16,0.003,800,10,0;1;2;3;4;5;6;7;8;9,0.0013653737798449584,0.0020897834916714653,0.0004944729263661429,0.00276111683819181,0.0006826868899224792,0.0010448917458357326,0.00024723646318307145,0.001380558419095905,0.999755859375,0.0004848785517502029,0.9994384765625,0.999951171875,0.9985617697238922,0.003370737247038672,0.9963036705553532,1.0000204677879811,1.0008064925670623,0.016456098940927553,0.9906517243385315,1.00970544308424,4.904758453369141,0.4622189797714358,4.6311357927322385,5.164358294010162,0.6130948066711426,0.05777737247142947,0.5788919740915298,0.6455447867512702
scaling-tuned-adamw-10seeds-v1,cell-007-8736a677897e,C32-d8-L2-H4-m4-ffn16,7,32,8,8,4,4,True,16,0.003,0,10,0;1;2;3;4;5;6;7;8;9,2.1977187275886534,1.4200633988787068,1.4796685546636583,3.126440337002276,1.0988593637943267,0.7100316994393534,0.7398342773318292,1.563220168501138,0.50166015625,0.05838235089899046,0.46571044921875,0.53414306640625,0.00931161129847169,0.13073363439627947,-0.07227605622261761,0.07924074390670283,0.016393362171947957,0.11433420180166967,-0.053534839069470756,0.07937767697963855,6.438348388671875,0.30769976189340614,6.256902428865433,6.617047309875488,0.8047935485839843,0.03846247023667577,0.7821128036081791,0.827130913734436
scaling-tuned-adamw-10seeds-v1,cell-007-8736a677897e,C32-d8-L2-H4-m4-ffn16,7,32,8,8,4,4,True,16,0.003,25,10,0;1;2;3;4;5;6;7;8;9,0.8799767851829529,0.06947756102152956,0.8372066143155098,0.917935229241848,0.43998839259147643,0.03473878051076478,0.4186033071577549,0.458967614620924,0.64381103515625,0.0404491338888093,0.6204464721679688,0.66719970703125,0.11611745171248913,0.07134433090561802,0.07833842163905504,0.16015739561058567,0.10332427527755499,0.0661990390145099,0.06822004644665867,0.14405030889902262,6.34900975227356,0.3636708976259655,6.140976837873459,6.565221928358078,0.793626219034195,0.04545886220324569,0.7676221047341824,0.8206527410447597
scaling-tuned-adamw-10seeds-v1,cell-007-8736a677897e,C32-d8-L2-H4-m4-ffn16,7,32,8,8,4,4,True,16,0.003,50,10,0;1;2;3;4;5;6;7;8;9,0.7788717210292816,0.0813745298595199,0.7295974825322629,0.8242563270032405,0.3894358605146408,0.04068726492975995,0.36479874126613143,0.41212816350162024,0.69600830078125,0.03983476200827016,0.673388671875,0.7199835205078124,0.21366747841238976,0.08638818475823244,0.16412694722414017,0.26455920441076153,0.1898768085986376,0.08836166120890543,0.14045458730310204,0.24345124810934066,6.234431219100952,0.44303926842928854,5.978645224571228,6.496390008926392,0.779303902387619,0.05537990855366107,0.7473306530714035,0.812048751115799
scaling-tuned-adamw-10seeds-v1,cell-007-8736a677897e,C32-d8-L2-H4-m4-ffn16,7,32,8,8,4,4,True,16,0.003,100,10,0;1;2;3;4;5;6;7;8;9,0.6115799963474273,0.15018337745961574,0.521381103247404,0.6952549073100089,0.30578999817371366,0.07509168872980787,0.260690551623702,0.34762745365500447,0.76922607421875,0.06513412422123317,0.7323843383789063,0.8082650756835937,0.3896168678998947,0.15791457590602526,0.30186277329921724,0.4850270780920981,0.3702851966023445,0.1727627890065865,0.2744445515424013,0.4746195054426789,5.900961923599243,0.6274557204197672,5.5153630304336545,6.250936405658722,0.7376202404499054,0.0784319650524709,0.6894203788042068,0.7813670507073402
scaling-tuned-adamw-10seeds-v1,cell-007-8736a677897e,C32-d8-L2-H4-m4-ffn16,7,32,8,8,4,4,True,16,0.003,200,10,0;1;2;3;4;5;6;7;8;9,0.3135805033147335,0.19098485124013795,0.20848958481103183,0.4311859636381268,0.15679025165736676,0.09549242562006897,0.10424479240551592,0.2155929818190634,0.89107666015625,0.07243615840963748,0.8462887573242188,0.9302737426757812,0.6920546740293503,0.19540778066425463,0.5714558647572994,0.7989688247442245,0.6892811119556427,0.21200066085373467,0.5576885163784027,0.8052246674895287,5.141194581985474,0.5793140168483071,4.814650406837464,5.50289269208908,0.6426493227481842,0.07241425210603838,0.601831300854683,0.687861586511135
scaling-tuned-adamw-10seeds-v1,cell-007-8736a677897e,C32-d8-L2-H4-m4-ffn16,7,32,8,8,4,4,True,16,0.003,400,10,0;1;2;3;4;5;6;7;8;9,0.09663372077047824,0.09234525829041966,0.049370479099452504,0.15755858902819447,0.04831686038523912,0.04617262914520983,0.024685239549726252,0.07877929451409724,0.970166015625,0.02912190499367231,0.9509640502929688,0.98489990234375,0.9061290204524994,0.08928450140139438,0.8473872649669647,0.9518254901468753,0.9089575469493866,0.10064195198355243,0.8435746788978576,0.9620025292038917,4.595153379440307,0.4671942201636559,4.31603307723999,4.865430406332016,0.5743941724300384,0.05839927752045699,0.5395041346549988,0.608178800791502
scaling-tuned-adamw-10seeds-v1,cell-007-8736a677897e,C32-d8-L2-H4-m4-ffn16,7,32,8,8,4,4,True,16,0.003,800,10,0;1;2;3;4;5;6;7;8;9,0.021390078589320183,0.018802437199946093,0.011407086891122164,0.033391216427553445,0.010695039294660091,0.009401218599973046,0.005703543445561082,0.016695608213776723,0.99381103515625,0.005649641833397882,0.99014892578125,0.99681396484375,0.9784067809581757,0.018773960360923183,0.966811569184065,0.9885133147239685,0.9795289218425751,0.032247941266555405,0.9598005652427674,0.9974196599423886,4.3415099620819095,0.5373118982079077,4.01555109500885,4.645274637341499,0.5426887452602387,0.06716398727598846,0.5019438868761062,0.5806593296676874
scaling-tuned-adamw-10seeds-v1,cell-008-b0acb3f0bc5a,C32-d32-L2-H1-m4-ffnnone,8,32,32,32,1,1,False,,0.003,0,10,0;1;2;3;4;5;6;7;8;9,1.6162036061286926,0.6994485647118105,1.3215989857912063,2.0858736395835877,0.8081018030643463,0.34972428235590525,0.6607994928956031,1.0429368197917939,0.49073486328125,0.04787319844682297,0.46427001953125,0.5197882080078124,-0.019965722411870956,0.09614291608448082,-0.07330948446877299,0.039181048246100504,-0.014517823979258538,0.07710482133228976,-0.05822571595199406,0.03159770361147783,15.79993715286255,0.49330905004060904,15.510183732509613,16.09380250453949,0.49374803602695466,0.015415907813769033,0.4846932416409254,0.502931328266859
scaling-tuned-adamw-10seeds-v1,cell-008-b0acb3f0bc5a,C32-d32-L2-H1-m4-ffnnone,8,32,32,32,1,1,False,,0.003,25,10,0;1;2;3;4;5;6;7;8;9,0.7219417095184326,0.048875121332656715,0.6950229598581791,0.751749756783247,0.3609708547592163,0.024437560666328358,0.34751147992908954,0.3758748783916235,0.7192626953125,0.02579327697739205,0.70345458984375,0.7333740234375,0.2893276304006577,0.054016677406530066,0.2562764885276556,0.31892115227878093,0.25811525285243986,0.05697411880663707,0.223352360278368,0.29000737607479093,15.409377288818359,0.47107064723953324,15.128803441524505,15.682395832538605,0.4815430402755737,0.014720957726235414,0.4727751075476408,0.4900748697668314
scaling-tuned-adamw-10seeds-v1,cell-008-b0acb3f0bc5a,C32-d32-L2-H1-m4-ffnnone,8,32,32,32,1,1,False,,0.003,50,10,0;1;2;3;4;5;6;7;8;9,0.2777892373502254,0.1475206744893297,0.19443003384396437,0.3674149905145168,0.1388946186751127,0.07376033724466485,0.09721501692198219,0.1837074952572584,0.91766357421875,0.058879670381513864,0.8814071655273438,0.9502569580078124,0.741918683052063,0.16510328678939415,0.6403973989188672,0.8354068844020366,0.7361870557069778,0.16922118658689933,0.6327561068534852,0.8313972559571264,13.732758045196533,0.6421765842845841,13.38832274913788,14.132078852653503,0.42914868891239166,0.020068018258893254,0.41838508591055873,0.441627464145422
scaling-tuned-adamw-10seeds-v1,cell-008-b0acb3f0bc5a,C32-d32-L2-H1-m4-ffnnone,8,32,32,32,1,1,False,,0.003,100,10,0;1;2;3;4;5;6;7;8;9,0.0071970730903558435,0.006817236818798071,0.003518718631530647,0.011487511676677956,0.0035985365451779217,0.0034086184093990355,0.0017593593157653234,0.005743755838338978,0.99984130859375,0.0003101536295598878,0.9996337890625,0.99998779296875,0.9993979871273041,0.00812607695351908,0.9941865256428718,1.0035426500439644,0.9995763182640076,0.011472092300458975,0.9929844498634338,1.0063134837150574,12.470368576049804,0.39743014541601546,12.238700678348541,12.702113211154938,0.3896990180015564,0.012419692044250483,0.3824593961983919,0.3969410378485918
scaling-tuned-adamw-10seeds-v1,cell-008-b0acb3f0bc5a,C32-d32-L2-H1-m4-ffnnone,8,32,32,32,1,1,False,,0.003,200,10,0;1;2;3;4;5;6;7;8;9,0.0013361032528337092,0.001133288532095618,0.0007224400993436575,0.0020642595909885117,0.0006680516264168546,0.000566644266047809,0.00036122004967182876,0.0010321297954942559,0.99990234375,0.0003088161777508183,0.99970703125,1.0,0.9992900669574738,0.0031398977629470935,0.9974709843099117,1.0011338974535466,1.0003064036369325,0.007821580200011134,0.9956184366345406,1.0048336243629454,12.419674015045166,0.3921928495294265,12.192578010559082,12.652140829563141,0.3881148129701614,0.012256026547794579,0.3810180628299713,0.39537940092384816
scaling-tuned-adamw-10seeds-v1,cell-008-b0acb3f0bc5a,C32-d32-L2-H1-m4-ffnnone,8,32,32,32,1,1,False,,0.003,400,10,0;1;2;3;4;5;6;7;8;9,0.00027553852123674005,0.00015775309195178294,0.00019213585655961652,0.0003760440740734339,0.00013776926061837003,7.887654597589147e-05,9.606792827980826e-05,0.00018802203703671694,1.0,0.0,1.0,1.0,1.0010229170322418,0.0013077518458926073,1.0002919848263263,1.0018177150189875,1.0019708096981048,0.007505269187861369,0.9972729754447938,1.0061384719610216,12.361828517913818,0.3839320127725599,12.139889359474182,12.5884024477005,0.3863071411848068,0.011997875399142497,0.3793715424835682,0.3933875764906406
scaling-tuned-adamw-10seeds-v1,cell-008-b0acb3f0bc5a,C32-d32-L2-H1-m4-ffnnone,8,32,32,32,1,1,False,,0.003,800,10,0;1;2;3;4;5;6;7;8;9,7.886648418207188e-05,3.5736212720529076e-05,5.943178379311576e-05,0.00010135625509064988,3.943324209103594e-05,1.7868106360264538e-05,2.971589189655788e-05,5.067812754532494e-05,1.0,0.0,1.0,1.0,1.0006543159484864,0.0010445838835041767,1.000030267238617,1.0012564301490783,1.0016084015369415,0.007688878481691954,0.9969609089195728,1.0060341656208038,12.323666858673096,0.38244685285810337,12.104699351787566,12.55126756668091,0.38511458933353426,0.01195146415181573,0.37827185474336145,0.3922271114587784
scaling-tuned-adamw-10seeds-v1,cell-009-ab32a69e245d,C32-d32-L2-H4-m4-ffnnone,9,32,32,32,1,4,False,,0.003,0,10,0;1;2;3;4;5;6;7;8;9,1.6241851925849915,0.6753753993498185,1.3284944534301757,2.0737720242142674,0.8120925962924957,0.33768769967490925,0.6642472267150878,1.0368860121071337,0.4845947265625,0.0466284732973734,0.4582275390625,0.51246337890625,-0.016807159502059223,0.08367379604458908,-0.06261475601699201,0.03506688236957405,-0.012148555275052786,0.0630219540826747,-0.04617962123826143,0.02607740583829578,15.79993715286255,0.49330905004060904,15.510183732509613,16.09380250453949,0.49374803602695466,0.015415907813769033,0.4846932416409254,0.502931328266859
scaling-tuned-adamw-10seeds-v1,cell-009-ab32a69e245d,C32-d32-L2-H4-m4-ffnnone,9,32,32,32,1,4,False,,0.003,25,10,0;1;2;3;4;5;6;7;8;9,0.7208126068115235,0.04627051919473274,0.6942804045975208,0.7491733755171299,0.36040630340576174,0.02313525959736637,0.3471402022987604,0.37458668775856496,0.72039794921875,0.02416089506946171,0.70562744140625,0.7341555786132812,0.28822643756866456,0.03836640251177787,0.26378554105758667,0.3082271272689104,0.2593606248497963,0.03994699514496503,0.23437833968549968,0.2807473792135715,15.468056106567383,0.5573105532698286,15.138632290363311,15.785679149627686,0.4833767533302307,0.017415954789682143,0.4730822590738535,0.4933024734258652
scaling-tuned-adamw-10seeds-v1,cell-009-ab32a69e245d,C32-d32-L2-H4-m4-ffnnone,9,32,32,32,1,4,False,,0.003,50,10,0;1;2;3;4;5;6;7;8;9,0.4104000449180603,0.1345290413892926,0.3333573282510042,0.490545885413885,0.20520002245903016,0.0672645206946463,0.1666786641255021,0.2452729427069425,0.86575927734375,0.05939177699952368,0.8294552612304688,0.8990972900390624,0.5862433105707169,0.14682234556277526,0.5009325978904963,0.6724349807202815,0.5926849246025085,0.16057851719139257,0.5009482146799564,0.686963732689619,14.107402515411376,0.8394206721444913,13.602696514129638,14.582018496990203,0.4408563286066055,0.026231896004515354,0.4250842660665512,0.45568807803094386
scaling-tuned-adamw-10seeds-v1,cell-009-ab32a69e245d,C32-d32-L2-H4-m4-ffnnone,9,32,32,32,1,4,False,,0.003,100,10,0;1;2;3;4;5;6;7;8;9,0.030807949230074884,0.027221643923073035,0.017770484634675086,0.048691439609974616,0.015403974615037442,0.013610821961536517,0.008885242317337543,0.024345719804987308,0.99696044921875,0.005068964725017026,0.9936279296875,0.99896240234375,0.9845449149608612,0.022395108926250507,0.9696837159991264,0.9954534031450748,0.9943055748939514,0.022995937402021265,0.9804569701850414,1.0074049328267574,12.320802116394043,0.6116091113079084,11.97421676158905,12.688709924221039,0.38502506613731385,0.019112784728372138,0.3741942737996578,0.39652218513190746
scaling-tuned-adamw-10seeds-v1,cell-009-ab32a69e245d,C32-d32-L2-H4-m4-ffnnone,9,32,32,32,1,4,False,,0.003,200,10,0;1;2;3;4;5;6;7;8;9,0.0025748430634848773,0.0013955704326517285,0.0017825816432014108,0.003409139879513531,0.0012874215317424387,0.0006977852163258643,0.0008912908216007054,0.0017045699397567654,0.99986572265625,0.0002786603787152333,0.9996826171875,1.0,0.9988590538501739,0.004249960050191236,0.996281994432211,1.0012412598729132,1.0006530940532685,0.013458545048177685,0.9921675628423691,1.0078197824954986,11.972981262207032,0.6577613884287111,11.582317485809327,12.352692005634308,0.37415566444396975,0.020555043388397223,0.36194742143154146,0.38602162517607214
scaling-tuned-adamw-10seeds-v1,cell-009-ab32a69e245d,C32-d32-L2-H4-m4-ffnnone,9,32,32,32,1,4,False,,0.003,400,10,0;1;2;3;4;5;6;7;8;9,0.0007054439382045529,0.00042180208613248134,0.0004750340984537617,0.0009608698208467103,0.00035272196910227647,0.00021090104306624067,0.00023751704922688084,0.00048043491042335516,0.99996337890625,8.239118136115147e-05,0.99991455078125,1.0,0.9998492181301117,0.002760255110294059,0.9982156038284302,1.0014393562078476,1.001122111082077,0.011968228344336255,0.993787928968668,1.007783882468939,11.731621360778808,0.6963443811251661,11.308558292388916,12.123316349983215,0.36661316752433776,0.02176076191016144,0.35339244663715363,0.37885363593697546
scaling-tuned-adamw-10seeds-v1,cell-009-ab32a69e245d,C32-d32-L2-H4-m4-ffnnone,9,32,32,32,1,4,False,,0.003,800,10,0;1;2;3;4;5;6;7;8;9,0.0006660837934759911,0.0012488652533416578,0.00014320898486403167,0.0014797817609360207,0.00033304189673799556,0.0006244326266708289,7.160449243201583e-05,0.0007398908804680103,0.99984130859375,0.0003904978227216822,0.99959716796875,1.0,0.9984093904495239,0.004318490140577833,0.9955795645713806,1.000469599366188,0.9998531103134155,0.01045597640604151,0.9935590711236,1.0058895802497863,11.469383430480956,0.7260459084162948,11.024749565124512,11.86877420425415,0.3584182322025299,0.022688934638009212,0.344523423910141,0.3708991938829422
scaling-tuned-adamw-10seeds-v1,cell-010-e2d6e09349f6,C128-d32-L2-H1-m4-ffnnone,10,128,32,32,4,1,False,,0.003,0,10,0;1;2;3;4;5;6;7;8;9,1.750114631652832,0.4915047918324439,1.4780943918228149,2.051045966744421,0.875057315826416,0.24575239591622194,0.7390471959114074,1.0255229833722106,0.4877197265625,0.04642119258774357,0.46155853271484376,0.51531982421875,-0.010657153092324734,0.13620875395875917,-0.08199459028430282,0.07634129128418862,-0.0080005512223579,0.10670487406200918,-0.06398207519989227,0.06020046006888151,25.303189277648926,0.37397308872812374,25.09077431201935,25.526066117286682,0.7907246649265289,0.011686659022753867,0.7840866972506046,0.7976895661652088
scaling-tuned-adamw-10seeds-v1,cell-010-e2d6e09349f6,C128-d32-L2-H1-m4-ffnnone,10,128,32,32,4,1,False,,0.003,25,10,0;1;2;3;4;5;6;7;8;9,0.7577535510063171,0.03609948915268156,0.7362549066543579,0.7786642669141293,0.37887677550315857,0.01804974457634078,0.36812745332717894,0.38933213345706463,0.70523681640625,0.016911724654359212,0.69490966796875,0.71485595703125,0.24958001226186752,0.03463578597786127,0.22993430353701114,0.2708843817934393,0.20806609764695166,0.051756141705678035,0.17719479935243726,0.23816807322204103,24.964055252075195,0.35930450773608463,24.762379269599915,25.185115303993225,0.7801267266273498,0.011228265866752645,0.7738243521749973,0.7870348532497883
scaling-tuned-adamw-10seeds-v1,cell-010-e2d6e09349f6,C128-d32-L2-H1-m4-ffnnone,10,128,32,32,4,1,False,,0.003,50,10,0;1;2;3;4;5;6;7;8;9,0.45830639004707335,0.13518615582940102,0.379605435654521,0.5385878562927247,0.22915319502353668,0.06759307791470051,0.1898027178272605,0.2692939281463623,0.84208984375,0.06087403320721488,0.8053952026367188,0.8768072509765624,0.5325162947177887,0.13492268373067656,0.4540216845273972,0.6131093721091746,0.5125496864318848,0.1485963538008686,0.42500054046511654,0.5995838008075952,23.30474967956543,0.7826088524752759,22.85597340106964,23.765283508300783,0.7282734274864197,0.024456526639852372,0.7142491687834263,0.7426651096343995
scaling-tuned-adamw-10seeds-v1,cell-010-e2d6e09349f6,C128-d32-L2-H1-m4-ffnnone,10,128,32,32,4,1,False,,0.003,100,10,0;1;2;3;4;5;6;7;8;9,0.020578351942822336,0.011502587376282724,0.013983955553267152,0.02739119616220705,0.010289175971411168,0.005751293688141362,0.006991977776633576,0.013695598081103525,0.99871826171875,0.0008617276442280017,0.998193359375,0.9991943359375,0.9852260529994965,0.019037685573358658,0.9741426852345467,0.996302741765976,0.9813062191009522,0.02860503551200554,0.9640229961276054,0.9969340264797211,19.561522674560546,1.2331234572794219,18.88054962158203,20.318213644027708,0.6112975835800171,0.03853510803998193,0.5900171756744385,0.6349441763758659
scaling-tuned-adamw-10seeds-v1,cell-010-e2d6e09349f6,C128-d32-L2-H1-m4-ffnnone,10,128,32,32,4,1,False,,0.003,200,10,0;1;2;3;4;5;6;7;8;9,0.0031136202625930308,0.0013969653520586659,0.00235772046726197,0.003967322260723448,0.0015568101312965154,0.0006984826760293329,0.001178860233630985,0.001983661130361724,0.99964599609375,0.0003879455220232106,0.9993896484375,0.9998291015625,1.0001996159553528,0.0030498834372064383,0.9986154186725616,1.002178373634815,0.9994845807552337,0.009767848508426352,0.9938803255558014,1.0052552646398545,19.143259048461914,1.2134771791352605,18.468204331398013,19.88282130241394,0.5982268452644348,0.03792116184797689,0.5771313853561879,0.6213381657004357
scaling-tuned-adamw-10seeds-v1,cell-010-e2d6e09349f6,C128-d32-L2-H1-m4-ffnnone,10,128,32,32,4,1,False,,0.003,400,10,0;1;2;3;4;5;6;7;8;9,0.0013364731596084312,0.0013017674725587284,0.0006801257884217194,0.002191405411576852,0.0006682365798042156,0.0006508837362793642,0.0003400628942108597,0.001095702705788426,0.999755859375,0.0003547281041292866,0.99952392578125,0.99993896484375,0.9984529256820679,0.00185530582000357,0.9973499915003776,0.9995117054879665,0.9987748324871063,0.009970905447414724,0.9933001624047757,1.004890628606081,18.9625581741333,1.2344174660958318,18.275564875602722,19.714989957809447,0.5925799429416656,0.038575545815494744,0.5711114023625851,0.6160934361815452
scaling-tuned-adamw-10seeds-v1,cell-010-e2d6e09349f6,C128-d32-L2-H1-m4-ffnnone,10,128,32,32,4,1,False,,0.003,800,10,0;1;2;3;4;5;6;7;8;9,0.000649280129437102,0.0013039739527797912,0.00017157296686491465,0.001503889050745782,0.000324640064718551,0.0006519869763898956,8.578648343245732e-05,0.000751944525372891,0.999853515625,0.0003394637632586948,0.9996337890625,0.99998779296875,0.9988756656646729,0.002372732452488521,0.9972946383059025,0.9999734665453434,0.9989821135997772,0.010048706046877985,0.9934466663002969,1.0051476652920246,18.77883071899414,1.281546917413569,18.06573525905609,19.5564822435379,0.5868384599685669,0.04004834116917403,0.5645542268455028,0.6111400701105594
scaling-tuned-adamw-10seeds-v1,cell-011-23683cb9175a,C128-d32-L2-H4-m4-ffnnone,11,128,32,32,4,4,False,,0.003,0,10,0;1;2;3;4;5;6;7;8;9,1.6974089741706848,0.45416199656024253,1.4380610939860343,1.9639183354377743,0.8487044870853424,0.22708099828012127,0.7190305469930172,0.9819591677188871,0.490185546875,0.0511615953158492,0.4612295532226563,0.5204962158203124,-0.00625873701646924,0.14057949981964832,-0.08180169940693303,0.08225920792436224,-0.002404232881963253,0.11350173107010306,-0.0649627976026386,0.06792266482952977,25.303189277648926,0.37397308872812374,25.09077431201935,25.526066117286682,0.7907246649265289,0.011686659022753867,0.7840866972506046,0.7976895661652088
scaling-tuned-adamw-10seeds-v1,cell-011-23683cb9175a,C128-d32-L2-H4-m4-ffnnone,11,128,32,32,4,4,False,,0.003,25,10,0;1;2;3;4;5;6;7;8;9,0.7634066820144654,0.019323254431861253,0.7516562639176845,0.7744843181967735,0.3817033410072327,0.009661627215930627,0.37582813195884224,0.3872421590983868,0.70001220703125,0.01162388159956202,0.6931884765625,0.70694580078125,0.25182819068431855,0.017306683231750705,0.24186042457818985,0.2624433901906013,0.20761045813560486,0.027605403680639386,0.19106665562838315,0.22343823239207267,25.038618278503417,0.31677269080953696,24.86445560455322,25.23425504207611,0.7824568212032318,0.00989914658779803,0.7770142376422882,0.7885704700648785
scaling-tuned-adamw-10seeds-v1,cell-011-23683cb9175a,C128-d32-L2-H4-m4-ffnnone,11,128,32,32,4,4,False,,0.003,50,10,0;1;2;3;4;5;6;7;8;9,0.6504323184490204,0.05959709843323427,0.6129815942049027,0.682119927406311,0.3252161592245102,0.029798549216617135,0.30649079710245136,0.3410599637031555,0.75643310546875,0.03148247028623236,0.73896484375,0.7756591796875,0.34396398067474365,0.052156684427720326,0.3171740229427814,0.377597379758954,0.31853632926940917,0.06384597212670919,0.28630192384123804,0.3599077675491571,24.04777297973633,0.34303533375220335,23.885895900726318,24.27589949607849,0.7514929056167603,0.010719854179756355,0.7464342468976974,0.7586218592524528
scaling-tuned-adamw-10seeds-v1,cell-011-23683cb9175a,C128-d32-L2-H4-m4-ffnnone,11,128,32,32,4,4,False,,0.003,100,10,0;1;2;3;4;5;6;7;8;9,0.0986099410802126,0.0388240692989052,0.07513405419886113,0.12013310762122272,0.0493049705401063,0.0194120346494526,0.037567027099430564,0.06006655381061136,0.98494873046875,0.007435508386572279,0.98070068359375,0.9893313598632812,0.9146078824996948,0.04472651174796676,0.8891355031728745,0.9410062055289745,0.929598993062973,0.04340332363823345,0.9035870994627475,0.9534244714677335,18.941695594787596,0.8379564625047723,18.48236623287201,19.458484201431276,0.5919279873371124,0.026186139453274134,0.5775739447772503,0.6080776312947274
scaling-tuned-adamw-10seeds-v1,cell-011-23683cb9175a,C128-d32-L2-H4-m4-ffnnone,11,128,32,32,4,4,False,,0.003,200,10,0;1;2;3;4;5;6;7;8;9,0.009329161141067743,0.0027432492071554483,0.0077183857117779555,0.010936539296526462,0.004664580570533872,0.0013716246035777241,0.0038591928558889778,0.005468269648263231,0.99830322265625,0.0010444762169850292,0.9976806640625,0.99891357421875,0.9942337989807128,0.004243637040050302,0.991851544380188,0.9968689978122711,0.9901132225990296,0.013025222707177226,0.9837488706409931,0.9988088019192218,17.1383996963501,1.002087889502717,16.581312351226806,17.75072898864746,0.5355749905109406,0.031315246546959906,0.5181660109758377,0.5547102808952331
scaling-tuned-adamw-10seeds-v1,cell-011-23683cb9175a,C128-d32-L2-H4-m4-ffnnone,11,128,32,32,4,4,False,,0.003,400,10,0;1;2;3;4;5;6;7;8;9,0.0034542571404017506,0.0022504779700415756,0.0022132260026410224,0.004827418244676662,0.0017271285702008753,0.0011252389850207878,0.0011066130013205112,0.002413709122338331,0.9991943359375,0.0007440839486108373,0.99874267578125,0.99959716796875,0.9973450720310211,0.005907122932994529,0.9938421066105365,1.0006860601902008,0.9924601316452026,0.011805460036345113,0.9858612835407257,0.9994406606256963,16.42953004837036,1.0502365366796325,15.860273597240448,17.088415813446044,0.5134228140115737,0.032819891771238514,0.495633549913764,0.5340129941701889
scaling-tuned-adamw-10seeds-v1,cell-011-23683cb9175a,C128-d32-L2-H4-m4-ffnnone,11,128,32,32,4,4,False,,0.003,800,10,0;1;2;3;4;5;6;7;8;9,0.0022343003685818983,0.0030241327068639824,0.0006900864920316969,0.004161657709701102,0.0011171501842909492,0.0015120663534319912,0.00034504324601584844,0.002080828854850551,0.99942626953125,0.0009008057566611458,0.9988525390625,0.99989013671875,0.997905695438385,0.004138896942692321,0.9952975463867187,1.000048797875643,0.9941993594169617,0.015551949269637055,0.9852136828005313,1.0032088513672353,15.697974300384521,1.283772027933072,15.021971416473388,16.513573977947235,0.4905616968870163,0.0401178758729085,0.4694366067647934,0.5160491868108511
scaling-tuned-adamw-10seeds-v1,cell-012-5abf40069665,C32-d32-L2-H1-m4-ffn64,12,32,32,32,1,1,True,64,0.003,0,10,0;1;2;3;4;5;6;7;8;9,2.17833251953125,1.185802132545737,1.5845790386199952,2.9530985832214354,1.089166259765625,0.5929010662728685,0.7922895193099976,1.4765492916107177,0.526708984375,0.051467812420555266,0.49763153076171873,0.5575936889648437,0.0628587999381125,0.11989403357305381,-0.009650297411717473,0.129976201863028,0.05088581088930368,0.11267946483432013,-0.017630773782730102,0.11430795273743556,16.022598361968996,0.6254040080308332,15.685366532802583,16.424999704360964,0.5007061988115311,0.019543875250963537,0.4901677041500807,0.5132812407612801
scaling-tuned-adamw-10seeds-v1,cell-012-5abf40069665,C32-d32-L2-H1-m4-ffn64,12,32,32,32,1,1,True,64,0.003,25,10,0;1;2;3;4;5;6;7;8;9,0.7199324846267701,0.09174472315197026,0.6632234942913056,0.7700429739058018,0.35996624231338503,0.04587236157598513,0.3316117471456528,0.3850214869529009,0.72232666015625,0.043454289915413793,0.69884033203125,0.7494384765625,0.28983430862426757,0.09235386708162896,0.24116969749331474,0.3477357474714517,0.2558802619576454,0.09508377497343841,0.20646933931857347,0.3160754141211509,15.741156005859375,0.6522717593210235,15.386836533546449,16.156669235229494,0.4919111251831055,0.020383492478781986,0.4808386416733265,0.5048959136009217
scaling-tuned-adamw-10seeds-v1,cell-012-5abf40069665,C32-d32-L2-H1-m4-ffn64,12,32,32,32,1,1,True,64,0.003,50,10,0;1;2;3;4;5;6;7;8;9,0.26666456572711467,0.18866872916107305,0.16095908752642574,0.3820894703269005,0.13333228286355733,0.09433436458053653,0.08047954376321287,0.19104473516345025,0.91380615234375,0.07492005029639034,0.8672604370117188,0.9545046997070312,0.7400631487369538,0.19239942336943863,0.6215494391322136,0.8475194062292575,0.7297700226306916,0.19911934350686994,0.6078130142390729,0.8417750287055968,14.32389783859253,0.9482822012133588,13.81927930355072,14.934026343822477,0.44762180745601654,0.029633818787917463,0.43185247823596,0.4666883232444524
scaling-tuned-adamw-10seeds-v1,cell-012-5abf40069665,C32-d32-L2-H1-m4-ffn64,12,32,32,32,1,1,True,64,0.003,100,10,0;1;2;3;4;5;6;7;8;9,0.004682649055030197,0.003037793428998088,0.002997115791076794,0.006529974567529279,0.0023413245275150985,0.001518896714499044,0.001498557895538397,0.0032649872837646394,0.99970703125,0.00042753663856001623,0.9994384765625,0.9999267578125,0.9984987199306488,0.004131596285424225,0.9961523175239564,1.0009957686066626,0.9952272474765778,0.012617314767272493,0.9875281661748886,1.0023354828357696,12.950862312316895,0.5348109647046324,12.621344349384309,13.253385899066924,0.40471444725990297,0.016712842647019763,0.39441701091825965,0.41416830934584137
scaling-tuned-adamw-10seeds-v1,cell-012-5abf40069665,C32-d32-L2-H1-m4-ffn64,12,32,32,32,1,1,True,64,0.003,200,10,0;1;2;3;4;5;6;7;8;9,0.0007855219097109512,0.00025851517408466385,0.0006430959581484785,0.000947602273809025,0.0003927609548554756,0.00012925758704233193,0.00032154797907423926,0.0004738011369045125,0.9999755859375,5.1469362958469715e-05,0.99993896484375,1.0,0.9995364904403686,0.0016221642795901097,0.9985443112254143,1.0004390358924866,0.996952360868454,0.014126491766949061,0.988386258482933,1.0050173954665662,12.880342960357666,0.5164172017042465,12.559796276092529,13.166454558372498,0.40251071751117706,0.016138037553257704,0.3924936336278915,0.4114517049491406
scaling-tuned-adamw-10seeds-v1,cell-012-5abf40069665,C32-d32-L2-H1-m4-ffn64,12,32,32,32,1,1,True,64,0.003,400,10,0;1;2;3;4;5;6;7;8;9,0.00023891844612080603,7.655285132798121e-05,0.00019737847764190517,0.0002871357927506324,0.00011945922306040302,3.8276425663990605e-05,9.868923882095259e-05,0.0001435678963753162,1.0,0.0,1.0,1.0,0.9996134579181671,0.0016612659993259582,0.9985204067826271,1.0004439261555673,0.9968196332454682,0.014951623644192709,0.9879828989505768,1.005447347611189,12.850122165679931,0.5084228543409992,12.534052555561065,13.13194670200348,0.40156631767749784,0.015888214198156225,0.39168914236128327,0.41037333443760876
scaling-tuned-adamw-10seeds-v1,cell-012-5abf40069665,C32-d32-L2-H1-m4-ffn64,12,32,32,32,1,1,True,64,0.003,800,10,0;1;2;3;4;5;6;7;8;9,7.484446905436926e-05,2.1792077459951685e-05,6.202417158419848e-05,8.753654580686997e-05,3.742223452718463e-05,1.0896038729975843e-05,3.101208579209924e-05,4.376827290343498e-05,1.0,0.0,1.0,1.0,0.9996528446674346,0.0012077281094197464,0.9990205959975719,1.0004236233234405,0.9979657053947448,0.014539252231088635,0.9892757977545261,1.00624479919672,12.807063674926757,0.4969947302567229,12.495375044345856,13.078615682125092,0.40022073984146117,0.015531085320522591,0.390480470135808,0.4087067400664091
scaling-tuned-adamw-10seeds-v1,cell-013-496408283b62,C32-d32-L2-H4-m4-ffn64,13,32,32,32,1,4,True,64,0.003,0,10,0;1;2;3;4;5;6;7;8;9,2.2016420483589174,1.2289483140763295,1.5568946927785874,2.995638851821421,1.1008210241794587,0.6144741570381648,0.7784473463892937,1.4978194259107105,0.52578125,0.05314824836016069,0.4954583740234375,0.5571658325195312,0.06476827124133706,0.12262136346845405,-0.00897336414316668,0.13332633906975389,0.057634090259671214,0.11128066110905167,-0.009881762582808672,0.12048516273498536,16.022598361968996,0.6254040080308332,15.685366532802583,16.424999704360964,0.5007061988115311,0.019543875250963537,0.4901677041500807,0.5132812407612801
scaling-tuned-adamw-10seeds-v1,cell-013-496408283b62,C32-d32-L2-H4-m4-ffn64,13,32,32,32,1,4,True,64,0.003,25,10,0;1;2;3;4;5;6;7;8;9,0.741581130027771,0.0458785845042583,0.7160762180387974,0.7694937570393084,0.3707905650138855,0.02293929225212915,0.3580381090193987,0.3847468785196542,0.7114990234375,0.01989002882084059,0.6999996948242188,0.72320556640625,0.2680935367941856,0.03932744481843366,0.24669170320034026,0.2922439621388912,0.23271360248327255,0.0414078429198017,0.21056703999638557,0.2583591836690902,15.796711444854736,0.6613559901262284,15.434908530712127,16.213745248317714,0.4936472326517105,0.020667374691444636,0.48234089158475396,0.5066795390099286
scaling-tuned-adamw-10seeds-v1,cell-013-496408283b62,C32-d32-L2-H4-m4-ffn64,13,32,32,32,1,4,True,64,0.003,50,10,0;1;2;3;4;5;6;7;8;9,0.4924982190132141,0.16453397687822593,0.39159807585179807,0.5837206575274467,0.24624910950660706,0.08226698843911297,0.19579903792589903,0.29186032876372336,0.8269775390625,0.07351888200997618,0.7859124755859375,0.8719860839843749,0.5093685537576675,0.1825412204331232,0.41049907691776755,0.6229717463254929,0.5043148458003998,0.20570157577735068,0.3950094436109066,0.6337246567755936,14.71516456604004,0.8528413819511449,14.238192286491394,15.240355813503264,0.45984889268875123,0.026651293185973278,0.44494350895285606,0.476261119171977
scaling-tuned-adamw-10seeds-v1,cell-013-496408283b62,C32-d32-L2-H4-m4-ffn64,13,32,32,32,1,4,True,64,0.003,100,10,0;1;2;3;4;5;6;7;8;9,0.023366806004196404,0.025332036697277058,0.010847808518446982,0.0397897187527269,0.011683403002098202,0.012666018348638529,0.005423904259223491,0.01989485937636345,0.99697265625,0.004038705507919717,0.99429931640625,0.99893798828125,0.9881618976593017,0.02819337197392771,0.969092869758606,1.0011256498098373,0.9985238075256347,0.02358500190691725,0.9836609916388989,1.0109714925289153,12.446965312957763,0.6046003349194303,12.115832226276398,12.815744001865387,0.3889676660299301,0.018893760466232198,0.37861975707113743,0.40049200005829333
scaling-tuned-adamw-10seeds-v1,cell-013-496408283b62,C32-d32-L2-H4-m4-ffn64,13,32,32,32,1,4,True,64,0.003,200,10,0;1;2;3;4;5;6;7;8;9,0.001578653557226062,0.0006501465741482638,0.0012138942818273792,0.0019682737175025964,0.000789326778613031,0.0003250732870741319,0.0006069471409136896,0.0009841368587512982,0.99993896484375,0.00011863101999603882,0.99986572265625,1.0,0.9989788591861725,0.0020557578755754135,0.9976843106746673,1.0000771230459213,1.0049260258674622,0.011631589155427722,0.997920992076397,1.0114225275814532,12.153289222717286,0.5858208106145817,11.83489015340805,12.51264977455139,0.37979028820991517,0.018306900331705678,0.3698403172940016,0.39102030545473093
scaling-tuned-adamw-10seeds-v1,cell-013-496408283b62,C32-d32-L2-H4-m4-ffn64,13,32,32,32,1,4,True,64,0.003,400,10,0;1;2;3;4;5;6;7;8;9,0.0010868416735320351,0.0012507856486554778,0.0005220793477201369,0.0019193422812895727,0.0005434208367660176,0.0006253928243277389,0.00026103967386006846,0.0009596711406447863,0.9998046875,0.00035097426192786177,0.99957275390625,0.99996337890625,1.0003507137298584,0.0021511310252908746,0.9989452072978019,1.001477940827608,1.003150177001953,0.012640849791944384,0.9956546878814697,1.0104462108016015,11.989436054229737,0.6041570753038557,11.663383066654205,12.358940050601959,0.37466987669467927,0.01887990860324549,0.3644807208329439,0.3862168765813112
scaling-tuned-adamw-10seeds-v1,cell-013-496408283b62,C32-d32-L2-H4-m4-ffn64,13,32,32,32,1,4,True,64,0.003,800,10,0;1;2;3;4;5;6;7;8;9,0.0002481347975844983,0.00016951210667256623,0.00015967678113156582,0.0003548766601488751,0.00012406739879224915,8.475605333628312e-05,7.983839056578291e-05,0.00017743833007443754,0.99996337890625,5.896556293208593e-05,0.9999267578125,1.0,0.9996966004371644,0.0020626290249524475,0.9985114173591136,1.0009154185652733,1.0053658783435822,0.011039269449818277,0.9985458782315254,1.0113447946310044,11.745910930633546,0.563383840234969,11.441918468475341,12.093115425109863,0.3670597165822983,0.01760574500734278,0.3575599521398544,0.3779098570346832
scaling-tuned-adamw-10seeds-v1,cell-014-878540454dfb,C128-d32-L2-H1-m4-ffn64,14,128,32,32,4,1,True,64,0.003,0,10,0;1;2;3;4;5;6;7;8;9,1.5847063302993774,0.4031103911110919,1.3634014770388603,1.8331754487752914,0.7923531651496887,0.20155519555554596,0.6817007385194301,0.9165877243876457,0.51405029296875,0.05082382797265461,0.48417938232421875,0.5437136840820312,0.014596454985439777,0.10083720476318883,-0.04697773547843098,0.07132491264492273,0.013015729654580355,0.0883868495842959,-0.041273217918351285,0.062248385595157725,25.42000560760498,0.35161106171089185,25.22067162513733,25.632409529685972,0.7943751752376557,0.01098784567846537,0.7881459882855416,0.8010127978026866
scaling-tuned-adamw-10seeds-v1,cell-014-878540454dfb,C128-d32-L2-H1-m4-ffn64,14,128,32,32,4,1,True,64,0.003,25,10,0;1;2;3;4;5;6;7;8;9,0.7566487193107605,0.07491856794784583,0.709860510379076,0.7971665047109127,0.37832435965538025,0.03745928397392292,0.354930255189538,0.39858325235545633,0.703466796875,0.038269245228967214,0.6828363037109375,0.72745361328125,0.25496664047241213,0.07016029537494563,0.21628841269761326,0.2987781579047441,0.22183100134134293,0.07589599053678556,0.18131544079631567,0.2699779920279978,25.121068954467773,0.4893851247313561,24.83689594268799,25.411915407180786,0.7850334048271179,0.015293285147854878,0.7761529982089996,0.7941223564743995
scaling-tuned-adamw-10seeds-v1,cell-014-878540454dfb,C128-d32-L2-H1-m4-ffn64,14,128,32,32,4,1,True,64,0.003,50,10,0;1;2;3;4;5;6;7;8;9,0.43371597230434417,0.21785240517552892,0.3019083607941866,0.5586153825744986,0.21685798615217208,0.10892620258776446,0.1509541803970933,0.2793076912872493,0.8487060546875,0.08833856663106524,0.7973870849609375,0.9016244506835938,0.5741685837507248,0.22009499739566374,0.44944769322872163,0.7065716229379175,0.5612643927335739,0.23909580105233927,0.4257350633293391,0.7051812361180781,23.4049129486084,1.3581373743395402,22.58464412689209,24.17884063720703,0.7314035296440125,0.04244179294811063,0.7057701289653778,0.7555887699127197
scaling-tuned-adamw-10seeds-v1,cell-014-878540454dfb,C128-d32-L2-H1-m4-ffn64,14,128,32,32,4,1,True,64,0.003,100,10,0;1;2;3;4;5;6;7;8;9,0.014056409546174108,0.011679414964869536,0.007914636982604861,0.02163157423492521,0.007028204773087054,0.005839707482434768,0.003957318491302431,0.010815787117462604,0.99801025390625,0.001950622651006633,0.99676513671875,0.9990478515625,0.9882446467876435,0.016460830182914967,0.9778458359837532,0.9972777877748012,0.990137380361557,0.022417142458696523,0.9757588736712933,1.0021444594860078,19.903044509887696,0.6664042543473772,19.529795589447023,20.311830272674563,0.6219701409339905,0.020825132948355536,0.6103061121702195,0.6347446960210801
scaling-tuned-adamw-10seeds-v1,cell-014-878540454dfb,C128-d32-L2-H1-m4-ffn64,14,128,32,32,4,1,True,64,0.003,200,10,0;1;2;3;4;5;6;7;8;9,0.0026800447551067917,0.0012674900857519954,0.0019530664954800158,0.0034350209361582507,0.0013400223775533958,0.0006337450428759977,0.0009765332477400079,0.0017175104680791254,0.999560546875,0.00034140913026372123,0.99935302734375,0.999755859375,0.9982403755187989,0.0045834508375108335,0.9954420804977417,1.0008317856490612,0.9990645229816437,0.00748324494969518,0.99445680975914,1.0033843037486077,19.56046772003174,0.5531691161524054,19.243836822509767,19.896404824256898,0.6112646162509918,0.017286534879762668,0.6013699007034302,0.6217626507580281
scaling-tuned-adamw-10seeds-v1,cell-014-878540454dfb,C128-d32-L2-H1-m4-ffn64,14,128,32,32,4,1,True,64,0.003,400,10,0;1;2;3;4;5;6;7;8;9,0.0009333208668977022,0.0005999541730789955,0.0005997290357481689,0.001289682598726358,0.0004666604334488511,0.0002999770865394977,0.00029986451787408444,0.000644841299363179,0.99981689453125,0.00018423228227004834,0.99970703125,0.9999267578125,0.9992771089076996,0.0014354909404764706,0.9984296111762524,1.0001058161258698,1.001309758424759,0.005317113417800501,0.998304546624422,1.0045485492050648,19.368597793579102,0.552267397522365,19.055488204956056,19.707269411087037,0.605268681049347,0.017258356172573906,0.5954840064048768,0.6158521690964699
scaling-tuned-adamw-10seeds-v1,cell-014-878540454dfb,C128-d32-L2-H1-m4-ffn64,14,128,32,32,4,1,True,64,0.003,800,10,0;1;2;3;4;5;6;7;8;9,0.0005467975257488433,0.0009640210486399759,0.00013570561182859827,0.0011850649189182145,0.0002733987628744217,0.00048201052431998793,6.785280591429914e-05,0.0005925324594591073,0.99986572265625,0.0002786603787152333,0.9996826171875,1.0,1.0007752180099487,0.0018577013830265452,0.9997478803992271,1.0019178754091262,1.003145122528076,0.006235637876498719,0.9999283015727997,1.007134995162487,19.129536628723145,0.5953087648684229,18.79831286907196,19.500692801475523,0.5977980196475983,0.018603398902138215,0.5874472771584988,0.6093966500461101
scaling-tuned-adamw-10seeds-v1,cell-015-fb46780dc3d7,C128-d32-L2-H4-m4-ffn64,15,128,32,32,4,4,True,64,0.003,0,10,0;1;2;3;4;5;6;7;8;9,1.565466821193695,0.4184495451227664,1.3340632438659668,1.824765776395797,0.7827334105968475,0.2092247725613832,0.6670316219329834,0.9123828881978985,0.51824951171875,0.058496330655594196,0.48382568359375,0.55223388671875,0.019594579376280306,0.1121743886880163,-0.0478213120251894,0.08354575871955586,0.02092630434781313,0.09806814460190098,-0.037670438205823296,0.0767226854339242,25.42000560760498,0.35161106171089185,25.22067162513733,25.632409529685972,0.7943751752376557,0.01098784567846537,0.7881459882855416,0.8010127978026866
scaling-tuned-adamw-10seeds-v1,cell-015-fb46780dc3d7,C128-d32-L2-H4-m4-ffn64,15,128,32,32,4,4,True,64,0.003,25,10,0;1;2;3;4;5;6;7;8;9,0.7685506641864777,0.02900182775584471,0.7518093997240066,0.786105296164751,0.38427533209323883,0.014500913877922355,0.3759046998620033,0.3930526480823755,0.69547119140625,0.012942658033471513,0.68787841796875,0.7031494140625,0.24498892724514007,0.030569121975363326,0.22623103246092796,0.2622075741738081,0.2103262200951576,0.02687531473924897,0.19420548457652329,0.2255005076155066,25.195610809326173,0.413137608782055,24.956680865287783,25.440936594009397,0.7873628377914429,0.01291055027443922,0.7798962770402432,0.7950292685627937
scaling-tuned-adamw-10seeds-v1,cell-015-fb46780dc3d7,C128-d32-L2-H4-m4-ffn64,15,128,32,32,4,4,True,64,0.003,50,10,0;1;2;3;4;5;6;7;8;9,0.6180699944496155,0.06924723225542362,0.5762676243484021,0.6577040292322636,0.30903499722480776,0.03462361612771181,0.28813381217420103,0.3288520146161318,0.77279052734375,0.0336835449679265,0.75316162109375,0.792724609375,0.37973509132862093,0.07046002329111298,0.3392364015430212,0.42178604476153836,0.36417408287525177,0.08051024779810056,0.3180274927616119,0.4122320187836885,24.102464866638183,0.7867394876066661,23.635365147590637,24.554333667755127,0.7532020270824432,0.024585608987708316,0.7386051608622074,0.7673229271173477
scaling-tuned-adamw-10seeds-v1,cell-015-fb46780dc3d7,C128-d32-L2-H4-m4-ffn64,15,128,32,32,4,4,True,64,0.003,100,10,0;1;2;3;4;5;6;7;8;9,0.06920848730951548,0.04703806800172049,0.043333567678928375,0.09874158314894883,0.03460424365475774,0.023519034000860244,0.021666783839464188,0.04937079157447442,0.9857666015625,0.012065037874901069,0.9780026245117188,0.9920654296875,0.9489835321903228,0.05197778521375302,0.918686644732952,0.979545533657074,0.9668452858924865,0.05113562145815047,0.9366353809833526,0.9968282900750637,19.093864822387694,0.8099597990660954,18.64594501018524,19.59970209598541,0.5966832756996154,0.02531124372081548,0.5826857815682888,0.6124906904995441
scaling-tuned-adamw-10seeds-v1,cell-015-fb46780dc3d7,C128-d32-L2-H4-m4-ffn64,15,128,32,32,4,4,True,64,0.003,200,10,0;1;2;3;4;5;6;7;8;9,0.0058866719715297226,0.0019626078336783385,0.0047287803119979805,0.007024265313521026,0.0029433359857648613,0.0009813039168391692,0.0023643901559989903,0.003512132656760513,0.99873046875,0.00047522139715678495,0.9984619140625,0.9990234375,0.9954303741455078,0.004101160754871075,0.9927784757316113,0.9975624679028988,0.9988855481147766,0.007197622723451991,0.9943745633959771,1.0027982565760614,17.745674896240235,0.5365352286879145,17.439384269714356,18.06175305843353,0.5545523405075073,0.016766725896497327,0.5449807584285736,0.5644297830760479
scaling-tuned-adamw-10seeds-v1,cell-015-fb46780dc3d7,C128-d32-L2-H4-m4-ffn64,15,128,32,32,4,4,True,64,0.003,400,10,0;1;2;3;4;5;6;7;8;9,0.0021028300980105996,0.0009515075553458808,0.0015732562250923366,0.0026955862349132076,0.0010514150490052998,0.0004757537776729404,0.0007866281125461683,0.0013477931174566038,0.99952392578125,0.00026651241689148466,0.99935302734375,0.999658203125,0.9981891334056854,0.0046676167457994945,0.9956499956548215,1.0010774339735509,1.0025696337223053,0.007644713621613215,0.9979912397265435,1.006883925050497,17.169090270996094,0.548127073692424,16.847290635108948,17.482471780776976,0.5365340709686279,0.01712897105288825,0.5264778323471546,0.5463272431492805
scaling-tuned-adamw-10seeds-v1,cell-015-fb46780dc3d7,C128-d32-L2-H4-m4-ffn64,15,128,32,32,4,4,True,64,0.003,800,10,0;1;2;3;4;5;6;7;8;9,0.0006290865669143387,0.0005173524905803083,0.00035503553808666764,0.0009541726694442328,0.00031454328345716933,0.00025867624529015413,0.00017751776904333382,0.0004770863347221164,0.99986572265625,0.00019471819847013996,0.99974365234375,0.99996337890625,0.9994088470935821,0.002211923073067318,0.9981266966462135,1.0006727081537246,1.0017624199390411,0.010047881050940259,0.9955180503427982,1.0072477294504643,16.57878704071045,0.5772665361224021,16.235783925056456,16.910000462532043,0.5180870950222015,0.018039579253825065,0.5073682476580142,0.5284375144541263
