seed,cell_key,transition,stress_gate_pass,tuned_gate_pass,stress_risk,tuned_risk,delta_risk,stress_accuracy,tuned_accuracy,delta_accuracy,stress_value_flip_effect,tuned_value_flip_effect,delta_value_flip_effect,stress_normalized_rank,tuned_normalized_rank,delta_normalized_rank
0,C128-d32-L2-H1-m4-ffn64,pass_to_pass,True,True,8.892720506992191e-05,8.143037848640233e-05,-7.496826583519578e-06,1.0,1.0,0.0,1.0006999969482422,0.9996304512023926,-0.0010695457458496094,0.4742048978805542,0.5785991549491882,0.10439425706863403
0,C128-d32-L2-H1-m4-ffnnone,fail_to_pass,False,True,0.504170298576355,6.037772982381284e-05,-0.5041099208465312,0.4981689453125,1.0,0.5018310546875,-1.2254677130840719e-06,1.000220775604248,1.0002220010719611,0.7655636072158813,0.6484652757644653,-0.11709833145141602
0,C128-d32-L2-H4-m4-ffn64,pass_to_pass,True,True,9.245271212421358e-05,0.00021591995027847588,0.0001234672381542623,1.0,0.9998779296875,-0.0001220703125,0.9996167421340942,1.0018036365509033,0.002186894416809082,0.38390278816223145,0.5020450949668884,0.11814230680465698
0,C128-d32-L2-H4-m4-ffnnone,pass_to_pass,True,True,0.0010417852317914367,0.004617390222847462,0.003575604991056025,0.9996337890625,0.9974365234375,-0.002197265625,0.999738335609436,0.9880272150039673,-0.01171112060546875,0.38030537962913513,0.47445008158683777,0.09414470195770264
0,C32-d32-L2-H1-m4-ffn64,pass_to_pass,True,True,2.9825157980667427e-05,2.5825424017966725e-05,-3.999733962700702e-06,1.0,1.0,0.0,0.9995083212852478,0.9999857544898987,0.0004774332046508789,0.3570939004421234,0.4035652279853821,0.04647132754325867
0,C32-d32-L2-H1-m4-ffnnone,pass_to_pass,True,True,8.894241909729317e-05,2.0950919861206785e-05,-6.799149923608638e-05,1.0,1.0,0.0,0.999957799911499,0.999531626701355,-0.00042617321014404297,0.3190831243991852,0.3833097219467163,0.06422659754753113
0,C32-d32-L2-H4-m4-ffn64,pass_to_pass,True,True,5.613119719782844e-05,4.9310379836242646e-05,-6.820817361585796e-06,1.0,1.0,0.0,0.9995317459106445,0.9988376498222351,-0.0006940960884094238,0.3212243318557739,0.36123624444007874,0.04001191258430481
0,C32-d32-L2-H4-m4-ffnnone,pass_to_pass,True,True,6.81215533404611e-05,6.0233272961340845e-05,-7.88828037912026e-06,1.0,1.0,0.0,0.9997562170028687,0.9986327886581421,-0.0011234283447265625,0.3340320587158203,0.36407148838043213,0.030039429664611816
0,C32-d8-L2-H1-m4-ffn16,pass_to_pass,True,True,8.016251376830041e-05,0.00042949040653184056,0.00034932789276354015,1.0,0.9998779296875,-0.0001220703125,0.9994926452636719,0.9998214244842529,0.0003287792205810547,0.5893607139587402,0.6090466380119324,0.01968592405319214
0,C32-d8-L2-H1-m4-ffnnone,pass_to_pass,True,True,0.04644370451569557,0.00018041199655272067,-0.04626329251914285,0.973388671875,1.0,0.026611328125,0.9010993242263794,0.999498724937439,0.09839940071105957,0.5777451992034912,0.6486161947250366,0.07087099552154541
0,C32-d8-L2-H4-m4-ffn16,pass_to_pass,True,True,0.002603476168587804,0.004716132767498493,0.0021126565989106894,0.9986572265625,0.9970703125,-0.0015869140625,0.9858026504516602,0.9919058680534363,0.006103217601776123,0.4069501459598541,0.47645899653434753,0.06950885057449341
0,C32-d8-L2-H4-m4-ffnnone,pass_to_pass,True,True,0.005541842430830002,0.006301217246800661,0.0007593748159706593,0.9969482421875,0.9971923828125,0.000244140625,0.9976836442947388,0.9838120937347412,-0.013871550559997559,0.42374563217163086,0.47365087270736694,0.049905240535736084
0,C8-d8-L2-H1-m4-ffn16,pass_to_pass,True,True,9.004019375424832e-05,0.00021034028031863272,0.0001203000865643844,1.0,1.0,0.0,0.9993036389350891,1.0006632804870605,0.0013596415519714355,0.4740088880062103,0.43836769461631775,-0.03564119338989258
0,C8-d8-L2-H1-m4-ffnnone,pass_to_pass,True,True,0.00010520342766540125,0.0002750116400420666,0.00016980821237666532,1.0,1.0,0.0,0.9992197751998901,1.001523733139038,0.0023039579391479492,0.38764336705207825,0.3931116461753845,0.005468279123306274
0,C8-d8-L2-H4-m4-ffn16,pass_to_pass,True,True,0.00015805684961378574,0.0003191994037479162,0.00016114255413413048,1.0,1.0,0.0,0.998557448387146,0.9988524913787842,0.0002950429916381836,0.40050366520881653,0.49615681171417236,0.09565314650535583
0,C8-d8-L2-H4-m4-ffnnone,pass_to_pass,True,True,0.00028021688922308385,0.0007334143738262355,0.0004531974846031517,1.0,1.0,0.0,0.9988555908203125,0.9956342577934265,-0.0032213330268859863,0.3883035480976105,0.4525269865989685,0.06422343850135803
1,C128-d32-L2-H1-m4-ffn64,pass_to_pass,True,True,0.0009781873086467385,6.549208774231374e-05,-0.0009126952209044248,0.999755859375,1.0,0.000244140625,1.004382848739624,0.9980678558349609,-0.006314992904663086,0.27617883682250977,0.617535412311554,0.3413565754890442
1,C128-d32-L2-H1-m4-ffnnone,pass_to_pass,True,True,0.009242851287126541,0.0002389415167272091,-0.009003909770399332,0.99560546875,0.9998779296875,0.0042724609375,0.972028374671936,0.9993269443511963,0.027298569679260254,0.4944075345993042,0.5656049251556396,0.07119739055633545
1,C128-d32-L2-H4-m4-ffn64,pass_to_pass,True,True,0.0005992596852593124,0.00012349971802905202,-0.00047575996723026037,0.999755859375,1.0,0.000244140625,0.9989152550697327,0.9998735189437866,0.0009582638740539551,0.4321102201938629,0.5110840797424316,0.07897385954856873
1,C128-d32-L2-H4-m4-ffnnone,pass_to_pass,True,True,0.00040987489046528935,0.00019264771253801882,-0.00021722717792727053,1.0,1.0,0.0,1.000691294670105,1.002551555633545,0.0018602609634399414,0.4077741801738739,0.4834735095500946,0.0756993293762207
1,C32-d32-L2-H1-m4-ffn64,pass_to_pass,True,True,7.844406354706734e-05,5.0982136599486694e-05,-2.746192694758065e-05,1.0,1.0,0.0,1.0005700588226318,1.0023868083953857,0.0018167495727539062,0.366516649723053,0.4097868502140045,0.04327020049095154
1,C32-d32-L2-H1-m4-ffnnone,pass_to_pass,True,True,0.00016587052959948778,4.9951468099607155e-05,-0.00011591906149988063,1.0,1.0,0.0,0.998408317565918,1.001389741897583,0.002981424331665039,0.32882294058799744,0.37419772148132324,0.045374780893325806
1,C32-d32-L2-H4-m4-ffn64,pass_to_pass,True,True,0.00012141108163632452,9.500012674834579e-05,-2.6410954887978733e-05,1.0,1.0,0.0,1.0008528232574463,1.002826452255249,0.0019736289978027344,0.332703173160553,0.3931652009487152,0.06046202778816223
1,C32-d32-L2-H4-m4-ffnnone,pass_to_pass,True,True,0.00014729741087649018,0.0001134723934228532,-3.3825017453636974e-05,1.0,1.0,0.0,0.997572660446167,1.001678705215454,0.004106044769287109,0.31239259243011475,0.3443596363067627,0.03196704387664795
1,C32-d8-L2-H1-m4-ffn16,pass_to_pass,True,True,0.0003743954002857208,0.00023505455465056002,-0.0001393408456351608,1.0,1.0,0.0,0.9995355606079102,0.9995977878570557,6.222724914550781e-05,0.4871785342693329,0.6017205715179443,0.11454203724861145
1,C32-d8-L2-H1-m4-ffnnone,pass_to_pass,True,True,8.215001435019076e-05,0.000163217046065256,8.106703171506524e-05,1.0,1.0,0.0,0.9989749789237976,1.0000313520431519,0.001056373119354248,0.4690263569355011,0.4972170889377594,0.0281907320022583
1,C32-d8-L2-H4-m4-ffn16,pass_to_pass,True,True,0.0018622297793626785,0.003594202920794487,0.0017319731414318085,0.9991455078125,0.998046875,-0.0010986328125,0.9962449073791504,0.9931455850601196,-0.0030993223190307617,0.33546367287635803,0.41912204027175903,0.083658367395401
1,C32-d8-L2-H4-m4-ffnnone,pass_to_pass,True,True,0.006290729157626629,0.012504501268267632,0.006213772110641003,0.99658203125,0.992919921875,-0.003662109375,0.9919704794883728,0.9781562089920044,-0.013814270496368408,0.4573214650154114,0.45680591464042664,-0.0005155503749847412
1,C8-d8-L2-H1-m4-ffn16,pass_to_pass,True,True,4.479253402678296e-05,0.00010971271694870666,6.49201829219237e-05,1.0,1.0,0.0,1.000411868095398,1.0009407997131348,0.0005289316177368164,0.45192253589630127,0.4740089178085327,0.022086381912231445
1,C8-d8-L2-H1-m4-ffnnone,pass_to_pass,True,True,6.54659015708603e-05,0.00018881200230680406,0.00012334610073594376,1.0,1.0,0.0,1.0002784729003906,1.0007715225219727,0.0004930496215820312,0.44286707043647766,0.4792657196521759,0.03639864921569824
1,C8-d8-L2-H4-m4-ffn16,pass_to_pass,True,True,0.00011350216664141044,0.0002571213408373296,0.00014361917419591919,1.0,1.0,0.0,1.0001442432403564,0.9993878602981567,-0.000756382942199707,0.39167457818984985,0.47376006841659546,0.0820854902267456
1,C8-d8-L2-H4-m4-ffnnone,pass_to_pass,True,True,7.041885692160577e-05,0.00031412337557412684,0.00024370451865252107,1.0,1.0,0.0,1.0004551410675049,0.9997996687889099,-0.0006554722785949707,0.3871169090270996,0.4590761959552765,0.07195928692817688
2,C128-d32-L2-H1-m4-ffn64,pass_to_pass,True,True,6.535908323712647e-05,7.507742702728137e-05,9.718343790154904e-06,1.0,1.0,0.0,1.0005249977111816,1.0019252300262451,0.0014002323150634766,0.5227727293968201,0.605934202671051,0.08316147327423096
2,C128-d32-L2-H1-m4-ffnnone,fail_to_pass,False,True,0.5011969804763794,5.232110197539441e-05,-0.501144659374404,0.4918212890625,1.0,0.5081787109375,-8.773276931606233e-07,0.9999717473983765,0.9999726247260696,0.7404994368553162,0.6256471276283264,-0.11485230922698975
2,C128-d32-L2-H4-m4-ffn64,pass_to_pass,True,True,0.0010422979248687625,0.00015348929446190596,-0.0008888086304068565,0.9996337890625,1.0,0.0003662109375,1.0027365684509277,0.9999035596847534,-0.0028330087661743164,0.44468146562576294,0.5264849066734314,0.08180344104766846
2,C128-d32-L2-H4-m4-ffnnone,pass_to_pass,True,True,0.00124886364210397,0.0013864407083019614,0.00013757706619799137,0.9993896484375,0.999267578125,-0.0001220703125,0.9946097135543823,0.9949414134025574,0.00033169984817504883,0.3678866922855377,0.45850369334220886,0.09061700105667114
2,C32-d32-L2-H1-m4-ffn64,pass_to_pass,True,True,4.715434624813497e-05,3.527867011143826e-05,-1.1875676136696711e-05,1.0,1.0,0.0,0.998325765132904,0.9989564418792725,0.0006306767463684082,0.3387244939804077,0.3680897653102875,0.02936527132987976
2,C32-d32-L2-H1-m4-ffnnone,fail_to_pass,False,True,0.3869505524635315,4.157699004281312e-05,-0.3869089754734887,0.6866455078125,1.0,0.3133544921875,0.2549360394477844,1.0008940696716309,0.7459580302238464,0.44676679372787476,0.39730292558670044,-0.049463868141174316
2,C32-d32-L2-H4-m4-ffn64,pass_to_pass,True,True,4.878808977082372e-05,9.42270053201355e-05,4.543891554931179e-05,1.0,1.0,0.0,1.0002098083496094,1.001493215560913,0.001283407211303711,0.31079620122909546,0.3539612591266632,0.04316505789756775
2,C32-d32-L2-H4-m4-ffnnone,pass_to_pass,True,True,0.0003067097277380526,7.05169586581178e-05,-0.0002361927690799348,1.0,1.0,0.0,1.0008394718170166,0.9995046854019165,-0.0013347864151000977,0.30526405572891235,0.3752292990684509,0.06996524333953857
2,C32-d8-L2-H1-m4-ffn16,pass_to_pass,True,True,0.0023049458395689726,0.003568751737475395,0.0012638058979064226,0.99853515625,0.9984130859375,-0.0001220703125,0.9971449971199036,0.9893088936805725,-0.007836103439331055,0.5276424884796143,0.6601458787918091,0.13250339031219482
2,C32-d8-L2-H1-m4-ffnnone,pass_to_pass,True,True,0.00010864651267183945,0.00019250178593210876,8.385527326026931e-05,1.0,1.0,0.0,1.000024676322937,1.0001736879348755,0.00014901161193847656,0.4665435254573822,0.4981284439563751,0.03158491849899292
2,C32-d8-L2-H4-m4-ffn16,pass_to_pass,True,True,0.011386273428797722,0.029304027557373047,0.017917754128575325,0.9937744140625,0.9822998046875,-0.011474609375,0.9767158031463623,0.9500070810317993,-0.02670872211456299,0.5133599638938904,0.6170739531517029,0.1037139892578125
2,C32-d8-L2-H4-m4-ffnnone,pass_to_pass,True,True,0.011119306087493896,0.011321637779474258,0.00020233169198036194,0.9931640625,0.9945068359375,0.0013427734375,0.9796942472457886,0.9745805263519287,-0.005113720893859863,0.43211570382118225,0.5001204013824463,0.06800469756126404
2,C8-d8-L2-H1-m4-ffn16,pass_to_pass,True,True,0.00011619860015343875,0.00048765880637802184,0.0003714602062245831,1.0,1.0,0.0,0.9974037408828735,1.0019991397857666,0.004595398902893066,0.4855979382991791,0.5109519362449646,0.025353997945785522
2,C8-d8-L2-H1-m4-ffnnone,pass_to_pass,True,True,0.00013260838750284165,0.00022271447232924402,9.010608482640237e-05,1.0,1.0,0.0,1.0000863075256348,1.0011457204818726,0.001059412956237793,0.3556566834449768,0.4158423840999603,0.06018570065498352
2,C8-d8-L2-H4-m4-ffn16,pass_to_pass,True,True,0.0002872150216717273,0.000522434595040977,0.0002352195733692497,1.0,1.0,0.0,0.9992123246192932,1.002032995223999,0.0028206706047058105,0.4879285991191864,0.49624842405319214,0.008319824934005737
2,C8-d8-L2-H4-m4-ffnnone,pass_to_pass,True,True,0.0005034995847381651,0.0012950901873409748,0.0007915906026028097,1.0,1.0,0.0,0.9988288879394531,1.0016878843307495,0.0028589963912963867,0.3272698223590851,0.3900730013847351,0.06280317902565002
3,C128-d32-L2-H1-m4-ffn64,pass_to_pass,True,True,0.00010669667972251773,4.142550460528582e-05,-6.52711751172319e-05,1.0,1.0,0.0,1.0004618167877197,1.0007808208465576,0.0003190040588378906,0.39261549711227417,0.6335828304290771,0.24096733331680298
3,C128-d32-L2-H1-m4-ffnnone,pass_to_pass,True,True,0.0008629164658486843,7.471151184290648e-05,-0.0007882049540057778,0.9996337890625,1.0,0.0003662109375,0.9972079992294312,0.9985786080360413,0.0013706088066101074,0.4872298240661621,0.5451232194900513,0.05789339542388916
3,C128-d32-L2-H4-m4-ffn64,pass_to_pass,True,True,0.0006964112399145961,0.000568859395571053,-0.00012755184434354305,0.9996337890625,0.999755859375,0.0001220703125,1.0001938343048096,0.9998480081558228,-0.0003458261489868164,0.36996617913246155,0.4867360591888428,0.11676988005638123
3,C128-d32-L2-H4-m4-ffnnone,pass_to_pass,True,True,0.0005769847775809467,0.00018677116895560175,-0.00039021360862534493,0.9998779296875,1.0,0.0001220703125,1.0000677108764648,1.0017156600952148,0.00164794921875,0.3999179005622864,0.4615771174430847,0.06165921688079834
3,C32-d32-L2-H1-m4-ffn64,pass_to_pass,True,True,4.934741446049884e-05,4.2729065171442926e-05,-6.618349289055914e-06,1.0,1.0,0.0,1.000929832458496,0.9989723563194275,-0.0019574761390686035,0.3585021197795868,0.3816903829574585,0.023188263177871704
3,C32-d32-L2-H1-m4-ffnnone,pass_to_pass,True,True,9.790125477593392e-05,4.1311293898615986e-05,-5.6589960877317935e-05,1.0,1.0,0.0,0.9987287521362305,1.0019917488098145,0.0032629966735839844,0.33641281723976135,0.37700825929641724,0.040595442056655884
3,C32-d32-L2-H4-m4-ffn64,pass_to_pass,True,True,9.054565452970564e-05,0.0002220271126134321,0.00013148145808372647,1.0,0.9998779296875,-0.0001220703125,1.0002241134643555,0.9968757629394531,-0.0033483505249023438,0.32445141673088074,0.35507798194885254,0.030626565217971802
3,C32-d32-L2-H4-m4-ffnnone,pass_to_pass,True,True,0.0001773778349161148,5.555165625992231e-05,-0.0001218261786561925,1.0,1.0,0.0,1.0009124279022217,1.000626802444458,-0.0002856254577636719,0.3020358681678772,0.35376256704330444,0.051726698875427246
3,C32-d8-L2-H1-m4-ffn16,pass_to_pass,True,True,0.0016298431437462568,0.00022930806153453887,-0.001400535082211718,0.9990234375,0.9998779296875,0.0008544921875,1.0025355815887451,1.0012160539627075,-0.0013195276260375977,0.5067310333251953,0.5820344090461731,0.07530337572097778
3,C32-d8-L2-H1-m4-ffnnone,pass_to_pass,True,True,0.00011014033225364983,0.00030417321249842644,0.0001940328802447766,1.0,1.0,0.0,1.000306248664856,0.9978007078170776,-0.0025055408477783203,0.47346067428588867,0.5397116541862488,0.06625097990036011
3,C32-d8-L2-H4-m4-ffn16,pass_to_pass,True,True,0.005631502717733383,0.004930152557790279,-0.0007013501599431038,0.9970703125,0.997314453125,0.000244140625,0.983443021774292,0.9925273656845093,0.009084343910217285,0.489489883184433,0.47785910964012146,-0.011630773544311523
3,C32-d8-L2-H4-m4-ffnnone,pass_to_pass,True,True,0.011509865522384644,0.013980716466903687,0.002470850944519043,0.9932861328125,0.99365234375,0.0003662109375,0.9691863059997559,0.9732531309127808,0.004066824913024902,0.45862072706222534,0.5131912231445312,0.05457049608230591
3,C8-d8-L2-H1-m4-ffn16,pass_to_pass,True,True,9.882413723971695e-05,0.00017110188491642475,7.22777476767078e-05,1.0,1.0,0.0,1.0004342794418335,0.9991776943206787,-0.0012565851211547852,0.3981022536754608,0.4328404366970062,0.03473818302154541
3,C8-d8-L2-H1-m4-ffnnone,pass_to_pass,True,True,9.945203782990575e-05,0.00018583217752166092,8.638013969175518e-05,1.0,1.0,0.0,1.0008714199066162,0.9997775554656982,-0.0010938644409179688,0.44642704725265503,0.5037828683853149,0.05735582113265991
3,C8-d8-L2-H4-m4-ffn16,pass_to_pass,True,True,0.0001766655477695167,0.000503320072311908,0.0003266545245423913,1.0,1.0,0.0,1.0005353689193726,1.0004080533981323,-0.00012731552124023438,0.3582150340080261,0.41543716192245483,0.05722212791442871
3,C8-d8-L2-H4-m4-ffnnone,pass_to_pass,True,True,0.0001403706701239571,0.00039717298932373524,0.00025680231919977814,1.0,1.0,0.0,0.9980144500732422,0.9990361332893372,0.0010216832160949707,0.36448705196380615,0.3613857924938202,-0.003101259469985962
4,C128-d32-L2-H1-m4-ffn64,pass_to_pass,True,True,5.8892208471661434e-05,0.0004959491197951138,0.00043705691132345237,1.0,0.9996337890625,-0.0003662109375,0.9990296959877014,1.0010783672332764,0.002048671245574951,0.4873095452785492,0.5900471210479736,0.10273757576942444
4,C128-d32-L2-H1-m4-ffnnone,pass_to_pass,True,True,8.852184691932052e-05,0.00021125499915797263,0.0001227331522386521,1.0,0.9998779296875,-0.0001220703125,1.0031729936599731,0.9987965822219849,-0.004376411437988281,0.4761393964290619,0.5819832682609558,0.10584387183189392
4,C128-d32-L2-H4-m4-ffn64,pass_to_pass,True,True,0.00044411493581719697,0.00018126986105926335,-0.0002628450747579336,0.999755859375,0.9998779296875,0.0001220703125,1.0025885105133057,0.996172308921814,-0.006416201591491699,0.4159589111804962,0.5361559391021729,0.12019702792167664
4,C128-d32-L2-H4-m4-ffnnone,pass_to_pass,True,True,0.0013919702032580972,0.0005313488654792309,-0.0008606213377788663,0.9991455078125,0.999755859375,0.0006103515625,1.0027613639831543,0.9998375773429871,-0.0029237866401672363,0.3664109408855438,0.5100755095481873,0.14366456866264343
4,C32-d32-L2-H1-m4-ffn64,pass_to_pass,True,True,7.893455040175468e-05,4.098706995137036e-05,-3.794748045038432e-05,1.0,1.0,0.0,1.0006399154663086,0.9995083212852478,-0.001131594181060791,0.24191437661647797,0.4196828603744507,0.17776848375797272
4,C32-d32-L2-H1-m4-ffnnone,pass_to_pass,True,True,0.00013086257968097925,4.830712350667454e-05,-8.255545617430471e-05,1.0,1.0,0.0,0.9997032880783081,1.0003023147583008,0.0005990266799926758,0.34171250462532043,0.3810373544692993,0.03932484984397888
4,C32-d32-L2-H4-m4-ffn64,pass_to_pass,True,True,9.188186231767759e-05,0.00011226224160054699,2.03803792828694e-05,1.0,1.0,0.0,0.9997157454490662,0.9970197677612305,-0.0026959776878356934,0.3240114450454712,0.3564712107181549,0.032459765672683716
4,C32-d32-L2-H4-m4-ffnnone,pass_to_pass,True,True,8.76049161888659e-05,0.0020339880138635635,0.0019463830976746976,1.0,0.998779296875,-0.001220703125,0.9999256134033203,0.9875352382659912,-0.012390375137329102,0.3359657824039459,0.3480515778064728,0.012085795402526855
4,C32-d8-L2-H1-m4-ffn16,pass_to_pass,True,True,0.00010716209362726659,0.0008528531179763377,0.0007456910243490711,1.0,0.9996337890625,-0.0003662109375,1.0007855892181396,0.9995273947715759,-0.0012581944465637207,0.5218840837478638,0.6662063598632812,0.14432227611541748
4,C32-d8-L2-H1-m4-ffnnone,pass_to_pass,True,True,3.43342762789689e-05,0.00036947071203030646,0.00033513643575133756,1.0,0.9998779296875,-0.0001220703125,1.0004585981369019,1.0002381801605225,-0.00022041797637939453,0.5520917773246765,0.5650333762168884,0.012941598892211914
4,C32-d8-L2-H4-m4-ffn16,pass_to_pass,True,True,0.00812820065766573,0.008685939013957977,0.0005577383562922478,0.995361328125,0.99560546875,0.000244140625,0.9821856021881104,0.9805496335029602,-0.0016359686851501465,0.4950648844242096,0.5464646816253662,0.051399797201156616
4,C32-d8-L2-H4-m4-ffnnone,pass_to_pass,True,True,0.011322412639856339,0.005205111112445593,-0.006117301527410746,0.992431640625,0.996826171875,0.00439453125,0.9901720285415649,0.9939082860946655,0.003736257553100586,0.500807523727417,0.5322278738021851,0.031420350074768066
4,C8-d8-L2-H1-m4-ffn16,pass_to_pass,True,True,0.0001220780541189015,7.707650365773588e-05,-4.500155046116561e-05,1.0,1.0,0.0,1.006277322769165,0.9994293451309204,-0.006847977638244629,0.44901543855667114,0.38308343291282654,-0.0659320056438446
4,C8-d8-L2-H1-m4-ffnnone,pass_to_pass,True,True,9.62664489634335e-05,0.0002877964871004224,0.00019153003813698888,1.0,1.0,0.0,1.0005767345428467,0.9981364011764526,-0.002440333366394043,0.34722381830215454,0.35677850246429443,0.009554684162139893
4,C8-d8-L2-H4-m4-ffn16,pass_to_pass,True,True,5.2303897973615676e-05,0.0001028526748996228,5.054877692600712e-05,1.0,1.0,0.0,1.000306487083435,1.0003247261047363,1.823902130126953e-05,0.3695494830608368,0.385616660118103,0.016067177057266235
4,C8-d8-L2-H4-m4-ffnnone,pass_to_pass,True,True,0.00020588294137269258,0.0003704111441038549,0.0001645282027311623,1.0,1.0,0.0,1.003497838973999,1.0008721351623535,-0.002625703811645508,0.38717707991600037,0.367841511964798,-0.019335567951202393
5,C128-d32-L2-H1-m4-ffn64,pass_to_pass,True,True,9.784509893506765e-05,0.001585973659530282,0.0014881285605952144,1.0,0.9991455078125,-0.0008544921875,0.9983184337615967,0.9994432926177979,0.0011248588562011719,0.473094642162323,0.5787067413330078,0.10561209917068481
5,C128-d32-L2-H1-m4-ffnnone,pass_to_pass,True,True,0.00012204542144900188,0.00010774309339467436,-1.4302328054327518e-05,1.0,1.0,0.0,1.001304268836975,1.000809907913208,-0.0004943609237670898,0.4922043979167938,0.5617874264717102,0.06958302855491638
5,C128-d32-L2-H4-m4-ffn64,pass_to_pass,True,True,0.00024427787866443396,0.00022654529311694205,-1.7732585547491908e-05,1.0,1.0,0.0,1.0036683082580566,0.9984016418457031,-0.005266666412353516,0.43183860182762146,0.5133206248283386,0.08148202300071716
5,C128-d32-L2-H4-m4-ffnnone,pass_to_pass,True,True,0.00023821524519007653,0.0029582076240330935,0.002719992378843017,1.0,0.9981689453125,-0.0018310546875,0.9998958110809326,0.9972881078720093,-0.00260770320892334,0.39382869005203247,0.4665098786354065,0.07268118858337402
5,C32-d32-L2-H1-m4-ffn64,pass_to_pass,True,True,0.0001076739135896787,5.250098911346868e-05,-5.517292447621003e-05,1.0,1.0,0.0,1.0012691020965576,0.9985871315002441,-0.0026819705963134766,0.2304704338312149,0.40147098898887634,0.17100055515766144
5,C32-d32-L2-H1-m4-ffnnone,pass_to_pass,True,True,6.111556285759434e-05,7.935381290735677e-05,1.8238250049762428e-05,1.0,1.0,0.0,1.0016450881958008,1.0015966892242432,-4.839897155761719e-05,0.3017198443412781,0.3839121460914612,0.0821923017501831
5,C32-d32-L2-H4-m4-ffn64,pass_to_pass,True,True,5.1392082241363823e-05,0.00031065757502801716,0.00025926549278665334,1.0,0.9998779296875,-0.0001220703125,0.9995462894439697,0.9990646839141846,-0.00048160552978515625,0.3283238708972931,0.34912386536598206,0.020799994468688965
5,C32-d32-L2-H4-m4-ffnnone,pass_to_pass,True,True,0.0001256764226127416,0.00018444019951857626,5.8763776905834675e-05,1.0,1.0,0.0,1.0013421773910522,0.9998905658721924,-0.0014516115188598633,0.27832338213920593,0.30882346630096436,0.030500084161758423
5,C32-d8-L2-H1-m4-ffn16,pass_to_pass,True,True,7.651919440831989e-05,0.000599903694819659,0.0005233845004113391,1.0,0.9998779296875,-0.0001220703125,1.0006861686706543,0.9981081485748291,-0.0025780200958251953,0.5568393468856812,0.5412341952323914,-0.015605151653289795
5,C32-d8-L2-H1-m4-ffnnone,pass_to_pass,True,True,0.00011797889601439238,0.0002657334553077817,0.00014775455929338932,1.0,1.0,0.0,0.9962788820266724,0.9992454051971436,0.0029665231704711914,0.5379371643066406,0.5932192206382751,0.05528205633163452
5,C32-d8-L2-H4-m4-ffn16,pass_to_pass,True,True,0.012530768290162086,0.01779438927769661,0.005263620987534523,0.9930419921875,0.9896240234375,-0.00341796875,0.9738855957984924,0.9525158405303955,-0.021369755268096924,0.5109468102455139,0.542908787727356,0.03196197748184204
5,C32-d8-L2-H4-m4-ffnnone,pass_to_pass,True,True,0.012558288872241974,0.015872009098529816,0.003313720226287842,0.9927978515625,0.991943359375,-0.0008544921875,0.9738712310791016,0.9671410918235779,-0.006730139255523682,0.5155549645423889,0.5958175659179688,0.08026260137557983
5,C8-d8-L2-H1-m4-ffn16,pass_to_pass,True,True,8.000205707503483e-05,0.00010575397755019367,2.575192047515884e-05,1.0,1.0,0.0,0.9992156624794006,0.9993841648101807,0.0001685023307800293,0.4058053493499756,0.4337189495563507,0.027913600206375122
5,C8-d8-L2-H1-m4-ffnnone,pass_to_pass,True,True,7.85384327173233e-05,0.0001515601616119966,7.302172889467329e-05,1.0,1.0,0.0,0.9996837377548218,0.9996264576911926,-5.728006362915039e-05,0.40796613693237305,0.41901451349258423,0.011048376560211182
5,C8-d8-L2-H4-m4-ffn16,pass_to_pass,True,True,0.00011594298848649487,0.0021802696865051985,0.0020643266980187036,1.0,0.998779296875,-0.001220703125,0.9985724687576294,0.9877055287361145,-0.010866940021514893,0.3653642237186432,0.3945673108100891,0.029203087091445923
5,C8-d8-L2-H4-m4-ffnnone,pass_to_pass,True,True,0.00019703691941685975,0.00028864393243566155,9.160701301880181e-05,1.0,1.0,0.0,0.9998436570167542,0.9998740553855896,3.039836883544922e-05,0.3436851501464844,0.35245320200920105,0.008768051862716675
6,C128-d32-L2-H1-m4-ffn64,pass_to_pass,True,True,7.716382970102131e-05,8.236925350502133e-05,5.20542380400002e-06,1.0,1.0,0.0,0.9996981620788574,1.0046123266220093,0.0049141645431518555,0.4918643534183502,0.5964521169662476,0.10458776354789734
6,C128-d32-L2-H1-m4-ffnnone,pass_to_pass,True,True,0.00017233386461157352,0.00021928564819972962,4.6951783588156104e-05,1.0,0.9998779296875,-0.0001220703125,1.0015814304351807,0.9994000196456909,-0.002181410789489746,0.5084518790245056,0.5822134613990784,0.07376158237457275
6,C128-d32-L2-H4-m4-ffn64,pass_to_pass,True,True,0.00014108233153820038,0.0001242547295987606,-1.6827601939439774e-05,1.0,1.0,0.0,0.9992049932479858,0.9965768456459045,-0.002628147602081299,0.4085378348827362,0.5422396063804626,0.13370177149772644
6,C128-d32-L2-H4-m4-ffnnone,pass_to_pass,True,True,0.001126993098296225,0.00026176482788287103,-0.000865228270413354,0.99951171875,0.9998779296875,0.0003662109375,0.9986133575439453,0.999601423740387,0.0009880661964416504,0.4223422408103943,0.5491963028907776,0.1268540620803833
6,C32-d32-L2-H1-m4-ffn64,pass_to_pass,True,True,0.01684463396668434,4.6159111661836505e-05,-0.016798474855022505,0.992919921875,1.0,0.007080078125,0.9386332035064697,0.9989553689956665,0.06032216548919678,0.21496805548667908,0.4040159583091736,0.1890479028224945
6,C32-d32-L2-H1-m4-ffnnone,pass_to_pass,True,True,5.131096258992329e-05,2.0091960323043168e-05,-3.1219002266880125e-05,1.0,1.0,0.0,1.0010671615600586,1.0005019903182983,-0.0005651712417602539,0.33799275755882263,0.4014657437801361,0.06347298622131348
6,C32-d32-L2-H4-m4-ffn64,pass_to_pass,True,True,0.000126355211250484,8.760560012888163e-05,-3.8749611121602356e-05,1.0,1.0,0.0,1.0003302097320557,1.0025814771652222,0.002251267433166504,0.3216312825679779,0.3778512179851532,0.05621993541717529
6,C32-d32-L2-H4-m4-ffnnone,pass_to_pass,True,True,6.13798329140991e-05,4.986040585208684e-05,-1.1519427062012255e-05,1.0,1.0,0.0,1.0023385286331177,0.9999207258224487,-0.0024178028106689453,0.3221123218536377,0.38967832922935486,0.06756600737571716
6,C32-d8-L2-H1-m4-ffn16,pass_to_pass,True,True,0.00013266431051306427,7.487654511351138e-05,-5.778776539955288e-05,1.0,1.0,0.0,1.0007301568984985,0.9992632865905762,-0.0014668703079223633,0.5920417308807373,0.6950783729553223,0.10303664207458496
6,C32-d8-L2-H1-m4-ffnnone,pass_to_pass,True,True,0.0001269191416213289,0.00020353203581180423,7.661289419047534e-05,1.0,1.0,0.0,0.9997400045394897,0.9989566802978516,-0.0007833242416381836,0.46318578720092773,0.5162583589553833,0.053072571754455566
6,C32-d8-L2-H4-m4-ffn16,pass_to_pass,True,True,0.0062917801551520824,0.005690209101885557,-0.0006015710532665253,0.996337890625,0.996826171875,0.00048828125,0.9851820468902588,0.9898524284362793,0.004670381546020508,0.5250784158706665,0.5762046575546265,0.05112624168395996
6,C32-d8-L2-H4-m4-ffnnone,pass_to_pass,True,True,0.01874486729502678,0.008282089605927467,-0.010462777689099312,0.98876953125,0.9954833984375,0.0067138671875,0.9674026966094971,0.9787553548812866,0.01135265827178955,0.3416246175765991,0.4552289545536041,0.113604336977005
6,C8-d8-L2-H1-m4-ffn16,pass_to_pass,True,True,5.559417331824079e-05,7.333913526963443e-05,1.7744961951393634e-05,1.0,1.0,0.0,0.9995117783546448,0.9992292523384094,-0.00028252601623535156,0.47810348868370056,0.47628605365753174,-0.0018174350261688232
6,C8-d8-L2-H1-m4-ffnnone,pass_to_pass,True,True,0.0002437236107653007,0.00047831633128225803,0.00023459272051695734,1.0,1.0,0.0,0.9998228549957275,0.9996868371963501,-0.0001360177993774414,0.43150416016578674,0.489433228969574,0.05792906880378723
6,C8-d8-L2-H4-m4-ffn16,pass_to_pass,True,True,8.053734200075269e-05,0.00016308846534229815,8.255112334154546e-05,1.0,1.0,0.0,0.9982225298881531,0.9995990991592407,0.0013765692710876465,0.4028712511062622,0.4407718777656555,0.03790062665939331
6,C8-d8-L2-H4-m4-ffnnone,pass_to_pass,True,True,0.00043462985195219517,0.0013330276124179363,0.0008983977604657412,1.0,1.0,0.0,0.9982631802558899,0.9993286728858948,0.0010654926300048828,0.46322834491729736,0.47200915217399597,0.008780807256698608
7,C128-d32-L2-H1-m4-ffn64,pass_to_pass,True,True,3.9376987842842937e-05,3.353857027832419e-05,-5.83841756451875e-06,1.0,1.0,0.0,1.0007984638214111,1.0023959875106812,0.0015975236892700195,0.505867063999176,0.6105039715766907,0.10463690757751465
7,C128-d32-L2-H1-m4-ffnnone,pass_to_pass,True,True,0.00024936581030488014,0.002167885657399893,0.0019185198470950127,1.0,0.9989013671875,-0.0010986328125,0.9994684457778931,0.9925942420959473,-0.006874203681945801,0.42322874069213867,0.5501051545143127,0.12687641382217407
7,C128-d32-L2-H4-m4-ffn64,pass_to_pass,True,True,0.004141532815992832,0.0008351373835466802,-0.003306395432446152,0.99755859375,0.9993896484375,0.0018310546875,0.9870209693908691,0.9974113702774048,0.010390400886535645,0.4327220916748047,0.5344263315200806,0.10170423984527588
7,C128-d32-L2-H4-m4-ffnnone,pass_to_pass,True,True,0.00043906731298193336,0.00019140556105412543,-0.00024766175192780793,1.0,1.0,0.0,0.9969450831413269,0.9988263845443726,0.0018813014030456543,0.3923879563808441,0.4682804346084595,0.07589247822761536
7,C32-d32-L2-H1-m4-ffn64,pass_to_pass,True,True,4.4949039875064045e-05,3.0122810130706057e-05,-1.4826229744357988e-05,1.0,1.0,0.0,1.0012657642364502,1.0009994506835938,-0.0002663135528564453,0.35756251215934753,0.3988395035266876,0.04127699136734009
7,C32-d32-L2-H1-m4-ffnnone,pass_to_pass,True,True,0.00011643264588201419,3.9780479710316285e-05,-7.66521661716979e-05,1.0,1.0,0.0,0.998729944229126,1.0017813444137573,0.0030514001846313477,0.33280283212661743,0.38447925448417664,0.051676422357559204
7,C32-d32-L2-H4-m4-ffn64,pass_to_pass,True,True,8.472420449834317e-05,4.685725434683263e-05,-3.786695015151054e-05,1.0,1.0,0.0,1.000409722328186,0.999031662940979,-0.0013780593872070312,0.31177064776420593,0.3541580140590668,0.04238736629486084
7,C32-d32-L2-H4-m4-ffnnone,pass_to_pass,True,True,0.00018327237921766937,8.888935553841293e-05,-9.438302367925644e-05,1.0,1.0,0.0,1.002859115600586,1.0004562139511108,-0.0024029016494750977,0.31131839752197266,0.3549867570400238,0.04366835951805115
7,C32-d8-L2-H1-m4-ffn16,pass_to_pass,True,True,0.00012354363570921123,0.00016880291514098644,4.525927943177521e-05,1.0,1.0,0.0,1.0006077289581299,0.9993079900741577,-0.001299738883972168,0.5735146403312683,0.6473365426063538,0.07382190227508545
7,C32-d8-L2-H1-m4-ffnnone,pass_to_pass,True,True,0.0005051912157796323,0.0005610233638435602,5.583214806392789e-05,0.9998779296875,0.9998779296875,0.0,0.9942963123321533,0.9983513951301575,0.00405508279800415,0.582793653011322,0.597531259059906,0.014737606048583984
7,C32-d8-L2-H4-m4-ffn16,pass_to_pass,True,True,0.0030006924644112587,0.003515015821903944,0.0005143233574926853,0.99853515625,0.9981689453125,-0.0003662109375,0.9980366230010986,0.995058000087738,-0.0029786229133605957,0.6381597518920898,0.6206845641136169,-0.0174751877784729
7,C32-d8-L2-H4-m4-ffnnone,pass_to_pass,True,True,0.006954135373234749,0.010670436546206474,0.0037163011729717255,0.995849609375,0.994384765625,-0.00146484375,0.9775296449661255,0.9879915714263916,0.010461926460266113,0.5687329769134521,0.5363617539405823,-0.03237122297286987
7,C8-d8-L2-H1-m4-ffn16,pass_to_pass,True,True,7.081886724336073e-05,0.00013578886864706874,6.497000140370801e-05,1.0,1.0,0.0,0.9996206760406494,1.001004934310913,0.0013842582702636719,0.3890249729156494,0.39390966296195984,0.004884690046310425
7,C8-d8-L2-H1-m4-ffnnone,pass_to_pass,True,True,4.339702718425542e-05,5.9868110838579014e-05,1.6471083654323593e-05,1.0,1.0,0.0,1.0005265474319458,0.9995957612991333,-0.0009307861328125,0.3056141436100006,0.3290787637233734,0.023464620113372803
7,C8-d8-L2-H4-m4-ffn16,pass_to_pass,True,True,9.337147639598697e-05,0.00019929526024498045,0.00010592378384899348,1.0,1.0,0.0,0.9991997480392456,1.0008511543273926,0.0016514062881469727,0.38032087683677673,0.39506709575653076,0.014746218919754028
7,C8-d8-L2-H4-m4-ffnnone,pass_to_pass,True,True,8.020603854674846e-05,0.00022691197227686644,0.00014670593373011798,1.0,1.0,0.0,0.9998859167098999,1.000016212463379,0.0001302957534790039,0.33745521306991577,0.3846006393432617,0.04714542627334595
8,C128-d32-L2-H1-m4-ffn64,pass_to_pass,True,True,6.861082511022687e-05,0.0002195059205405414,0.00015089509543031454,1.0,0.9998779296875,-0.0001220703125,0.9989606142044067,0.9994733333587646,0.0005127191543579102,0.48177942633628845,0.5822566747665405,0.10047724843025208
8,C128-d32-L2-H1-m4-ffnnone,pass_to_pass,True,True,8.000710658961907e-05,4.982911195838824e-05,-3.017799463123083e-05,1.0,1.0,0.0,1.0001280307769775,1.000760555267334,0.0006325244903564453,0.509274423122406,0.6503508687019348,0.1410764455795288
8,C128-d32-L2-H4-m4-ffn64,pass_to_pass,True,True,0.002026800997555256,0.00010442641359986737,-0.0019223745839553885,0.9989013671875,1.0,0.0010986328125,0.9952163696289062,1.0023701190948486,0.007153749465942383,0.4038670063018799,0.5272109508514404,0.12334394454956055
8,C128-d32-L2-H4-m4-ffnnone,pass_to_pass,True,True,0.0005479546962305903,7.14058696758002e-05,-0.00047654882655479014,1.0,1.0,0.0,0.998602032661438,0.999505341053009,0.0009033083915710449,0.45758381485939026,0.5717265605926514,0.11414274573326111
8,C32-d32-L2-H1-m4-ffn64,pass_to_pass,True,True,7.657540845684707e-05,2.869155832740944e-05,-4.788385012943763e-05,1.0,1.0,0.0,0.9993550181388855,0.9985882043838501,-0.0007668137550354004,0.3584490418434143,0.3978149890899658,0.039365947246551514
8,C32-d32-L2-H1-m4-ffnnone,pass_to_pass,True,True,7.720627036178485e-05,3.0513332603732124e-05,-4.669293775805272e-05,1.0,1.0,0.0,0.9989718198776245,0.9990863800048828,0.00011456012725830078,0.3365919589996338,0.4024013578891754,0.06580939888954163
8,C32-d32-L2-H4-m4-ffn64,pass_to_pass,True,True,9.538535232422873e-05,6.0553338698809966e-05,-3.483201362541877e-05,1.0,1.0,0.0,0.9985897541046143,0.9999563097953796,0.0013665556907653809,0.34409114718437195,0.37037715315818787,0.026286005973815918
8,C32-d32-L2-H4-m4-ffnnone,pass_to_pass,True,True,5.779423372587189e-05,0.0006413313094526529,0.000583537075726781,1.0,0.9996337890625,-0.0003662109375,1.000561237335205,0.9944887161254883,-0.006072521209716797,0.32181718945503235,0.38098612427711487,0.05916893482208252
8,C32-d8-L2-H1-m4-ffn16,pass_to_pass,True,True,5.390895967138931e-05,9.498077997704968e-05,4.107182030566037e-05,1.0,1.0,0.0,0.9986249208450317,0.9987325072288513,0.00010758638381958008,0.5886977314949036,0.6190032362937927,0.03030550479888916
8,C32-d8-L2-H1-m4-ffnnone,pass_to_pass,True,True,0.000117706716991961,0.0005277309101074934,0.0004100241931155324,1.0,1.0,0.0,0.9999282360076904,1.0008795261383057,0.0009512901306152344,0.5525832176208496,0.578378438949585,0.02579522132873535
8,C32-d8-L2-H4-m4-ffn16,pass_to_pass,True,True,0.003980038687586784,0.005090747959911823,0.001110709272325039,0.9981689453125,0.996826171875,-0.0013427734375,0.9874454140663147,0.9853150844573975,-0.0021303296089172363,0.5427170991897583,0.6058099865913391,0.06309288740158081
8,C32-d8-L2-H4-m4-ffnnone,pass_to_pass,True,True,0.011741409078240395,0.019471382722258568,0.007729973644018173,0.9930419921875,0.9881591796875,-0.0048828125,0.9724880456924438,0.9678918123245239,-0.004596233367919922,0.4304036796092987,0.45703843235969543,0.02663475275039673
8,C8-d8-L2-H1-m4-ffn16,pass_to_pass,True,True,4.202312265988439e-05,6.450137152569368e-05,2.247824886580929e-05,1.0,1.0,0.0,0.9981902837753296,1.0003268718719482,0.0021365880966186523,0.49942079186439514,0.4788249731063843,-0.020595818758010864
8,C8-d8-L2-H1-m4-ffnnone,pass_to_pass,True,True,4.8858230002224445e-05,8.668965892866254e-05,3.783142892643809e-05,1.0,1.0,0.0,0.9992033839225769,0.9985790848731995,-0.0006242990493774414,0.46211060881614685,0.47686296701431274,0.014752358198165894
8,C8-d8-L2-H4-m4-ffn16,pass_to_pass,True,True,5.087940371595323e-05,8.558288391213864e-05,3.470348019618541e-05,1.0,1.0,0.0,0.9998664855957031,1.0001250505447388,0.00025856494903564453,0.4446921646595001,0.4813719689846039,0.03667980432510376
8,C8-d8-L2-H4-m4-ffnnone,pass_to_pass,True,True,0.00016279907140415162,0.0003046453930437565,0.00014184632163960487,1.0,1.0,0.0,0.9992939829826355,0.9995662569999695,0.0002722740173339844,0.4494573473930359,0.46123719215393066,0.011779844760894775
9,C128-d32-L2-H1-m4-ffn64,pass_to_pass,True,True,0.0019821603782474995,5.322570723365061e-05,-0.0019289346710138489,0.9989013671875,1.0,0.0010986328125,1.0019687414169312,1.0003445148468018,-0.0016242265701293945,0.4973631799221039,0.5843619704246521,0.08699879050254822
9,C128-d32-L2-H1-m4-ffnnone,pass_to_pass,True,True,0.0004162409750279039,6.405027670552954e-05,-0.0003521906983223744,0.9998779296875,1.0,0.0001220703125,0.993621826171875,0.9982972741127014,0.004675447940826416,0.46314555406570435,0.5571038722991943,0.09395831823348999
9,C128-d32-L2-H4-m4-ffn64,pass_to_pass,True,True,0.00018750438175629824,0.0006120307953096926,0.0004245264135533944,1.0,0.999755859375,-0.000244140625,1.0007376670837402,1.0017274618148804,0.0009897947311401367,0.4254014790058136,0.501167356967926,0.07576587796211243
9,C128-d32-L2-H4-m4-ffnnone,pass_to_pass,True,True,0.0011773044243454933,0.0007741192821413279,-0.00040318514220416546,0.9993896484375,0.999755859375,0.0003662109375,1.0011882781982422,0.9967622756958008,-0.004426002502441406,0.3715975284576416,0.46182388067245483,0.09022635221481323
9,C32-d32-L2-H1-m4-ffn64,pass_to_pass,True,True,2.7630092517938465e-05,2.094551018672064e-05,-6.684582331217825e-06,1.0,1.0,0.0,1.0009229183197021,0.9995886087417603,-0.0013343095779418945,0.3384098708629608,0.4172508716583252,0.07884100079536438
9,C32-d32-L2-H1-m4-ffnnone,pass_to_pass,True,True,6.732316251145676e-05,2.2495039956993423e-05,-4.4828122554463334e-05,1.0,1.0,0.0,1.000072717666626,0.9994672536849976,-0.000605463981628418,0.3123326897621155,0.3660314083099365,0.053698718547821045
9,C32-d32-L2-H4-m4-ffn64,pass_to_pass,True,True,3.0767401767661795e-05,0.00016217335360124707,0.00013140595183358528,1.0,0.9998779296875,-0.0001220703125,0.9987260103225708,0.9992790222167969,0.0005530118942260742,0.3340286314487457,0.3991750180721283,0.06514638662338257
9,C32-d32-L2-H4-m4-ffnnone,pass_to_pass,True,True,8.623259782325476e-05,3.213540185242891e-05,-5.409719597082585e-05,1.0,1.0,0.0,1.0023086071014404,1.001359462738037,-0.0009491443634033203,0.2960222661495209,0.3642330765724182,0.06821081042289734
9,C32-d8-L2-H1-m4-ffn16,pass_to_pass,True,True,0.0002825543633662164,0.0005728470860049129,0.00029029272263869643,1.0,0.9998779296875,-0.0001220703125,1.0004973411560059,1.0007342100143433,0.00023686885833740234,0.3980616629123688,0.5091418623924255,0.11108019948005676
9,C32-d8-L2-H1-m4-ffnnone,pass_to_pass,True,True,6.826727621955797e-05,0.00011550827184692025,4.724099562736228e-05,1.0,1.0,0.0,0.9976538419723511,0.9992539286613464,0.0016000866889953613,0.44983601570129395,0.48034319281578064,0.030507177114486694
9,C32-d8-L2-H4-m4-ffn16,pass_to_pass,True,True,0.022741081193089485,0.023629575967788696,0.0008884947746992111,0.98583984375,0.986328125,0.00048828125,0.9695839881896973,0.9531909227371216,-0.016393065452575684,0.4948042333126068,0.5443006753921509,0.04949644207954407
9,C32-d8-L2-H4-m4-ffnnone,pass_to_pass,True,True,0.003107043681666255,0.006728861480951309,0.003621817799285054,0.99853515625,0.9964599609375,-0.0020751953125,0.9930460453033447,0.9900115728378296,-0.0030344724655151367,0.26450115442276,0.3204505443572998,0.055949389934539795
9,C8-d8-L2-H1-m4-ffn16,pass_to_pass,True,True,2.775020584522281e-05,0.00018171350529883057,0.00015396329945360776,1.0,1.0,0.0,0.9989926815032959,0.9991330504417419,0.00014036893844604492,0.46016111969947815,0.4598407447338104,-0.0003203749656677246
9,C8-d8-L2-H1-m4-ffnnone,pass_to_pass,True,True,7.241690764203668e-05,0.00011078192619606853,3.836501855403185e-05,1.0,1.0,0.0,1.0001888275146484,0.9999844431877136,-0.00020438432693481445,0.543239414691925,0.5065194368362427,-0.03671997785568237
9,C8-d8-L2-H4-m4-ffn16,pass_to_pass,True,True,7.485260721296072e-05,0.00011841025116154924,4.355764394858852e-05,1.0,1.0,0.0,1.0014972686767578,0.9997153878211975,-0.0017818808555603027,0.35687533020973206,0.4996695816516876,0.14279425144195557
9,C8-d8-L2-H4-m4-ffnnone,pass_to_pass,True,True,0.00015810821787454188,0.0005006827414035797,0.00034257452352903783,1.0,1.0,0.0,1.0011742115020752,0.998501718044281,-0.0026724934577941895,0.47179150581359863,0.4771897792816162,0.005398273468017578
