arm,seed,step,accuracy,max_target_key_score_margin,mean_qk_factor_cosine
independent,100,0,0.0,0.013791607692837715,0.002185033008132065
independent,100,200,0.0068359375,0.0374828577041626,0.24281440388949496
independent,100,400,0.01025390625,0.16812467575073242,0.27732694687285375
independent,100,800,0.0107421875,0.08384346961975098,0.25655209184148686
independent,100,1600,0.61572265625,1.3005878925323486,0.09788381514170968
independent,100,3200,0.9111328125,1.7748627662658691,0.1917241696975553
independent,100,6400,0.97998046875,3.1828598976135254,0.18996952156151725
independent,101,0,0.0,0.013247246854007244,-0.0032888182500572325
independent,101,200,0.0048828125,0.05917489528656006,0.2411274735533854
independent,101,400,0.0078125,0.0960245132446289,0.2730734507914958
independent,101,800,0.02783203125,0.17693758010864258,0.27074532771897974
independent,101,1600,0.80615234375,0.4153372049331665,0.11800596195431726
independent,101,3200,0.90380859375,0.3848823308944702,0.14929840165718875
independent,101,6400,0.94873046875,0.4490412175655365,0.15381719144642148
independent,102,0,0.0,0.00793743971735239,-0.006281289131604234
independent,102,200,0.00439453125,0.07162052392959595,0.20868196634216835
independent,102,400,0.00537109375,0.18144626915454865,0.23422390967634293
independent,102,800,0.03857421875,0.3625638484954834,0.2539352792167722
independent,102,1600,0.6337890625,0.6271844506263733,0.10509840168235712
independent,102,3200,0.9052734375,0.9381577968597412,0.11964444403665238
independent,102,6400,0.97021484375,2.952862501144409,0.12581945141934228
independent,103,0,0.0,0.011523001827299595,0.0012987462624359921
independent,103,200,0.005859375,0.037549376487731934,0.23194727477787397
independent,103,400,0.0078125,0.05384361743927002,0.25781952516597584
independent,103,800,0.015625,0.1233518123626709,0.21838230262283684
independent,103,1600,0.6826171875,0.5028071403503418,0.04621371590591087
independent,103,3200,0.91357421875,0.40157651901245117,0.16913279255418645
independent,103,6400,0.9755859375,34.616519927978516,0.208331273357908
independent,104,0,0.0,0.007818079553544521,0.0040997013431049835
independent,104,200,0.00341796875,0.04623768478631973,0.23146794682031874
independent,104,400,0.00732421875,0.06597518920898438,0.25875545347951534
independent,104,800,0.0107421875,0.0827937126159668,0.23409726028591046
independent,104,1600,0.60205078125,1.027258276939392,0.13135107951941893
independent,104,3200,0.89697265625,1.466623306274414,0.16157618047358635
independent,104,6400,0.9697265625,28.17216682434082,0.1875778040755622
independent,105,0,0.0,0.010934984311461449,-0.0016329408130520316
independent,105,200,0.00732421875,0.029178619384765625,0.2514146689066761
independent,105,400,0.01318359375,0.20526160299777985,0.25186459941104455
independent,105,800,0.01416015625,0.13176488876342773,0.20988735182343754
independent,105,1600,0.568359375,0.23090529441833496,0.05378368810195684
independent,105,3200,0.91064453125,0.6747528910636902,0.15808164305444605
independent,105,6400,0.94677734375,0.9718503952026367,0.1764627932837421
independent,106,0,0.0,0.011605160310864449,-0.009231838027680645
independent,106,200,0.00634765625,0.07429315894842148,0.23068492378559285
independent,106,400,0.0068359375,0.14928030967712402,0.2812738993656617
independent,106,800,0.02783203125,0.27902114391326904,0.28040194069284474
independent,106,1600,0.7392578125,0.840083122253418,0.1707243741074024
independent,106,3200,0.90478515625,0.10915493965148926,0.1838935485195391
independent,106,6400,0.97119140625,8.581872940063477,0.1909466749505887
independent,107,0,0.0,0.014599666930735111,0.005708101432435855
independent,107,200,0.00537109375,0.022786200046539307,0.21589520516333136
independent,107,400,0.00927734375,0.11173355579376221,0.2602322545010579
independent,107,800,0.0068359375,0.14479601383209229,0.19691079571885584
independent,107,1600,0.59033203125,0.10628950595855713,0.09829691728989935
independent,107,3200,0.88232421875,0.53977370262146,0.1531733192666178
independent,107,6400,0.93115234375,0.609612226486206,0.11305400397481247
independent,108,0,0.0,0.006793009117245674,-0.0010711136727561145
independent,108,200,0.00439453125,0.025192737579345703,0.2209813849744613
independent,108,400,0.01171875,0.028842687606811523,0.25819840808443273
independent,108,800,0.01806640625,0.06492504477500916,0.22179045543761683
independent,108,1600,0.8212890625,0.9427979588508606,0.08068613536857139
independent,108,3200,0.9130859375,0.9287152290344238,0.1508318861582588
independent,108,6400,0.97705078125,3.923114776611328,0.21370853712252066
independent,109,0,0.0,0.008772682398557663,0.003475754326255587
independent,109,200,0.0048828125,0.04827880859375,0.23635936063643231
independent,109,400,0.00927734375,0.1428595781326294,0.2523414446401644
independent,109,800,0.00927734375,0.09864610433578491,0.21464051992372268
independent,109,1600,0.38916015625,0.2717881202697754,-0.05698922363793869
independent,109,3200,0.90380859375,0.8827660083770752,0.11959075699143269
independent,109,6400,0.97314453125,2.332416296005249,0.15329792898341882
independent,110,0,0.0,0.004930085502564907,-0.0017907855128614617
independent,110,200,0.00830078125,0.05146479606628418,0.2143918200424893
independent,110,400,0.009765625,0.05894719436764717,0.247699247468934
independent,110,800,0.01171875,0.11565697193145752,0.21062058635337796
independent,110,1600,0.62939453125,0.345302939414978,0.02549128601877277
independent,110,3200,0.92236328125,0.8542476892471313,0.13585447778389345
independent,110,6400,0.97265625,2.8761088848114014,0.1498526681253496
independent,111,0,0.0,0.017360568046569824,0.002422150502347329
independent,111,200,0.0087890625,0.059813737869262695,0.24644095812134473
independent,111,400,0.00927734375,0.1842590570449829,0.2474002192835185
independent,111,800,0.01611328125,0.17305463552474976,0.21914723543071563
independent,111,1600,0.7529296875,0.32977014780044556,0.08867236884847239
independent,111,3200,0.90380859375,0.293338418006897,0.185854654157848
independent,111,6400,0.95361328125,27.302566528320312,0.24182471933608823
independent,112,0,0.0,0.013143269345164299,0.0010769829240662252
independent,112,200,0.00439453125,0.07261073589324951,0.2193917708766009
independent,112,400,0.005859375,0.13065314292907715,0.25341737578246115
independent,112,800,0.01220703125,0.14597344398498535,0.2128369113482124
independent,112,1600,0.419921875,0.3650186061859131,0.009919184226357514
independent,112,3200,0.9248046875,1.7335971593856812,0.14690274718110172
independent,112,6400,0.9677734375,4.324238300323486,0.1605245198695836
independent,113,0,0.0,0.009102165699005127,0.0029352986323003746
independent,113,200,0.00341796875,0.049044013023376465,0.2267726395603289
independent,113,400,0.0087890625,0.19125151634216309,0.26000254197809924
independent,113,800,0.01513671875,0.051850199699401855,0.20803189814489542
independent,113,1600,0.6171875,0.17827625572681427,-0.006689489914671089
independent,113,3200,0.93505859375,1.7874622344970703,0.15668421034473817
independent,113,6400,0.97119140625,23.75888442993164,0.199070771062138
independent,114,0,0.0,0.014479704201221466,-0.004337368526121595
independent,114,200,0.005859375,0.08790469169616699,0.18918285111830682
independent,114,400,0.00537109375,0.09157776832580566,0.2529900337770963
independent,114,800,0.18994140625,0.2027372270822525,0.21809626206362406
independent,114,1600,0.75048828125,0.5289129018783569,0.15733617297098876
independent,114,3200,0.89794921875,0.5227434635162354,0.1499510733962889
independent,114,6400,0.9697265625,7.617256164550781,0.16041835573404684
independent,115,0,0.0,0.016457123681902885,-0.0003700744680463783
independent,115,200,0.00634765625,0.07601654529571533,0.21778236118561237
independent,115,400,0.0107421875,0.04992401599884033,0.24852367710904172
independent,115,800,0.01025390625,0.23508036136627197,0.19783754733954917
independent,115,1600,0.74560546875,0.124114990234375,0.07320953078920203
independent,115,3200,0.88818359375,0.46667104959487915,0.16531524318429314
independent,115,6400,0.947265625,25.70511245727539,0.20375474379245484
independent,116,0,0.0,0.010660933330655098,-0.003448321331883873
independent,116,200,0.0048828125,0.1414095163345337,0.20489741123805982
independent,116,400,0.009765625,0.18484675884246826,0.25308444810199543
independent,116,800,0.01416015625,0.201188325881958,0.22094620677991447
independent,116,1600,0.50244140625,0.21517524123191833,-0.009538099128762967
independent,116,3200,0.89501953125,0.6919471025466919,0.1335674965182424
independent,116,6400,0.9462890625,0.8123304843902588,0.1787107878747724
independent,117,0,0.0,0.015054851770401001,-0.0006792838669888334
independent,117,200,0.0068359375,0.06271851062774658,0.2202954609231894
independent,117,400,0.009765625,0.17426013946533203,0.24572577792554023
independent,117,800,0.01416015625,0.04108315333724022,0.23293016333170008
independent,117,1600,0.54443359375,0.1807941198348999,0.028160283058291255
independent,117,3200,0.9150390625,0.48477280139923096,0.12427123735668898
independent,117,6400,0.98291015625,21.456317901611328,0.17554987204265543
independent,118,0,0.0,0.008092802949249744,0.0033899777701603363
independent,118,200,0.00390625,0.05384790897369385,0.2184483742893487
independent,118,400,0.0087890625,0.2192908525466919,0.25280206631454183
independent,118,800,0.013671875,0.24433684349060059,0.2134591768562697
independent,118,1600,0.53759765625,0.8282476663589478,0.012128807643626581
independent,118,3200,0.90478515625,0.9759464263916016,0.13136108637275157
independent,118,6400,0.9267578125,1.0498623847961426,0.12978182067044552
independent,119,0,0.0,0.006619233172386885,0.0021640864861735922
independent,119,200,0.0048828125,0.08211112022399902,0.2115575982792645
independent,119,400,0.0078125,0.18136394023895264,0.257948546956874
independent,119,800,0.01220703125,0.16367673873901367,0.20477739830717975
independent,119,1600,0.66064453125,2.175642251968384,0.08105834637978138
independent,119,3200,0.896484375,0.8552855849266052,0.13584088164300867
independent,119,6400,0.95849609375,1.6769710779190063,0.19786228411605392
positive,100,0,0.0,0.19369764626026154,1.0
positive,100,200,0.0078125,0.11191105842590332,0.6110460784540341
positive,100,400,0.01025390625,0.22698724269866943,0.5356439106639139
positive,100,800,0.01171875,0.22463274002075195,0.47171108359074276
positive,100,1600,0.47607421875,1.0934557914733887,0.1540126013112311
positive,100,3200,0.904296875,0.6213186383247375,0.20284843518288082
positive,100,6400,0.94873046875,1.0762525796890259,0.215205117976898
positive,101,0,0.0,0.20325498282909393,1.0
positive,101,200,0.00341796875,0.09786272048950195,0.6098674211993552
positive,101,400,0.00732421875,0.1281510591506958,0.5195516482140389
positive,101,800,0.01416015625,0.15961623191833496,0.4326837230633577
positive,101,1600,0.44482421875,0.5043787956237793,0.1181694053646158
positive,101,3200,0.900390625,0.7473037242889404,0.19789941291670654
positive,101,6400,0.95849609375,1.1561414003372192,0.24725702375707154
positive,102,0,0.0,0.16919434070587158,1.0
positive,102,200,0.0029296875,0.08411802351474762,0.5843160110419543
positive,102,400,0.009765625,0.13476407527923584,0.5120478970813334
positive,102,800,0.01220703125,0.20340228080749512,0.41802767374431915
positive,102,1600,0.57763671875,0.3469768762588501,0.24995397887238874
positive,102,3200,0.80126953125,1.9194574356079102,0.2513209658185415
positive,102,6400,0.9453125,2.0398426055908203,0.20242360325799813
positive,103,0,0.0,0.19112727046012878,1.0
positive,103,200,0.00537109375,0.1270514726638794,0.6035180471026864
positive,103,400,0.01220703125,0.09580802917480469,0.5237314565713601
positive,103,800,0.01220703125,0.20888924598693848,0.4175299417048225
positive,103,1600,0.1162109375,0.3621830940246582,0.2175139739819512
positive,103,3200,0.90087890625,1.9105947017669678,0.19148319679389209
positive,103,6400,0.970703125,3.532301425933838,0.15687121377435959
positive,104,0,0.0,0.19017429649829865,1.0
positive,104,200,0.00439453125,0.0746455192565918,0.5963717885015013
positive,104,400,0.005859375,0.1485229730606079,0.5168250347785917
positive,104,800,0.01171875,0.09740543365478516,0.40865605330263066
positive,104,1600,0.5419921875,0.7204856872558594,0.15444491435056587
positive,104,3200,0.7724609375,0.5800869464874268,0.19517154135437975
positive,104,6400,0.96044921875,0.49500662088394165,0.19334159482370067
positive,105,0,0.0,0.18318665027618408,1.0
positive,105,200,0.00634765625,0.08748435974121094,0.6169388294192073
positive,105,400,0.013671875,0.159470796585083,0.5341856373260558
positive,105,800,0.0146484375,0.14223265647888184,0.44553126911796853
positive,105,1600,0.53857421875,0.2767641842365265,0.17479703872586477
positive,105,3200,0.92138671875,0.5483511090278625,0.21391936256598204
positive,105,6400,0.955078125,1.3680096864700317,0.21460111768222767
positive,106,0,0.0,0.1713857799768448,1.0
positive,106,200,0.00439453125,0.10826683044433594,0.607446252456731
positive,106,400,0.00927734375,0.1491096019744873,0.5395404843013043
positive,106,800,0.0166015625,0.11589229106903076,0.44710095290840735
positive,106,1600,0.42333984375,0.29646965861320496,0.13927843346147953
positive,106,3200,0.73486328125,0.30363571643829346,0.21945546552226852
positive,106,6400,0.94873046875,1.9934406280517578,0.18977277728401554
positive,107,0,0.0,0.18173328042030334,1.0
positive,107,200,0.00390625,0.08376681804656982,0.5998487432198595
positive,107,400,0.0068359375,0.07804441452026367,0.5301641079784951
positive,107,800,0.0048828125,0.09889578819274902,0.4286083727820481
positive,107,1600,0.46240234375,0.45927608013153076,0.15728189657941813
positive,107,3200,0.8916015625,0.8638683557510376,0.21696810707053846
positive,107,6400,0.9677734375,32.22199249267578,0.24239825348575422
positive,108,0,0.0,0.19108295440673828,1.0
positive,108,200,0.00341796875,0.0704813003540039,0.5937288383954393
positive,108,400,0.005859375,0.06520485877990723,0.5215632813257165
positive,108,800,0.013671875,0.06529659032821655,0.4268928979643175
positive,108,1600,0.494140625,0.7247983813285828,0.15329668323823073
positive,108,3200,0.947265625,2.436404228210449,0.23560830800129998
positive,108,6400,0.9794921875,4.475438117980957,0.207675075065001
positive,109,0,0.0,0.1868465095758438,1.0
positive,109,200,0.005859375,0.08631443977355957,0.5959934035874993
positive,109,400,0.00830078125,0.16854071617126465,0.5072292303471695
positive,109,800,0.0126953125,0.23079824447631836,0.4358006566635877
positive,109,1600,0.08544921875,0.374753475189209,0.2684216761607844
positive,109,3200,0.896484375,0.6531343460083008,0.19215170936892245
positive,109,6400,0.96435546875,26.03465461730957,0.2527309731667984
positive,110,0,0.0,0.18978001177310944,1.0
positive,110,200,0.0068359375,0.05256807804107666,0.5816800177680085
positive,110,400,0.0068359375,0.06389069557189941,0.5106994638424457
positive,110,800,0.0126953125,0.014536142349243164,0.4228555487762543
positive,110,1600,0.5302734375,0.09334313869476318,0.14707278969867987
positive,110,3200,0.92529296875,0.3579709529876709,0.20275659778099003
positive,110,6400,0.955078125,3.347095489501953,0.17520114599613063
positive,111,0,0.0,0.1854414939880371,0.9999999999999999
positive,111,200,0.00927734375,0.12281107902526855,0.6101015516359745
positive,111,400,0.0087890625,0.11998248100280762,0.5211288609274776
positive,111,800,0.01123046875,0.1621938943862915,0.4247516439688824
positive,111,1600,0.38671875,0.633946418762207,0.1189069182508687
positive,111,3200,0.90234375,1.9005708694458008,0.21170421759651464
positive,111,6400,0.94677734375,0.45236581563949585,0.22826852834971198
positive,112,0,0.0,0.19554220139980316,1.0
positive,112,200,0.0048828125,0.09670333564281464,0.5816144926988345
positive,112,400,0.00634765625,0.10843169689178467,0.5269338626896425
positive,112,800,0.00634765625,0.16376376152038574,0.45325946308700826
positive,112,1600,0.37744140625,0.208166241645813,0.1440863384842192
positive,112,3200,0.677734375,0.44348615407943726,0.21223731372381327
positive,112,6400,0.9287109375,1.9380817413330078,0.2085069746489816
positive,113,0,0.0,0.18969608843326569,1.0
positive,113,200,0.00244140625,0.06832492351531982,0.5911345047401406
positive,113,400,0.0078125,0.10025429725646973,0.5178444255963343
positive,113,800,0.0078125,0.12236166000366211,0.4399310099773649
positive,113,1600,0.265625,0.22285455465316772,0.1042709895011992
positive,113,3200,0.9140625,1.2189750671386719,0.23603030886894433
positive,113,6400,0.9794921875,2.5175623893737793,0.21716740841828014
positive,114,0,0.0,0.18070608377456665,1.0
positive,114,200,0.00732421875,0.0691690444946289,0.562812079535242
positive,114,400,0.00830078125,0.10180234909057617,0.5162831423650747
positive,114,800,0.01171875,0.1757720559835434,0.41629922969885563
positive,114,1600,0.51416015625,3.121365547180176,0.19480720838881024
positive,114,3200,0.76416015625,4.91838264465332,0.21506508169460709
positive,114,6400,0.9384765625,3.9448022842407227,0.2086554685770955
positive,115,0,0.0,0.18791119754314423,1.0
positive,115,200,0.0048828125,0.10583758354187012,0.5845152567047179
positive,115,400,0.00927734375,0.11163389682769775,0.5178994695550075
positive,115,800,0.01171875,0.2012317180633545,0.434952255301306
positive,115,1600,0.291015625,1.0703418254852295,0.13324394409946552
positive,115,3200,0.87841796875,1.7094554901123047,0.22013799018220992
positive,115,6400,0.93408203125,1.8767757415771484,0.22754209501747635
positive,116,0,0.0,0.185522198677063,1.0
positive,116,200,0.00634765625,0.13865087926387787,0.577702216791738
positive,116,400,0.009765625,0.08562231063842773,0.5260191566833994
positive,116,800,0.01220703125,0.14623558521270752,0.4387126974067337
positive,116,1600,0.2880859375,0.4920220375061035,0.10287146244875088
positive,116,3200,0.93505859375,2.7470383644104004,0.197213839315826
positive,116,6400,0.96875,3.719831943511963,0.17270770624705656
positive,117,0,0.0,0.20511803030967712,1.0
positive,117,200,0.00439453125,0.0937192440032959,0.588019233071944
positive,117,400,0.01220703125,0.1740877628326416,0.5195653736645236
positive,117,800,0.0146484375,0.16830384731292725,0.4414984936406184
positive,117,1600,0.43603515625,0.7509592771530151,0.11505105330085554
positive,117,3200,0.8876953125,1.1950864791870117,0.21246557862147814
positive,117,6400,0.96826171875,3.0346665382385254,0.23529023518128492
positive,118,0,0.0,0.19468814134597778,1.0
positive,118,200,0.00341796875,0.09855139255523682,0.5811169801039453
positive,118,400,0.0107421875,0.14653077721595764,0.5134600969273466
positive,118,800,0.01025390625,0.24247288703918457,0.4315110308886125
positive,118,1600,0.34521484375,1.0963972806930542,0.10374579936075465
positive,118,3200,0.7861328125,0.7764043211936951,0.1795479870093209
positive,118,6400,0.96435546875,2.1950809955596924,0.22506190107977814
positive,119,0,0.0,0.1865176409482956,1.0
positive,119,200,0.00439453125,0.09182299673557281,0.5962887895111555
positive,119,400,0.0048828125,0.09590482711791992,0.5426398245931487
positive,119,800,0.0107421875,0.0703662633895874,0.4097182107486067
positive,119,1600,0.4951171875,0.7377025485038757,0.09639104243962039
positive,119,3200,0.91064453125,0.9759674668312073,0.2029438741832768
positive,119,6400,0.955078125,1.4624022245407104,0.22988236385209915
negative,100,0,0.0,-0.11504651606082916,-1.0
negative,100,200,0.0068359375,0.04801905155181885,-0.17533950520418667
negative,100,400,0.01171875,0.07488763332366943,-0.0442521524268861
negative,100,800,0.009765625,0.021516621112823486,-0.006524772320365427
negative,100,1600,0.65234375,0.2390846312046051,-0.06074136639278015
negative,100,3200,0.91748046875,0.39486074447631836,0.07983598559164365
negative,100,6400,0.9765625,23.16400146484375,0.15879614156048255
negative,101,0,0.0,-0.11958421766757965,-1.0
negative,101,200,0.00439453125,0.06355905532836914,-0.18478350963329987
negative,101,400,0.0068359375,0.09393839538097382,-0.03327933083373706
negative,101,800,0.037109375,0.11940622329711914,0.08027218222321802
negative,101,1600,0.64697265625,0.3246443271636963,-0.03173050011980008
negative,101,3200,0.8720703125,0.1446913480758667,0.04582460178821622
negative,101,6400,0.96142578125,0.5163822174072266,0.10299391577950584
negative,102,0,0.0,-0.10349098592996597,-1.0
negative,102,200,0.0029296875,0.11773598939180374,-0.17628471450792566
negative,102,400,0.005859375,0.177382230758667,-0.06751162793517429
negative,102,800,0.05517578125,0.21493005752563477,0.03647923077855742
negative,102,1600,0.68017578125,0.702570378780365,-0.03610406031468197
negative,102,3200,0.8818359375,0.3360605239868164,0.03668006933320039
negative,102,6400,0.9404296875,0.39686188101768494,0.047914198450061445
negative,103,0,0.0,-0.11706405133008957,-1.0
negative,103,200,0.005859375,0.0083235502243042,-0.17720665608918865
negative,103,400,0.009765625,0.058086276054382324,-0.04309433166778091
negative,103,800,0.24365234375,0.289619505405426,-0.0441607294979134
negative,103,1600,0.56201171875,0.31590789556503296,-0.017952068205191282
negative,103,3200,0.91015625,0.414783239364624,0.05841145422174016
negative,103,6400,0.95556640625,1.2342567443847656,0.09382198813269559
negative,104,0,0.0,-0.1122516617178917,-1.0
negative,104,200,0.00537109375,0.07759600877761841,-0.183713131930841
negative,104,400,0.00927734375,0.08607418090105057,-0.05558940036383693
negative,104,800,0.0126953125,0.043419599533081055,-0.022856156259112158
negative,104,1600,0.580078125,1.4071636199951172,-0.045144854468520644
negative,104,3200,0.9140625,0.917609691619873,0.08432475139623086
negative,104,6400,0.94091796875,1.0192760229110718,0.12496045255369981
negative,105,0,0.0,-0.1139124184846878,-1.0
negative,105,200,0.0068359375,0.03875833749771118,-0.15442352040379062
negative,105,400,0.01611328125,0.17273682355880737,-0.06135067645210725
negative,105,800,0.021484375,0.23505234718322754,0.03009454786377873
negative,105,1600,0.63916015625,1.6300911903381348,-0.06323662742857701
negative,105,3200,0.90478515625,0.355319619178772,0.0980492581833601
negative,105,6400,0.97119140625,36.73218536376953,0.1460957193310852
negative,106,0,0.0,-0.11570906639099121,-1.0
negative,106,200,0.0087890625,0.03509610891342163,-0.16661682615416076
negative,106,400,0.0107421875,0.09807974100112915,-0.010052712859987795
negative,106,800,0.04296875,0.16102957725524902,0.09064554567161541
negative,106,1600,0.71484375,0.26351141929626465,-0.0005683208575812046
negative,106,3200,0.90380859375,0.2959706783294678,0.05893123818849172
negative,106,6400,0.9599609375,0.5699930191040039,0.08511696983446831
negative,107,0,0.0,-0.11729778349399567,-1.0
negative,107,200,0.00634765625,0.06395083665847778,-0.19850273742994062
negative,107,400,0.0078125,0.13520050048828125,-0.04867042788824901
negative,107,800,0.017578125,0.08368688821792603,-0.021229077998803234
negative,107,1600,0.697265625,0.20029446482658386,-0.09121675726618088
negative,107,3200,0.900390625,0.38893353939056396,0.023178932424227437
negative,107,6400,0.9599609375,0.280631959438324,0.0760405255751462
negative,108,0,0.0,-0.1225571259856224,-1.0
negative,108,200,0.005859375,0.04355555772781372,-0.17915631881386557
negative,108,400,0.0107421875,0.057897746562957764,-0.03297404354861437
negative,108,800,0.0166015625,0.005311369895935059,0.017712190571728372
negative,108,1600,0.6494140625,3.369670867919922,-0.04175010035949641
negative,108,3200,0.9111328125,4.782106399536133,0.07547781097295875
negative,108,6400,0.96533203125,5.711444854736328,0.13684371269089493
negative,109,0,0.0,-0.10854670405387878,-1.0
negative,109,200,0.0048828125,0.07430589199066162,-0.17373785354421464
negative,109,400,0.005859375,0.16640520095825195,-0.0394002925888243
negative,109,800,0.0146484375,0.06278222799301147,-0.0006477384144785506
negative,109,1600,0.6298828125,0.13502171635627747,-0.08829977612066382
negative,109,3200,0.912109375,0.41854017972946167,0.06759558633707746
negative,109,6400,0.97509765625,38.855072021484375,0.1524623930023898
negative,110,0,0.0,-0.10965117067098618,-1.0
negative,110,200,0.00439453125,0.048696570098400116,-0.1975265935887469
negative,110,400,0.00732421875,0.08116559684276581,-0.052579793835180993
negative,110,800,0.1083984375,0.13225853443145752,0.037998387844589775
negative,110,1600,0.70947265625,3.049257755279541,0.019167929781011592
negative,110,3200,0.91259765625,0.5812201499938965,0.07722286704538162
negative,110,6400,0.95556640625,0.7158491015434265,0.051221435064313085
negative,111,0,0.0,-0.11312000453472137,-0.9999999999999999
negative,111,200,0.00830078125,0.08706986904144287,-0.14710269900998169
negative,111,400,0.009765625,0.06181657314300537,-0.05849828083112257
negative,111,800,0.03173828125,0.14462608098983765,0.07205174937116447
negative,111,1600,0.65673828125,0.1744147539138794,-0.08033208970565218
negative,111,3200,0.9033203125,0.4743031859397888,0.049010934032618046
negative,111,6400,0.9443359375,0.42791739106178284,0.10155189809181608
negative,112,0,0.0,-0.10926619172096252,-1.0
negative,112,200,0.00537109375,0.08268344402313232,-0.18281073203130066
negative,112,400,0.0078125,0.07065334916114807,-0.051495780441096366
negative,112,800,0.015625,0.08699989318847656,0.013515496416904298
negative,112,1600,0.63818359375,0.816109836101532,-0.035949913085390986
negative,112,3200,0.9208984375,0.6760441064834595,0.046570747921506665
negative,112,6400,0.94921875,0.6406037211418152,0.09641500891667759
negative,113,0,0.0,-0.11916487663984299,-1.0
negative,113,200,0.00439453125,0.1087273359298706,-0.1917154140235448
negative,113,400,0.00634765625,0.16291961073875427,-0.040550989835651564
negative,113,800,0.013671875,0.16036152839660645,0.010016793079152712
negative,113,1600,0.70947265625,0.4190891981124878,-0.06963730501929274
negative,113,3200,0.93212890625,0.8004319667816162,0.09878803335460577
negative,113,6400,0.9736328125,33.303611755371094,0.07572175289779788
negative,114,0,0.0,-0.11493799090385437,-1.0
negative,114,200,0.0068359375,0.1164935827255249,-0.20579439862735974
negative,114,400,0.00634765625,0.09850203990936279,-0.04478965095460216
negative,114,800,0.11474609375,0.21710443496704102,0.021668542744135454
negative,114,1600,0.8583984375,0.9012777805328369,0.012280040754834555
negative,114,3200,0.91015625,0.7051814794540405,0.05547238129854251
negative,114,6400,0.93310546875,3.0342979431152344,0.05518476375563004
negative,115,0,0.0,-0.12753456830978394,-1.0
negative,115,200,0.00634765625,0.04559439420700073,-0.18969498257593953
negative,115,400,0.009765625,0.02721649408340454,-0.06351030903140344
negative,115,800,0.02734375,0.35283613204956055,0.017243081556128036
negative,115,1600,0.70556640625,0.20292967557907104,-0.07242044856611797
negative,115,3200,0.92431640625,0.3002811074256897,0.0474229256065793
negative,115,6400,0.9384765625,0.30259963870048523,0.1028128859644689
negative,116,0,0.0,-0.11279719322919846,-1.0
negative,116,200,0.00537109375,0.11182469129562378,-0.20050719885083973
negative,116,400,0.01123046875,0.12881354987621307,-0.049062227824022156
negative,116,800,0.0107421875,0.043231189250946045,-0.003457720400630993
negative,116,1600,0.67919921875,0.965085506439209,-0.06894187317480631
negative,116,3200,0.904296875,4.230907440185547,0.09293500226543727
negative,116,6400,0.97216796875,29.744258880615234,0.11571594247305984
negative,117,0,0.0,-0.12309791892766953,-1.0
negative,117,200,0.00634765625,0.06111574172973633,-0.1658079238521938
negative,117,400,0.0107421875,0.17067432403564453,-0.05247937469316142
negative,117,800,0.09912109375,0.04411625862121582,0.029199857556092015
negative,117,1600,0.84423828125,0.8149212598800659,-0.042627962071788546
negative,117,3200,0.88916015625,0.7484688758850098,0.011699946976238003
negative,117,6400,0.958984375,0.5110576152801514,0.06466339023510959
negative,118,0,0.0,-0.11266763508319855,-1.0
negative,118,200,0.00439453125,0.044498324394226074,-0.2056519715397766
negative,118,400,0.009765625,0.20029175281524658,-0.06125684266482931
negative,118,800,0.02978515625,0.2834770679473877,0.04500097783711364
negative,118,1600,0.720703125,0.9353283643722534,-0.025978573732907503
negative,118,3200,0.8974609375,1.3130512237548828,0.05404581185044502
negative,118,6400,0.9755859375,22.81986427307129,0.06831677462701848
negative,119,0,0.0,-0.1125427857041359,-1.0
negative,119,200,0.00439453125,0.14154744148254395,-0.20585210011860816
negative,119,400,0.00830078125,0.18410170078277588,-0.05634706247410971
negative,119,800,0.05908203125,0.3698675036430359,0.05224392377966676
negative,119,1600,0.646484375,0.9112223982810974,-0.010244174195963976
negative,119,3200,0.85400390625,1.2674039602279663,0.07892594926834387
negative,119,6400,0.97802734375,2.5855817794799805,0.09521732848781214
positive-small,100,0,0.0,2.9555915261880727e-06,1.0
positive-small,100,200,0.0078125,0.12245094776153564,0.30917742225605765
positive-small,100,400,0.00927734375,0.2697773575782776,0.2934101792512721
positive-small,100,800,0.0078125,0.4073581099510193,0.2517655710179828
positive-small,100,1600,0.28759765625,0.39831840991973877,-0.049657834062194345
positive-small,100,3200,0.9140625,1.1305961608886719,0.15816114669825923
positive-small,100,6400,0.978515625,4.0992279052734375,0.19252031501450617
positive-small,101,0,0.0,3.101424908891204e-06,1.0
positive-small,101,200,0.00537109375,0.06065773963928223,0.30057739420108287
positive-small,101,400,0.009765625,0.06112635135650635,0.33218827708388743
positive-small,101,800,0.03173828125,0.20931607484817505,0.2766362146135904
positive-small,101,1600,0.66064453125,0.847649097442627,0.06148307931221031
positive-small,101,3200,0.89794921875,1.173614263534546,0.17182231641757084
positive-small,101,6400,0.9755859375,22.092004776000977,0.1951428210864076
positive-small,102,0,0.0,2.581700755399652e-06,1.0
positive-small,102,200,0.00537109375,0.13072824478149414,0.31119701759591645
positive-small,102,400,0.00927734375,0.2087293267250061,0.2885128422093265
positive-small,102,800,0.00732421875,0.18093574047088623,0.22530713763380733
positive-small,102,1600,0.56201171875,0.5431650876998901,0.04786385911954455
positive-small,102,3200,0.890625,0.7828854322433472,0.1564083852174563
positive-small,102,6400,0.95263671875,2.534008741378784,0.2286642819506841
positive-small,103,0,0.0,2.9163707040424924e-06,1.0
positive-small,103,200,0.0048828125,0.05812335014343262,0.3087187777176026
positive-small,103,400,0.0087890625,0.020598113536834717,0.2925355274445358
positive-small,103,800,0.22314453125,0.3746371269226074,0.18624865811439406
positive-small,103,1600,0.63720703125,0.6697627902030945,0.12371476800138503
positive-small,103,3200,0.87939453125,0.7386970520019531,0.12397665289203977
positive-small,103,6400,0.97412109375,24.467262268066406,0.16062215229529458
positive-small,104,0,0.0,2.9018294753768714e-06,1.0
positive-small,104,200,0.00439453125,0.12399625778198242,0.28749295604829894
positive-small,104,400,0.0068359375,0.07810115814208984,0.27864148718048065
positive-small,104,800,0.009765625,0.062183380126953125,0.19351958418846169
positive-small,104,1600,0.51611328125,1.0361497402191162,0.03556523653684614
positive-small,104,3200,0.85986328125,0.7654187083244324,0.14323339538720214
positive-small,104,6400,0.958984375,2.39667010307312,0.13687674598707789
positive-small,105,0,0.0,2.7952064556302503e-06,1.0
positive-small,105,200,0.0068359375,0.07965028285980225,0.3345599109973513
positive-small,105,400,0.01416015625,0.1654227375984192,0.2913053303428649
positive-small,105,800,0.0146484375,0.07983958721160889,0.23703175730671613
positive-small,105,1600,0.6259765625,0.61149662733078,0.00932125165063416
positive-small,105,3200,0.8935546875,0.6837791800498962,0.12547634180796813
positive-small,105,6400,0.958984375,2.0804431438446045,0.1965009425799496
positive-small,106,0,0.0,2.6151394649787107e-06,1.0
positive-small,106,200,0.00732421875,0.09133481234312057,0.3264989551168995
positive-small,106,400,0.0068359375,0.2383165955543518,0.3462843490260019
positive-small,106,800,0.0615234375,0.3066561222076416,0.2981072897333611
positive-small,106,1600,0.615234375,0.26919519901275635,0.12984964969012827
positive-small,106,3200,0.8642578125,2.1907424926757812,0.14578860084856873
positive-small,106,6400,0.9375,4.143499374389648,0.09728255293676633
positive-small,107,0,0.0,2.77302979156957e-06,1.0
positive-small,107,200,0.00439453125,0.0736314058303833,0.28872835734038016
positive-small,107,400,0.00830078125,0.09291434288024902,0.3186595368589602
positive-small,107,800,0.0068359375,0.19686990976333618,0.19647429592401883
positive-small,107,1600,0.68505859375,1.5007702112197876,0.05175677129978886
positive-small,107,3200,0.9638671875,3.317979574203491,0.11747932302856054
positive-small,107,6400,0.98193359375,5.312768459320068,0.10268701919889442
positive-small,108,0,0.0,2.9156944947317243e-06,1.0
positive-small,108,200,0.00390625,0.046088218688964844,0.2906278977393639
positive-small,108,400,0.00830078125,0.03305181860923767,0.304257039097441
positive-small,108,800,0.0166015625,0.13307005167007446,0.22282616347560813
positive-small,108,1600,0.44287109375,0.5405128598213196,-0.004596083072178778
positive-small,108,3200,0.876953125,1.2534188032150269,0.17142282517153992
positive-small,108,6400,0.97314453125,4.076613426208496,0.1858934784193901
positive-small,109,0,0.0,2.851051476682187e-06,1.0
positive-small,109,200,0.00634765625,0.09587487578392029,0.2933278890338952
positive-small,109,400,0.00732421875,0.21435248851776123,0.2861239514642499
positive-small,109,800,0.01171875,0.1990089863538742,0.19778278979891567
positive-small,109,1600,0.43359375,0.5152616500854492,-0.036336159700382294
positive-small,109,3200,0.92626953125,2.1789674758911133,0.12378752319902986
positive-small,109,6400,0.9580078125,2.8502490520477295,0.21401379320884112
positive-small,110,0,0.0,2.8958131679246435e-06,1.0
positive-small,110,200,0.0078125,0.08057188242673874,0.28688358175244677
positive-small,110,400,0.00830078125,0.11265495419502258,0.3069709900522949
positive-small,110,800,0.01025390625,0.06755149364471436,0.23094937089696443
positive-small,110,1600,0.61328125,0.4317461848258972,0.09303736427165765
positive-small,110,3200,0.92236328125,0.4813917279243469,0.19114548639356949
positive-small,110,6400,0.9775390625,29.798809051513672,0.21029204669247073
positive-small,111,0,0.0,2.82961264019832e-06,0.9999999999999999
positive-small,111,200,0.0087890625,0.09479629993438721,0.32530176349877393
positive-small,111,400,0.0107421875,0.14433598518371582,0.2786864635729406
positive-small,111,800,0.0107421875,0.2086023986339569,0.20492294946459338
positive-small,111,1600,0.45556640625,0.18648932874202728,1.8050924147777758e-05
positive-small,111,3200,0.87939453125,0.4688212275505066,0.12565663724727438
positive-small,111,6400,0.923828125,0.3824184536933899,0.1847772383989417
positive-small,112,0,0.0,2.9837372039764887e-06,1.0
positive-small,112,200,0.0048828125,0.06724357604980469,0.296710237093628
positive-small,112,400,0.0048828125,0.09202662110328674,0.29874445595634197
positive-small,112,800,0.01220703125,0.11286300420761108,0.23706194828343766
positive-small,112,1600,0.5498046875,0.16120174527168274,0.015516683691400683
positive-small,112,3200,0.9052734375,0.3851194977760315,0.12458196064560928
positive-small,112,6400,0.93310546875,0.27470773458480835,0.16030144492835277
positive-small,113,0,0.0,2.894532599384547e-06,1.0
positive-small,113,200,0.001953125,0.05134791135787964,0.263093619040046
positive-small,113,400,0.00732421875,0.2174285650253296,0.2674069112731157
positive-small,113,800,0.0107421875,0.10915827751159668,0.2098743415561693
positive-small,113,1600,0.55322265625,0.13489115238189697,-0.003036515660930165
positive-small,113,3200,0.78759765625,0.43821102380752563,0.0663360972655922
positive-small,113,6400,0.8310546875,4.379758834838867,0.06794985170240352
positive-small,114,0,0.0,2.7573560146265663e-06,1.0
positive-small,114,200,0.0078125,0.1082162857055664,0.25422630497290766
positive-small,114,400,0.0048828125,0.08634960651397705,0.27882857015919416
positive-small,114,800,0.28466796875,0.7692723274230957,0.15000491586114995
positive-small,114,1600,0.67138671875,0.690854012966156,0.18244969265619332
positive-small,114,3200,0.90478515625,3.7631568908691406,0.19481279434766563
positive-small,114,6400,0.98046875,8.151287078857422,0.1670728094315584
positive-small,115,0,0.0,2.867297325792606e-06,1.0
positive-small,115,200,0.0078125,0.15651023387908936,0.2787149576644089
positive-small,115,400,0.0087890625,0.06878781318664551,0.27581991476375267
positive-small,115,800,0.01318359375,0.150101900100708,0.19166587664151039
positive-small,115,1600,0.45556640625,0.60245680809021,-0.040373548394471236
positive-small,115,3200,0.90234375,0.708659827709198,0.1370974643823381
positive-small,115,6400,0.93798828125,0.8754867315292358,0.2040686251295462
positive-small,116,0,0.0,2.8308440960245207e-06,1.0
positive-small,116,200,0.005859375,0.12529981136322021,0.2691082873414855
positive-small,116,400,0.0087890625,0.21507495641708374,0.29908946120968927
positive-small,116,800,0.013671875,0.11795000731945038,0.2351671027109048
positive-small,116,1600,0.5615234375,0.2578716576099396,-0.008122496692281093
positive-small,116,3200,0.794921875,0.258078932762146,0.08476975641026137
positive-small,116,6400,0.94140625,0.2414851188659668,0.1652820443428346
positive-small,117,0,0.0,3.1298527574108448e-06,1.0
positive-small,117,200,0.005859375,0.12504255771636963,0.2886059209095263
positive-small,117,400,0.0126953125,0.2812510132789612,0.30322940998965736
positive-small,117,800,0.015625,0.07234741747379303,0.25425328667713226
positive-small,117,1600,0.56494140625,0.30946508049964905,-0.006573626669834968
positive-small,117,3200,0.7958984375,0.29682207107543945,0.07501536306701578
positive-small,117,6400,0.9423828125,0.2955808639526367,0.1506067065199027
positive-small,118,0,0.0,2.97070528176846e-06,1.0
positive-small,118,200,0.00537109375,0.09120804071426392,0.27111915331563896
positive-small,118,400,0.0107421875,0.3115023970603943,0.2807659690081856
positive-small,118,800,0.0185546875,0.25206899642944336,0.21834650054069693
positive-small,118,1600,0.61474609375,1.0340837240219116,0.03209350992874461
positive-small,118,3200,0.8994140625,2.8014392852783203,0.10369399084730185
positive-small,118,6400,0.93896484375,1.1356892585754395,0.14185218225637278
positive-small,119,0,0.0,2.846033339665155e-06,1.0
positive-small,119,200,0.00390625,0.16905546188354492,0.2941071256765648
positive-small,119,400,0.00830078125,0.19150543212890625,0.32043743576567457
positive-small,119,800,0.01025390625,0.24713975191116333,0.20097160703905284
positive-small,119,1600,0.646484375,0.7324179410934448,0.03923032736348118
positive-small,119,3200,0.88330078125,0.8383361101150513,0.1345656528976695
positive-small,119,6400,0.951171875,1.3829491138458252,0.20711815081401558
negative-small,100,0,0.0,-1.7940997167897876e-06,-1.0
negative-small,100,200,0.0068359375,0.13274574279785156,0.3086620642960254
negative-small,100,400,0.01025390625,0.28136110305786133,0.2875980589507322
negative-small,100,800,0.0087890625,0.3533060550689697,0.23702993930365945
negative-small,100,1600,0.55859375,0.6051097512245178,-0.016212992966698973
negative-small,100,3200,0.89990234375,0.8835353851318359,0.12617752668159954
negative-small,100,6400,0.9716796875,2.973690986633301,0.17406380067806868
negative-small,101,0,0.0,-1.8576806724013295e-06,-1.0
negative-small,101,200,0.00537109375,0.06948518753051758,0.2984004493555228
negative-small,101,400,0.009765625,0.0948951244354248,0.3164912818265404
negative-small,101,800,0.0146484375,0.21711291372776031,0.2120700415542741
negative-small,101,1600,0.50048828125,0.8252461552619934,0.01819386191020818
negative-small,101,3200,0.91259765625,2.1008050441741943,0.16412322687027353
negative-small,101,6400,0.96826171875,3.5411627292633057,0.15953001772675576
negative-small,102,0,0.0,-1.60082163347397e-06,-1.0
negative-small,102,200,0.00439453125,0.16395854949951172,0.3078977365941735
negative-small,102,400,0.01025390625,0.2300701141357422,0.29549521489093394
negative-small,102,800,0.01025390625,0.24898242950439453,0.2235011758832519
negative-small,102,1600,0.5869140625,0.1732437014579773,0.07757401000296502
negative-small,102,3200,0.88427734375,4.618139266967773,0.13876730595157455
negative-small,102,6400,0.94189453125,4.025412559509277,0.13035507432507287
negative-small,103,0,0.0,-1.8076102605846245e-06,-1.0
negative-small,103,200,0.00537109375,0.06403279304504395,0.29949768538576993
negative-small,103,400,0.0087890625,0.05972433090209961,0.29550831686088874
negative-small,103,800,0.12939453125,0.525689959526062,0.22806456548716458
negative-small,103,1600,0.62255859375,3.572897434234619,0.09316388251769103
negative-small,103,3200,0.91259765625,0.2578449547290802,0.13399806008998236
negative-small,103,6400,0.94482421875,1.183786392211914,0.16621656416897443
negative-small,104,0,0.0,-1.736057129164692e-06,-1.0
negative-small,104,200,0.00390625,0.10884034633636475,0.2942416883834545
negative-small,104,400,0.00830078125,0.08250635862350464,0.2935428977235305
negative-small,104,800,0.01220703125,0.053382277488708496,0.19589459984991814
negative-small,104,1600,0.62255859375,0.8595856428146362,0.05728695981367349
negative-small,104,3200,0.91357421875,0.680199384689331,0.17718840117996654
negative-small,104,6400,0.9697265625,2.378464937210083,0.19436070554300144
negative-small,105,0,0.0,-1.7574776620676857e-06,-1.0
negative-small,105,200,0.00537109375,0.10029220581054688,0.3353415719500512
negative-small,105,400,0.0146484375,0.19111478328704834,0.29881366712108404
negative-small,105,800,0.01904296875,0.07879877090454102,0.2335942260589295
negative-small,105,1600,0.58837890625,0.12920483946800232,0.06454130809129169
negative-small,105,3200,0.88623046875,0.5575962662696838,0.1627922916950744
negative-small,105,6400,0.9423828125,0.5199427008628845,0.1938601047049771
negative-small,106,0,0.0,-1.7918250705406535e-06,-1.0
negative-small,106,200,0.005859375,0.13089871406555176,0.31074236124524734
negative-small,106,400,0.00634765625,0.23036932945251465,0.34086159600618154
negative-small,106,800,0.0126953125,0.316758930683136,0.24944448072129527
negative-small,106,1600,0.51220703125,0.23902255296707153,0.01320658550643558
negative-small,106,3200,0.85400390625,0.31643441319465637,0.1574255692938537
negative-small,106,6400,0.94189453125,1.0315072536468506,0.15755785284431784
negative-small,107,0,0.0,-1.8128778265236178e-06,-1.0
negative-small,107,200,0.00390625,0.05955392122268677,0.2777515668733116
negative-small,107,400,0.0087890625,0.02709197998046875,0.30572793306255786
negative-small,107,800,0.00732421875,0.14339697360992432,0.18606166363289656
negative-small,107,1600,0.599609375,0.5111479163169861,-0.004476265627125123
negative-small,107,3200,0.9091796875,0.7068259119987488,0.1441389307164707
negative-small,107,6400,0.95458984375,1.964634656906128,0.20131418802951
negative-small,108,0,0.0,-1.90217770068557e-06,-1.0
negative-small,108,200,0.0048828125,0.022980928421020508,0.29996028625862964
negative-small,108,400,0.00830078125,0.027807587757706642,0.31559945274376716
negative-small,108,800,0.01318359375,0.07313621044158936,0.2365170108709465
negative-small,108,1600,0.50927734375,0.08493617177009583,0.01580657674127592
negative-small,108,3200,0.8583984375,0.26370516419410706,0.1511514348091385
negative-small,108,6400,0.943359375,0.6664888262748718,0.1310043962620458
negative-small,109,0,0.0,-1.6934639006649377e-06,-1.0
negative-small,109,200,0.00537109375,0.06194889545440674,0.2996554107446796
negative-small,109,400,0.0078125,0.1866956353187561,0.2893369663102092
negative-small,109,800,0.01171875,0.19079548120498657,0.1943119642021548
negative-small,109,1600,0.47705078125,0.28219789266586304,-0.009622929760097963
negative-small,109,3200,0.77587890625,0.28772950172424316,0.02859838026415431
negative-small,109,6400,0.94873046875,0.3632655143737793,0.08887361524771735
negative-small,110,0,0.0,-1.7096318742915173e-06,-1.0
negative-small,110,200,0.00634765625,0.09942841529846191,0.27303751820540806
negative-small,110,400,0.00830078125,0.08135151863098145,0.29561406853368094
negative-small,110,800,0.0107421875,0.0908440351486206,0.2112273888327468
negative-small,110,1600,0.6552734375,0.3666727542877197,0.04123198046793376
negative-small,110,3200,0.90966796875,1.256692886352539,0.1447555083041029
negative-small,110,6400,0.96630859375,4.543503761291504,0.20156659302913008
negative-small,111,0,0.0,-1.7489294350525597e-06,-0.9999999999999999
negative-small,111,200,0.0087890625,0.09884071350097656,0.32301265958392716
negative-small,111,400,0.01025390625,0.1533668041229248,0.29161952382137124
negative-small,111,800,0.02001953125,0.2485809326171875,0.26568491954817824
negative-small,111,1600,0.587890625,0.8959749341011047,0.098209340172959
negative-small,111,3200,0.92919921875,1.0412802696228027,0.21363237991385892
negative-small,111,6400,0.97412109375,21.360734939575195,0.18726287341048892
negative-small,112,0,0.0,-1.6960309494606918e-06,-1.0
negative-small,112,200,0.0048828125,0.11814278364181519,0.2841136306409763
negative-small,112,400,0.005859375,0.16438311338424683,0.3039913329093453
negative-small,112,800,0.01171875,0.1298956274986267,0.23900709857930022
negative-small,112,1600,0.41455078125,0.5665377974510193,0.01994330823504603
negative-small,112,3200,0.9150390625,1.4854241609573364,0.1675048815491232
negative-small,112,6400,0.9697265625,3.877284288406372,0.17601488625148803
negative-small,113,0,0.0,-1.8488578916731058e-06,-1.0
negative-small,113,200,0.00146484375,0.03462231159210205,0.2672906899328974
negative-small,113,400,0.0078125,0.15427158772945404,0.273892354098736
negative-small,113,800,0.01123046875,0.07876420021057129,0.20872672522501717
negative-small,113,1600,0.61865234375,0.19971460103988647,0.006829871928021251
negative-small,113,3200,0.90380859375,0.57546067237854,0.15899888899944964
negative-small,113,6400,0.9716796875,41.19538116455078,0.19920605604653038
negative-small,114,0,0.0,-1.7736442714522127e-06,-1.0
negative-small,114,200,0.0078125,0.15237689018249512,0.25642480364335013
negative-small,114,400,0.0048828125,0.12413108348846436,0.28726705219889603
negative-small,114,800,0.1943359375,0.1621759831905365,0.21292391621187853
negative-small,114,1600,0.79736328125,0.31704282760620117,0.1721955531940739
negative-small,114,3200,0.89501953125,0.4932519495487213,0.13201617678649938
negative-small,114,6400,0.98046875,13.850736618041992,0.143826849313072
negative-small,115,0,0.0,-1.9685055576701416e-06,-1.0
negative-small,115,200,0.0078125,0.07267534732818604,0.28923669305704114
negative-small,115,400,0.01123046875,0.08590102195739746,0.2862547942781857
negative-small,115,800,0.01318359375,0.14180874824523926,0.2264930316122984
negative-small,115,1600,0.6181640625,1.2583271265029907,0.08410765843364772
negative-small,115,3200,0.92138671875,0.6205286383628845,0.16633645142844045
negative-small,115,6400,0.97314453125,30.35021209716797,0.1942643175765909
negative-small,116,0,0.0,-1.7564882455189945e-06,-1.0
negative-small,116,200,0.00634765625,0.19369471073150635,0.26224019239974694
negative-small,116,400,0.0087890625,0.2428065538406372,0.28512844225584555
negative-small,116,800,0.01171875,0.1447252631187439,0.2365299219541023
negative-small,116,1600,0.5615234375,0.7887692451477051,-0.020509370656688522
negative-small,116,3200,0.8720703125,0.36694926023483276,0.11980553764197653
negative-small,116,6400,0.935546875,6.381954193115234,0.14398220538604833
negative-small,117,0,0.0,-1.9089279703621287e-06,-1.0
negative-small,117,200,0.005859375,0.10900712013244629,0.2974660344648388
negative-small,117,400,0.0107421875,0.20789700746536255,0.30414683277843435
negative-small,117,800,0.01708984375,0.07183197885751724,0.23924253409913382
negative-small,117,1600,0.63525390625,0.5591874718666077,0.04593323605697226
negative-small,117,3200,0.9072265625,0.8661070466041565,0.16972006679177076
negative-small,117,6400,0.958984375,1.7654633522033691,0.20009866219638983
negative-small,118,0,0.0,-1.7427607872377848e-06,-1.0
negative-small,118,200,0.0048828125,0.06307142972946167,0.27377408251845964
negative-small,118,400,0.0107421875,0.2682744860649109,0.28479336654173326
negative-small,118,800,0.0087890625,0.0878448486328125,0.1847784320175544
negative-small,118,1600,0.4833984375,0.8299468159675598,0.0147960257841558
negative-small,118,3200,0.91015625,1.592718482017517,0.17412734873128716
negative-small,118,6400,0.97900390625,2.9493401050567627,0.18312807403794001
negative-small,119,0,0.0,-1.7418531115254154e-06,-1.0
negative-small,119,200,0.00390625,0.1327834129333496,0.29761284773022106
negative-small,119,400,0.009765625,0.23344206809997559,0.3074889670303943
negative-small,119,800,0.009765625,0.13761639595031738,0.21095749230167243
negative-small,119,1600,0.744140625,0.7282012701034546,0.048587452520713156
negative-small,119,3200,0.9189453125,1.0769176483154297,0.12899865361607535
negative-small,119,6400,0.96728515625,2.7664501667022705,0.132609616271402
