cell,desired_direction,eligibility_rule,metric,n_common_eligible_seeds,n_resamples,optimizer_delta_difference,optimizer_delta_difference_ci_high,optimizer_delta_difference_ci_low,primary_ci_excludes_zero,primary_ci_high,primary_ci_low,primary_estimate,primary_function_success_count,primary_optimizer,qualitative_direction_agreement,replication_ci_direction_pass,replication_ci_excludes_zero,replication_ci_high,replication_ci_low,replication_estimate,replication_function_success_count,replication_optimizer,replication_supports_desired_direction,rng_seed,same_direction,two_optimizer_ci_direction_pass,two_optimizer_support_desired_direction
C16-d16-L2-H1-m4-ffn32,decrease,function_gate,attention_mean_distractor_mass,12,20000,0.0117437568793927,0.023725615972458994,-0.001053478976731031,True,-0.11406197174801493,-0.1389459638907283,-0.12762255614992077,12,adamw,True,True,True,-0.10146015408681706,-0.13235109516535887,-0.11587879927052806,12,sgd,True,20260815,True,True,True
C16-d16-L2-H1-m4-ffn32,descriptive,function_gate,attention_self_mass,12,20000,0.020899533526971936,0.09214739809782846,-0.048824303956159075,False,0.05748524199589153,-0.04720800016463423,0.009310661737496654,12,adamw,True,False,False,0.1005340101934659,-0.033934680915748076,0.03021019526446859,12,sgd,False,20260815,True,False,False
C16-d16-L2-H1-m4-ffn32,increase,function_gate,attention_target_mass,12,20000,-0.05613081163513319,-0.02147104839932583,-0.09158748253248632,True,0.39360191447970766,0.3531804072230443,0.3735569908603793,12,adamw,True,True,True,0.34492991330722966,0.2901473759363095,0.31742617922524613,12,sgd,True,20260815,True,True,True
C16-d16-L2-H1-m4-ffn32,increase,function_gate,attention_target_over_distractor_log_margin,12,20000,-1.3765471888085206,-0.9446207975347837,-1.9777822607817748,True,4.832017837542419,3.654780746693723,4.139758228324354,12,adamw,True,True,True,2.9406820066661266,2.5889754261278237,2.763211039515833,12,sgd,True,20260815,True,True,True
C16-d16-L2-H1-m4-ffn32,increase,all_scheduled,donor_accuracy,12,20000,0.0,0.0,0.0,True,0.4991861979166667,0.46240234375,0.4816080729166667,12,adamw,True,True,True,0.4991861979166667,0.46240234375,0.4816080729166667,12,sgd,True,20260815,True,True,True
C16-d16-L2-H1-m4-ffn32,decrease,all_scheduled,donor_risk,12,20000,3.832115347298289e-05,6.0735256367176274e-05,1.981484389261823e-05,True,-0.6872556367208216,-1.2695041195940615,-0.9496493670653763,12,adamw,True,True,True,-0.6872276832819809,-1.2694628740066036,-0.9496110459119033,12,sgd,True,20260815,True,True,True
C16-d16-L2-H1-m4-ffn32,descriptive,function_gate,embedding_coherence,12,20000,-0.023566911617914837,0.004557051509618741,-0.050179769098758695,True,0.1559955384582281,0.07163349154094856,0.11361609896024068,12,adamw,True,True,True,0.13666631715993083,0.043361754591266316,0.09004918734232585,12,sgd,False,20260815,True,True,False
C16-d16-L2-H1-m4-ffn32,descriptive,function_gate,embedding_effective_rank,12,20000,0.23643048604329428,0.4906634410222365,-0.0392749061187108,True,-1.6623749961455663,-2.3077878246704735,-1.9758088986078899,12,adamw,True,True,True,-1.4422368506590526,-2.0837797741095225,-1.7393784125645955,12,sgd,False,20260815,True,True,False
C16-d16-L2-H1-m4-ffn32,descriptive,function_and_donor_gate,ffn_branch_signed,12,20000,-4.516423393852165e-05,0.00020551224818821798,-0.00023411130220741435,False,0.004425779770123003,-0.007181819948170679,-0.001207155806658496,12,adamw,True,False,False,0.004271904648010146,-0.007222991168077897,-0.0012523200405970176,12,sgd,False,20260815,True,False,False
C16-d16-L2-H1-m4-ffn32,increase,function_and_donor_gate,ffn_cancellation_fraction,12,20000,-0.0591439101845026,0.003423568482200211,-0.11584781697019933,True,0.16098419611031806,0.07828765857654314,0.11926330688099067,12,adamw,True,True,True,0.10622547101229426,0.010552052548155196,0.06011939669648806,12,sgd,True,20260815,True,True,True
C16-d16-L2-H1-m4-ffn32,increase,function_and_donor_gate,ffn_opposition_rate,12,20000,-0.052571614583333336,-0.016436767578125178,-0.08951822916666667,True,0.207763671875,0.1311014811197917,0.16560872395833334,12,adamw,True,True,True,0.158447265625,0.06429036458333333,0.113037109375,12,sgd,True,20260815,True,True,True
C16-d16-L2-H1-m4-ffn32,descriptive,function_and_donor_gate,ffn_skip_signed,12,20000,0.0004010399644964006,0.0008279370146510696,7.915797590385411e-05,False,0.0023012805566054286,-0.010889636238202154,-0.0040768407845159045,12,adamw,True,False,False,0.0026070976862835457,-0.010433437540723388,-0.0036758008200195036,12,sgd,False,20260815,True,False,False
C16-d16-L2-H1-m4-ffn32,descriptive,function_and_donor_gate,ffn_total_signed,12,20000,0.00035587573135368683,0.0009999784115583073,-7.410982449679671e-05,False,0.006320753767946961,-0.01776400732975768,-0.005283996492532121,12,adamw,True,False,False,0.006441404052323644,-0.017360065736177897,-0.004928120761178434,12,sgd,False,20260815,True,False,False
C16-d16-L2-H1-m4-ffn32,increase,all_scheduled,function_accuracy,12,20000,0.0,0.0,0.0,True,0.4973958333333333,0.4583333333333333,0.4783528645833333,12,adamw,True,True,True,0.4973958333333333,0.4583333333333333,0.4783528645833333,12,sgd,True,20260815,True,True,True
C16-d16-L2-H1-m4-ffn32,increase,function_gate,key_selectivity,12,20000,-0.06787457317113876,-0.043815673515200625,-0.0929060727978746,True,0.5167173838022184,0.48431109978870757,0.501179546903586,12,adamw,True,True,True,0.45444798588141566,0.4117218236421953,0.43330497373244725,12,sgd,True,20260815,True,True,True
C16-d16-L2-H1-m4-ffn32,decrease,all_scheduled,natural_swap_mae,12,20000,0.0015809093893039972,0.002544035786074042,0.0007009498726498957,True,-0.12627044500962561,-0.17052926911176958,-0.1485023393664354,12,adamw,True,True,True,-0.12437860194477254,-0.1689694816149616,-0.1469214299771314,12,sgd,True,20260815,True,True,True
C16-d16-L2-H1-m4-ffn32,decrease,all_scheduled,natural_swap_mse,12,20000,4.883359110863239e-05,9.990857318863765e-05,1.4691250701541025e-05,True,-0.0394332669655815,-0.06873578307190845,-0.05393830918857626,12,adamw,True,True,True,-0.03938913268683943,-0.06867835628978962,-0.05388947559746763,12,sgd,True,20260815,True,True,True
C16-d16-L2-H1-m4-ffn32,decrease,function_and_donor_gate,ov_distractor_gain,12,20000,-0.03025939812262853,0.049877376543978696,-0.11413197536021467,False,0.13980921283364295,-0.011213674706717304,0.05351780354976654,12,adamw,True,False,False,0.10379538014531126,-0.042416468821465964,0.023258405427138012,12,sgd,False,20260815,True,False,False
C16-d16-L2-H1-m4-ffn32,increase,function_and_donor_gate,ov_log_target_over_distractor_gain,12,20000,-0.08866374536106984,0.056235603146099704,-0.22146994225137556,True,1.0699559769282738,0.7384053250619521,0.9096756824292243,12,adamw,True,True,True,0.9289864284529659,0.7145740765690183,0.8210119370681545,12,sgd,True,20260815,True,True,True
C16-d16-L2-H1-m4-ffn32,increase,function_and_donor_gate,ov_target_gain,12,20000,-0.159214049577713,0.13100987318903193,-0.42241194825619455,True,1.9054772629092134,1.44987247766306,1.6847671245535214,12,adamw,True,True,True,1.7296172983944413,1.3583219931771358,1.5255530749758084,12,sgd,True,20260815,True,True,True
C16-d16-L2-H1-m4-ffn32,increase,function_and_donor_gate,qk_cancellation_fraction,12,20000,0.012472177545229593,0.023697249374041943,-0.0005536099430173615,True,0.02792901249291994,0.0033926478742311405,0.015830683211485546,12,adamw,True,True,True,0.04542468646541237,0.009612747669840856,0.028302860756715138,12,sgd,True,20260815,True,True,True
C16-d16-L2-H1-m4-ffn32,descriptive,function_and_donor_gate,qk_content_energy,12,20000,1.3100961506751219e-05,3.125490948505668e-05,-1.043880895886433e-06,True,-0.014963940235703861,-0.028541307124830696,-0.021516567209939552,12,adamw,True,True,True,-0.014941870002845432,-0.028534293289151337,-0.0215034662484328,12,sgd,False,20260815,True,True,False
C16-d16-L2-H1-m4-ffn32,descriptive,function_and_donor_gate,qk_content_signed,12,20000,-7.509098357634987e-06,0.00011340918356476466,-0.00013143159836867348,False,0.0029762570213449557,-0.011560499294929132,-0.004194524527633803,12,adamw,True,False,False,0.002947898217604446,-0.011601298932904075,-0.0042020336259914375,12,sgd,False,20260815,True,False,False
C16-d16-L2-H1-m4-ffn32,increase,function_and_donor_gate,qk_opposition_rate,12,20000,-0.00146484375,0.015380859375,-0.020100911458333332,True,0.072021484375,0.038248697916666664,0.054850260416666664,12,adamw,True,True,True,0.06689453125,0.036946614583333336,0.053385416666666664,12,sgd,True,20260815,True,True,True
C16-d16-L2-H1-m4-ffn32,descriptive,function_and_donor_gate,qk_route_signed,12,20000,0.00014720159424541635,0.00039984570307751696,-6.845194462433329e-05,False,0.0020727894215080206,-0.00408979880525256,-0.0006694705120935396,12,adamw,True,False,False,0.002111669271520592,-0.003755853891713438,-0.0005222689178481232,12,sgd,False,20260815,True,False,False
C16-d16-L2-H1-m4-ffn32,increase,function_and_donor_gate,qk_suppression_log_ratio,12,20000,0.10838362465923031,0.28874715811883406,-0.07603508605776972,True,-0.6040748599062985,-0.8998399881723647,-0.7481660163030028,12,adamw,True,True,True,-0.5125980464741589,-0.7885540804321257,-0.6397823916437725,12,sgd,False,20260815,True,True,False
C16-d16-L2-H1-m4-ffn32,descriptive,function_and_donor_gate,qk_total_signed,12,20000,0.00013969250251951357,0.0003891306541277116,-9.446256705511278e-05,False,0.004558157041753926,-0.015187262544331283,-0.004863995395226084,12,adamw,True,False,False,0.0045300107732449135,-0.014895948033965094,-0.004724302892706571,12,sgd,False,20260815,True,False,False
C16-d16-L2-H1-m4-ffn32,decrease,all_scheduled,risk,12,20000,3.845437246733733e-05,7.287469822282825e-05,1.6114452258383004e-05,True,-0.6889221972985221,-1.2704528263424815,-0.9512739086797714,12,adamw,True,True,True,-0.688896109143055,-1.2704230313632934,-0.9512354543073039,12,sgd,True,20260815,True,True,True
C16-d16-L2-H1-m4-ffn32,increase,function_gate,target_key_effect,12,20000,0.00033978621164957684,0.014971585944294919,-0.01392395123839378,True,1.0392910019601307,0.935234973076149,0.9913561930394886,12,adamw,True,True,True,1.0361202514104662,0.9394965541512648,0.9916959792511383,12,sgd,True,20260815,True,True,True
C16-d16-L2-H1-m4-ffn32,increase,function_gate,value_flip_effect,12,20000,0.0007324516773223877,0.0012465953826904285,0.0002612741043170294,True,1.021551100880606,0.9319244078205278,0.9800208912153417,12,adamw,True,True,True,1.0221648753610983,0.9330041507035882,0.9807533428926641,12,sgd,True,20260815,True,True,True
C16-d16-L2-H1-m4-ffn32,decrease,function_gate,walsh_bias_energy,12,20000,1.1594646897113611e-05,1.6591772000159228e-05,7.148326441589841e-06,True,-0.39197911779534983,-1.4996073062876933,-0.8950774115227583,12,adamw,True,True,True,-0.3919721679166219,-1.4995890695732212,-0.8950658168758613,12,sgd,True,20260815,True,True,True
C16-d16-L2-H1-m4-ffn32,decrease,function_gate,walsh_distractor_direct_energy,12,20000,1.3956273846815748e-05,2.9204782352583905e-05,3.0707441851518533e-06,True,-0.025282759531812846,-0.08122925564754171,-0.0477631879045551,12,adamw,True,True,True,-0.02527386263042597,-0.08121314750272476,-0.04774923163070829,12,sgd,True,20260815,True,True,True
C16-d16-L2-H1-m4-ffn32,decrease,function_gate,walsh_interaction_energy,12,20000,1.5925557287725194e-05,2.91617104077583e-05,6.281945504345762e-06,True,-0.003576747372312641,-0.010962585417354375,-0.006852399892598744,12,adamw,True,True,True,-0.0035620116733753094,-0.010948930621005576,-0.00683647433531102,12,sgd,True,20260815,True,True,True
C16-d16-L2-H1-m4-ffn32,increase,function_gate,walsh_target_coefficient,12,20000,0.0007795095443725586,0.0013202433784802754,0.00026642692585786195,True,1.0210820018236213,0.9332470532487303,0.980663973139599,12,adamw,True,True,True,1.021625056329261,0.9343831538164522,0.9814434826839715,12,sgd,True,20260815,True,True,True
C16-d16-L2-H1-m4-ffn32,decrease,function_gate,walsh_target_error_energy,12,20000,1.9852922302258474e-05,3.541691182817883e-05,4.139115496097175e-06,True,-0.8914041763266236,-1.052022517240357,-0.9759941482852051,12,adamw,True,True,True,-0.8913914345169588,-1.0519995691320674,-0.9759742953629029,12,sgd,True,20260815,True,True,True
C16-d16-L2-H1-m4-ffn32,decrease,function_gate,walsh_total_error_energy,12,20000,6.132939870440168e-05,0.00010385064040292488,3.09223305824465e-05,True,-1.4166595831139,-2.538536500821904,-1.9256871504170097,12,adamw,True,True,True,-1.4166078400009463,-2.5384447618025354,-1.9256258210183053,12,sgd,True,20260815,True,True,True
C16-d16-L2-H1-m4-ffnnone,decrease,function_gate,attention_mean_distractor_mass,12,20000,0.026445407721136387,0.03923180976247141,0.014871654895250686,True,-0.13895524885544244,-0.17402757854676262,-0.15714245160537152,12,adamw,True,True,True,-0.11902156122087036,-0.14045615728828126,-0.13069704388423511,12,sgd,True,20260815,True,True,True
C16-d16-L2-H1-m4-ffnnone,descriptive,function_gate,attention_self_mass,12,20000,-0.0558364011036853,-0.0009227082443734131,-0.12244962711896126,True,0.16296831693810715,0.026310346089303493,0.09668540333708127,12,adamw,True,False,False,0.09425699150888249,-0.0186786454481383,0.04084900223339597,12,sgd,False,20260815,True,False,False
C16-d16-L2-H1-m4-ffnnone,increase,function_gate,attention_target_mass,12,20000,-0.02349982464996477,0.028555109181130866,-0.07081391296039025,True,0.42067110020046433,0.3307055809690307,0.3747419447172433,12,adamw,True,True,True,0.3852105518182119,0.32037935716410476,0.35124212006727856,12,sgd,True,20260815,True,True,True
C16-d16-L2-H1-m4-ffnnone,increase,function_gate,attention_target_over_distractor_log_margin,12,20000,-1.3110435642302036,-0.7899618891378256,-1.921919839084148,True,5.077479508817971,3.855753631501769,4.419500115560368,12,adamw,True,True,True,3.3630568462753825,2.89386324074779,3.108456551330164,12,sgd,True,20260815,True,True,True
C16-d16-L2-H1-m4-ffnnone,increase,all_scheduled,donor_accuracy,12,20000,0.0,0.0,0.0,True,0.544921875,0.4739542643229167,0.51025390625,12,adamw,True,True,True,0.544921875,0.4739542643229167,0.51025390625,12,sgd,True,20260815,True,True,True
C16-d16-L2-H1-m4-ffnnone,decrease,all_scheduled,donor_risk,12,20000,8.471984074276406e-06,6.282959266930743e-05,-4.054640465559107e-05,True,-0.7426670780035092,-1.5161276417281593,-1.0653936825641115,12,adamw,True,True,True,-0.7426582177230486,-1.5160887139749928,-1.0653852105800372,12,sgd,True,20260815,True,True,True
C16-d16-L2-H1-m4-ffnnone,descriptive,function_gate,embedding_coherence,12,20000,-0.02131710449854533,0.019897556677460584,-0.0611926765491565,True,0.18700411704679326,0.08155373483896258,0.13442843655745187,12,adamw,True,True,True,0.15797027250130966,0.06819401979446411,0.11311133205890656,12,sgd,False,20260815,True,True,False
C16-d16-L2-H1-m4-ffnnone,descriptive,function_gate,embedding_effective_rank,12,20000,0.37486350536346436,0.6015941411256788,0.13931979537010192,True,-1.6677225788434349,-2.1707379976908365,-1.93582022190094,12,adamw,True,True,True,-1.3322035829226178,-1.8055188655853271,-1.5609567165374756,12,sgd,False,20260815,True,True,False
C16-d16-L2-H1-m4-ffnnone,increase,all_scheduled,function_accuracy,12,20000,0.0,0.0,0.0,True,0.5397135416666666,0.466796875,0.5032552083333334,12,adamw,True,True,True,0.5397135416666666,0.466796875,0.5032552083333334,12,sgd,True,20260815,True,True,True
C16-d16-L2-H1-m4-ffnnone,increase,function_gate,key_selectivity,12,20000,-0.04994524518648783,0.0015183628847201523,-0.10075027433534463,True,0.5831722140132721,0.48563692827059035,0.5318844078380304,12,adamw,True,True,True,0.5114992891535316,0.45565270908021677,0.4819391626515426,12,sgd,True,20260815,True,True,True
C16-d16-L2-H1-m4-ffnnone,decrease,all_scheduled,natural_swap_mae,12,20000,0.00024008238688111305,0.0020747022184271673,-0.0010755652062168033,True,-0.16348932641946398,-0.22346254398823173,-0.19149439504447704,12,adamw,True,True,True,-0.16296800179115964,-0.22388890382038273,-0.19125431265759593,12,sgd,True,20260815,True,True,True
C16-d16-L2-H1-m4-ffnnone,decrease,all_scheduled,natural_swap_mse,12,20000,7.027689055879212e-06,7.741951151653362e-05,-4.110158757650121e-05,True,-0.05498155140026978,-0.11982181502144347,-0.08415970830181625,12,adamw,True,True,True,-0.054957469463621164,-0.11981946239485144,-0.08415268061276038,12,sgd,True,20260815,True,True,True
C16-d16-L2-H1-m4-ffnnone,decrease,function_and_donor_gate,ov_distractor_gain,12,20000,-0.03319963067770004,0.09082880839705458,-0.13572871523598828,True,0.17649110195537407,0.0654738783215483,0.11937449872493744,12,adamw,True,False,False,0.22774102066953977,-0.016048626663784187,0.0861748680472374,12,sgd,False,20260815,True,False,False
C16-d16-L2-H1-m4-ffnnone,increase,function_and_donor_gate,ov_log_target_over_distractor_gain,12,20000,0.041296178785463176,0.27274489629392806,-0.1576495157166694,True,1.1773711419155006,0.8126457754449803,1.0024041148329463,12,adamw,True,True,True,1.1120692277133155,0.980238461632204,1.0437002936184097,12,sgd,True,20260815,True,True,True
C16-d16-L2-H1-m4-ffnnone,increase,function_and_donor_gate,ov_target_gain,12,20000,-0.10916199286778767,0.4873788495858496,-0.6088732233891885,True,2.412747224109868,1.702289996109903,2.07780991991361,12,adamw,True,True,True,2.374871911853552,1.642170699313283,1.9686479270458221,12,sgd,True,20260815,True,True,True
C16-d16-L2-H1-m4-ffnnone,increase,function_and_donor_gate,qk_cancellation_fraction,12,20000,-0.027101485058665276,-0.0016732459577422144,-0.05619130757016438,True,0.06293943988469738,0.017469307687133555,0.0396383727590243,12,adamw,True,False,False,0.04128622047913571,-0.015585999035586905,0.012536887700359026,12,sgd,False,20260815,True,False,False
C16-d16-L2-H1-m4-ffnnone,descriptive,function_and_donor_gate,qk_content_energy,12,20000,-1.3991510198726095e-05,1.1145573466819754e-05,-4.0381367048543854e-05,True,-0.022807822334730877,-0.04663381066457634,-0.03374889126510775,12,adamw,True,True,True,-0.022819937752692004,-0.04664595893849418,-0.03376288277530648,12,sgd,False,20260815,True,True,False
C16-d16-L2-H1-m4-ffnnone,descriptive,function_and_donor_gate,qk_content_signed,12,20000,1.6932371333192957e-06,0.00013930886625151577,-0.00011378361554458628,False,0.008752771218485098,-0.0056851232750356456,0.001191162005776884,12,adamw,True,False,False,0.008808252142413639,-0.005717604762893791,0.001192855242910203,12,sgd,False,20260815,True,False,False
C16-d16-L2-H1-m4-ffnnone,increase,function_and_donor_gate,qk_opposition_rate,12,20000,-0.015625,0.014078776041666666,-0.046630859375,True,0.08024088541666667,0.010416666666666666,0.045817057291666664,12,adamw,True,True,True,0.05517781575520816,0.008056640625,0.030192057291666668,12,sgd,True,20260815,True,True,True
C16-d16-L2-H1-m4-ffnnone,descriptive,function_and_donor_gate,qk_route_signed,12,20000,0.00010343782582822314,0.0002314069744007455,-1.2443750633413704e-05,True,0.0057091620770051985,0.00020229479013475366,0.002898150662834572,12,adamw,True,True,True,0.0058931812383396665,0.00024319295937971322,0.003001588488662795,12,sgd,False,20260815,True,True,False
C16-d16-L2-H1-m4-ffnnone,increase,function_and_donor_gate,qk_suppression_log_ratio,12,20000,0.17332952500631413,0.4534179032722022,-0.10513626060564998,True,-0.7489029870135712,-1.1570521498137774,-0.9604896491703888,12,adamw,True,True,True,-0.5600645584228916,-1.0220209708980594,-0.7871601241640747,12,sgd,False,20260815,True,True,False
C16-d16-L2-H1-m4-ffnnone,descriptive,function_and_donor_gate,qk_total_signed,12,20000,0.00010513104007259244,0.0002984197083681766,-6.382579139578107e-05,False,0.01363655903935522,-0.004585591064983418,0.004089312883479579,12,adamw,True,False,False,0.013897781151164655,-0.004580952095784595,0.004194443923552171,12,sgd,False,20260815,True,False,False
C16-d16-L2-H1-m4-ffnnone,decrease,all_scheduled,risk,12,20000,4.328610126928349e-06,5.271001820498589e-05,-4.262927723933292e-05,True,-0.7361554630374675,-1.5099789141197106,-1.058490762953473,12,adamw,True,True,True,-0.7361510862381163,-1.509959238189026,-1.0584864343433462,12,sgd,True,20260815,True,True,True
C16-d16-L2-H1-m4-ffnnone,increase,function_gate,target_key_effect,12,20000,0.005557169516881307,0.024021238088607774,-0.01241700152556101,True,1.0793903414315233,0.9643324912991376,1.0195851513611462,12,adamw,True,True,True,1.0907158980393432,0.962890014917745,1.0251423208780277,12,sgd,True,20260815,True,True,True
C16-d16-L2-H1-m4-ffnnone,increase,function_gate,value_flip_effect,12,20000,-0.0003999720017115275,0.0003534841040770201,-0.001097223162651062,True,1.0715525427872004,0.9275982586977383,0.9991748955411216,12,adamw,True,True,True,1.071537358104251,0.9269348921215472,0.99877492353941,12,sgd,True,20260815,True,True,True
C16-d16-L2-H1-m4-ffnnone,decrease,function_gate,walsh_bias_energy,12,20000,-5.391302390004664e-06,2.3995819844913048e-05,-3.984669680221485e-05,True,-0.3700171858316139,-1.7616077053490582,-0.9489989099574814,12,adamw,True,True,True,-0.37001943099368956,-1.7615776858272698,-0.9490043012598713,12,sgd,True,20260815,True,True,True
C16-d16-L2-H1-m4-ffnnone,decrease,function_gate,walsh_distractor_direct_energy,12,20000,1.5549693822928627e-06,2.9450576488443392e-05,-2.1291527156108706e-05,True,-0.04692275019552691,-0.17792268601015165,-0.10439260671796546,12,adamw,True,True,True,-0.04691275139828881,-0.17793070305765846,-0.10439105174858317,12,sgd,True,20260815,True,True,True
C16-d16-L2-H1-m4-ffnnone,decrease,function_gate,walsh_interaction_energy,12,20000,-2.2575253524337313e-06,8.576439086027668e-06,-1.3946112282307392e-05,True,-0.004047431938825717,-0.022259867689186304,-0.01173161400239072,12,adamw,True,True,True,-0.004044396020678207,-0.022268875971474235,-0.011733871527743153,12,sgd,True,20260815,True,True,True
C16-d16-L2-H1-m4-ffnnone,increase,function_gate,walsh_target_coefficient,12,20000,-0.000474815567334493,0.00029403703908125535,-0.001170481244723002,True,1.0730384879939567,0.9292308384242157,1.0005970878216128,12,adamw,True,True,True,1.0729872509953566,0.9285367733061625,1.0001222722542782,12,sgd,True,20260815,True,True,True
C16-d16-L2-H1-m4-ffnnone,decrease,function_gate,walsh_target_error_energy,12,20000,2.4516268543569215e-05,6.0883573534435215e-05,-2.369391260496431e-06,True,-0.887371163101898,-1.1850250026681048,-1.0306898293932438,12,adamw,True,True,True,-0.8873558798347254,-1.1850106137633172,-1.0306653131247003,12,sgd,True,20260815,True,True,True
C16-d16-L2-H1-m4-ffnnone,decrease,function_gate,walsh_total_error_energy,12,20000,1.8422407568626415e-05,0.00012014957610517736,-7.094842585502193e-05,True,-1.48594840436305,-2.9274780847609536,-2.095813004522521,12,adamw,True,True,True,-1.4859151555631191,-2.9274936569080783,-2.095794582114953,12,sgd,True,20260815,True,True,True
C16-d16-L2-H4-m4-ffn32,decrease,function_gate,attention_mean_distractor_mass,12,20000,0.03212168255413417,0.044268771970261356,0.018659133031663572,True,-0.06925100010679065,-0.09071361720804512,-0.08050834242021665,12,adamw,True,True,True,-0.03944322429621634,-0.05669411498323219,-0.04838665986608248,12,sgd,True,20260815,True,True,True
C16-d16-L2-H4-m4-ffn32,descriptive,function_gate,attention_self_mass,12,20000,-0.042599869232314326,-0.011358074341357377,-0.07473937151080462,True,0.10885193121782016,0.042065615238849816,0.07630165386459946,12,adamw,True,True,True,0.05786425719367495,0.00907936107626787,0.033701784632285126,12,sgd,False,20260815,True,True,False
C16-d16-L2-H4-m4-ffn32,increase,function_gate,attention_target_mass,12,20000,-0.053765169771698616,-0.025387556421143636,-0.08455226880638898,True,0.189271083753556,0.14384068799796904,0.1652233671823827,12,adamw,True,True,True,0.12465743985182291,0.0994453603833487,0.11145819741068408,12,sgd,True,20260815,True,True,True
C16-d16-L2-H4-m4-ffn32,increase,function_gate,attention_target_over_distractor_log_margin,12,20000,-0.8216854005683368,-0.5404170789729208,-1.1073227660250267,True,2.0626455671629325,1.6466957313522774,1.8501717861897002,12,adamw,True,True,True,1.1892037555095156,0.8767022023770551,1.0284863856213633,12,sgd,True,20260815,True,True,True
C16-d16-L2-H4-m4-ffn32,increase,all_scheduled,donor_accuracy,12,20000,0.0,0.0,0.0,True,0.50927734375,0.4684244791666667,0.4894205729166667,12,adamw,True,True,True,0.50927734375,0.4684244791666667,0.4894205729166667,12,sgd,True,20260815,True,True,True
C16-d16-L2-H4-m4-ffn32,decrease,all_scheduled,donor_risk,12,20000,6.569911389912401e-05,9.645027270532105e-05,3.7649919575718135e-05,True,-0.7925577255237617,-1.6899037563651897,-1.1851443054653525,12,adamw,True,True,True,-0.7925187348123022,-1.6897965838265463,-1.1850786063514533,12,sgd,True,20260815,True,True,True
C16-d16-L2-H4-m4-ffn32,descriptive,function_gate,embedding_coherence,12,20000,-0.0252723495165507,0.009790191302696845,-0.06636050976812839,True,0.15359054779012996,0.08223919135828814,0.11974402765432994,12,adamw,True,True,True,0.13731638230383383,0.049520066504677135,0.09447167813777924,12,sgd,False,20260815,True,True,False
C16-d16-L2-H4-m4-ffn32,descriptive,function_gate,embedding_effective_rank,12,20000,0.3277548948923747,0.6228052715460459,0.07225881516933448,True,-2.250810507933299,-2.767990713318189,-2.4940879344940186,12,adamw,True,True,True,-1.8948172618945442,-2.4324058145284653,-2.166333039601644,12,sgd,False,20260815,True,True,False
C16-d16-L2-H4-m4-ffn32,descriptive,function_and_donor_gate,ffn_branch_signed,12,20000,-4.214948906640833e-05,0.0002050776867387564,-0.00027336354688713984,False,0.0047601504130398075,-0.009805437429698333,-0.003037875206549264,12,adamw,True,False,False,0.0047072742014392975,-0.00992042665741716,-0.003080024695615672,12,sgd,False,20260815,True,False,False
C16-d16-L2-H4-m4-ffn32,increase,function_and_donor_gate,ffn_cancellation_fraction,12,20000,-0.11825159440437953,-0.07450632176672423,-0.15795513335615396,True,0.23987455726601173,0.1640429334715009,0.20133256167173386,12,adamw,True,True,True,0.11484219632111488,0.05077850228796403,0.08308096726735432,12,sgd,True,20260815,True,True,True
C16-d16-L2-H4-m4-ffn32,increase,function_and_donor_gate,ffn_opposition_rate,12,20000,-0.10465494791666667,-0.06640625,-0.14192911783854165,True,0.30127156575520814,0.1936014811197917,0.24715169270833334,12,adamw,True,True,True,0.18489583333333334,0.095947265625,0.14249674479166666,12,sgd,True,20260815,True,True,True
C16-d16-L2-H4-m4-ffn32,descriptive,function_and_donor_gate,ffn_skip_signed,12,20000,0.000716872738848906,0.001301557553839908,0.00012485977402623883,True,-0.0036967005344346704,-0.018032885248567252,-0.010686601643707641,12,adamw,True,True,True,-0.002847927882885422,-0.017387953901334182,-0.009969728904858735,12,sgd,False,20260815,True,True,False
C16-d16-L2-H4-m4-ffn32,descriptive,function_and_donor_gate,ffn_total_signed,12,20000,0.000674723232047351,0.0011238579169647281,0.00024353592753717144,False,0.00048704445553083653,-0.027136473940049647,-0.013724477318343512,12,adamw,True,False,False,0.0011655217949927,-0.026513312993264055,-0.013049754086296161,12,sgd,False,20260815,True,False,False
C16-d16-L2-H4-m4-ffn32,increase,all_scheduled,function_accuracy,12,20000,0.0,0.0,0.0,True,0.509765625,0.47021484375,0.4900716145833333,12,adamw,True,True,True,0.509765625,0.47021484375,0.4900716145833333,12,sgd,True,20260815,True,True,True
C16-d16-L2-H4-m4-ffn32,increase,function_gate,key_selectivity,12,20000,-0.08588684350252151,-0.048637211415916724,-0.12607360390635827,True,0.27556209815714583,0.21969453311370066,0.2457317031803541,12,adamw,True,True,True,0.17790335103006025,0.14254277797493461,0.15984485967783257,12,sgd,True,20260815,True,True,True
C16-d16-L2-H4-m4-ffn32,decrease,all_scheduled,natural_swap_mae,12,20000,0.001247672790971895,0.0019863198074745003,0.000531781090345855,True,-0.14448794685595204,-0.19768935336129895,-0.17096802161540836,12,adamw,True,True,True,-0.14304908373063277,-0.19661696719413158,-0.16972034882443646,12,sgd,True,20260815,True,True,True
C16-d16-L2-H4-m4-ffn32,decrease,all_scheduled,natural_swap_mse,12,20000,5.157900128930729e-05,8.192843573245529e-05,2.326654309854348e-05,True,-0.04682158019353817,-0.08326221285313598,-0.06421821459146788,12,adamw,True,True,True,-0.04677973177150915,-0.08321794102424368,-0.06416663559017859,12,sgd,True,20260815,True,True,True
C16-d16-L2-H4-m4-ffn32,decrease,function_and_donor_gate,ov_distractor_gain,12,20000,0.019113269324103992,0.057479447949056815,-0.015579994317765035,False,0.032195686649841564,-0.003999731565515197,0.013656618694464365,12,adamw,True,True,True,0.06667107404209673,0.004413670371286575,0.03276988801856836,12,sgd,False,20260815,True,False,False
C16-d16-L2-H4-m4-ffn32,increase,function_and_donor_gate,ov_log_target_over_distractor_gain,12,20000,-0.10218677984084934,-0.005427923148333038,-0.19100265394469412,True,0.526071442652998,0.38550670950256366,0.4566028251914152,12,adamw,True,True,True,0.45561753949829537,0.2565527353610378,0.35441604535056587,12,sgd,True,20260815,True,True,True
C16-d16-L2-H4-m4-ffn32,increase,function_and_donor_gate,ov_target_gain,12,20000,-0.006726127311897774,0.09296923398602908,-0.10230257380850767,True,0.542987227369061,0.385607213350401,0.45748261133364093,12,adamw,True,True,True,0.5188812973443417,0.3900123528631715,0.4507564840217431,12,sgd,True,20260815,True,True,True
C16-d16-L2-H4-m4-ffn32,increase,function_and_donor_gate,qk_cancellation_fraction,12,20000,-0.011061347322538495,-0.0024969933767958266,-0.019797142014916363,True,0.023579392151441406,0.006103932535431039,0.014587115962058306,12,adamw,True,False,False,0.011500427225837483,-0.003941182598161198,0.0035257686395198107,12,sgd,False,20260815,True,False,False
C16-d16-L2-H4-m4-ffn32,descriptive,function_and_donor_gate,qk_content_energy,12,20000,-1.067435034363129e-06,4.00191984593252e-06,-6.530389186032436e-06,True,-0.005140324288513441,-0.00998801191718561,-0.00740029456285396,12,adamw,True,True,True,-0.005136637058694338,-0.009990978485049127,-0.007401361997888323,12,sgd,False,20260815,True,True,False
C16-d16-L2-H4-m4-ffn32,descriptive,function_and_donor_gate,qk_content_signed,12,20000,1.916226195675108e-05,6.836903634172363e-05,-3.0444171740621553e-05,False,0.0009097082596283561,-0.0035514872268248487,-0.0013852481572508661,12,adamw,True,False,False,0.0009298850644990787,-0.003526768381967333,-0.001366085895294115,12,sgd,False,20260815,True,False,False
C16-d16-L2-H4-m4-ffn32,increase,function_and_donor_gate,qk_opposition_rate,12,20000,-0.01080322265625,-0.0028889973958333335,-0.018697611490885408,True,0.04180908203125,0.018371073404947924,0.029296875,12,adamw,True,True,True,0.026835123697916668,0.01116943359375,0.01849365234375,12,sgd,True,20260815,True,True,True
C16-d16-L2-H4-m4-ffn32,descriptive,function_and_donor_gate,qk_route_signed,12,20000,7.092845465687485e-05,0.0001261955972993907,1.491280211756894e-05,True,-0.0001888765792458004,-0.0013348969853423632,-0.0007980893754080398,12,adamw,True,True,True,-0.00014686466722319447,-0.0012514961292959962,-0.000727160920751165,12,sgd,False,20260815,True,True,False
C16-d16-L2-H4-m4-ffn32,increase,function_and_donor_gate,qk_suppression_log_ratio,12,20000,-0.034918773380923085,0.04677030334569273,-0.1239236680810184,True,-0.31192822543477344,-0.45003233533304104,-0.38324585273706663,12,adamw,True,True,True,-0.3421949649241773,-0.5001689492205817,-0.4181646261179897,12,sgd,False,20260815,True,True,False
C16-d16-L2-H4-m4-ffn32,descriptive,function_and_donor_gate,qk_total_signed,12,20000,9.009071747811959e-05,0.00016125558645730575,2.1228958077301756e-05,False,0.0006532359129669327,-0.004826507784945496,-0.002183337551836454,12,adamw,True,False,False,0.000728665617761234,-0.004712968721654794,-0.0020932468343583346,12,sgd,False,20260815,True,False,False
C16-d16-L2-H4-m4-ffn32,decrease,all_scheduled,risk,12,20000,6.780208847582496e-05,0.0001012320348157421,3.727746002368804e-05,True,-0.7947306523965079,-1.6918444206291343,-1.1873401601084577,12,adamw,True,True,True,-0.7946835380289183,-1.6917501195527316,-1.1872723580199818,12,sgd,True,20260815,True,True,True
C16-d16-L2-H4-m4-ffn32,increase,function_gate,target_key_effect,12,20000,0.012428576747576395,0.027533214539289474,-0.003468558192253113,True,1.0322350782856422,0.9216971686216615,0.9788785551597053,12,adamw,True,True,True,1.0396682391350622,0.938656197162345,0.9913071319072818,12,sgd,True,20260815,True,True,True
C16-d16-L2-H4-m4-ffn32,increase,function_gate,value_flip_effect,12,20000,0.0008415083090464274,0.0018272946278254192,-9.719704588254281e-05,True,1.018166824542762,0.9328815443829324,0.978416400651137,12,adamw,True,True,True,1.0189698524385071,0.9336437665702154,0.9792579089601835,12,sgd,True,20260815,True,True,True
C16-d16-L2-H4-m4-ffn32,decrease,function_gate,walsh_bias_energy,12,20000,1.995273123611696e-05,3.175697729602686e-05,8.75731958179434e-06,True,-0.5837520059831703,-2.3002198401481904,-1.3331109992106274,12,adamw,True,True,True,-0.5837310753195485,-2.300182094507685,-1.3330910464793913,12,sgd,True,20260815,True,True,True
C16-d16-L2-H4-m4-ffn32,decrease,function_gate,walsh_distractor_direct_energy,12,20000,3.159208055573496e-05,5.2738781694946113e-05,1.4674115461351297e-05,True,-0.03769978704560991,-0.08962936218420811,-0.05900127562495072,12,adamw,True,True,True,-0.03766587184767711,-0.08960898216551716,-0.05896968354439499,12,sgd,True,20260815,True,True,True
C16-d16-L2-H4-m4-ffn32,decrease,function_gate,walsh_interaction_energy,12,20000,2.8873960673081456e-05,4.949284701751817e-05,1.2561014500533929e-05,True,-0.007034709805888424,-0.029418933837769144,-0.01672899639455257,12,adamw,True,True,True,-0.006994365052113003,-0.029403778478740605,-0.01670012243387949,12,sgd,True,20260815,True,True,True
C16-d16-L2-H4-m4-ffn32,increase,function_gate,walsh_target_coefficient,12,20000,0.000838354229927063,0.0018314906706412618,-7.929901281992595e-05,True,1.0194086343341042,0.9334624625179762,0.9793185173378637,12,adamw,True,True,True,1.0203487610250401,0.934337471613738,0.9801568715677907,12,sgd,True,20260815,True,True,True
C16-d16-L2-H4-m4-ffn32,decrease,function_gate,walsh_target_error_energy,12,20000,4.9746191204273295e-05,7.002030304192886e-05,3.09835737046645e-05,True,-0.8925977129033376,-1.0518724623840776,-0.9753427212845054,12,adamw,True,True,True,-0.8925534555919816,-1.051824631923182,-0.9752929750933012,12,sgd,True,20260815,True,True,True
C16-d16-L2-H4-m4-ffn32,decrease,function_gate,walsh_total_error_energy,12,20000,0.00013016496632189956,0.0001868640421889722,7.859720405273645e-05,True,-1.6126084448968117,-3.3848196856016632,-2.384183999771267,12,adamw,True,True,True,-1.6125332875052971,-3.3846601611621128,-2.384053834804945,12,sgd,True,20260815,True,True,True
C16-d16-L2-H4-m4-ffnnone,decrease,function_gate,attention_mean_distractor_mass,12,20000,0.04630182260007132,0.05391474293173813,0.03952305301536398,True,-0.08592879989082576,-0.09773329338907691,-0.09171261927015924,12,adamw,True,True,True,-0.038776757252586926,-0.05217559102578283,-0.045410796670087926,12,sgd,True,20260815,True,True,True
C16-d16-L2-H4-m4-ffnnone,descriptive,function_gate,attention_self_mass,12,20000,-0.08974861462290089,-0.07134219996417718,-0.1044696529294015,True,0.11966898360115008,0.08234163159116482,0.10294571309350431,12,adamw,True,True,True,0.024406847587670172,0.0028352665729471497,0.013197098470603427,12,sgd,False,20260815,True,True,False
C16-d16-L2-H4-m4-ffnnone,increase,function_gate,attention_target_mass,12,20000,-0.04915684698304782,-0.028689094399063253,-0.070044514319549,True,0.18876762927296414,0.1555736412507637,0.17219213175121695,12,adamw,True,True,True,0.14154119784458694,0.10530831806633312,0.12303528476816912,12,sgd,True,20260815,True,True,True
C16-d16-L2-H4-m4-ffnnone,increase,function_gate,attention_target_over_distractor_log_margin,12,20000,-0.9254174137992474,-0.7441575819510038,-1.0969334440815146,True,2.142408684506518,1.6066199591645274,1.9097514963068534,12,adamw,True,True,True,1.1666945819063883,0.7911141823581905,0.984334082507606,12,sgd,True,20260815,True,True,True
C16-d16-L2-H4-m4-ffnnone,increase,all_scheduled,donor_accuracy,12,20000,0.0009765625,0.00244140625,0.0,True,0.5367838541666666,0.4671223958333333,0.5011393229166666,12,adamw,True,True,True,0.5379231770833334,0.4679361979166667,0.5021158854166666,12,sgd,True,20260815,True,True,True
C16-d16-L2-H4-m4-ffnnone,decrease,all_scheduled,donor_risk,12,20000,-0.0017925072970683686,1.9712956191142436e-05,-0.00444850135913839,True,-0.7038277491832109,-1.5908283924586915,-1.0795881369782971,12,adamw,True,True,True,-0.7037933387048728,-1.594759019474274,-1.0813806442753655,12,sgd,True,20260815,True,True,True
C16-d16-L2-H4-m4-ffnnone,descriptive,function_gate,embedding_coherence,12,20000,-0.05261280139287313,-0.013501237953702628,-0.08966184432307876,True,0.19874195270240302,0.12276013555626075,0.15769170224666595,12,adamw,True,True,True,0.15489080821474394,0.05882246879239881,0.10507890085379283,12,sgd,False,20260815,True,True,False
C16-d16-L2-H4-m4-ffnnone,descriptive,function_gate,embedding_effective_rank,12,20000,0.3229474623998006,0.5436696896950404,0.03369212945302336,True,-2.2377095351616543,-2.6608795315027236,-2.447778026262919,12,adamw,True,True,True,-1.8738632589578628,-2.3911447793245313,-2.1248305638631186,12,sgd,False,20260815,True,True,False
C16-d16-L2-H4-m4-ffnnone,increase,all_scheduled,function_accuracy,12,20000,0.0008138020833333334,0.0022786458333333335,0.0,True,0.5260416666666666,0.4576822916666667,0.4915364583333333,12,adamw,True,True,True,0.5271809895833334,0.4580078125,0.4923502604166667,12,sgd,True,20260815,True,True,True
C16-d16-L2-H4-m4-ffnnone,increase,function_gate,key_selectivity,12,20000,-0.0954586745550235,-0.06989551947141692,-0.1222303371410817,True,0.2839623359507338,0.24459742306838356,0.2639047548097248,12,adamw,True,True,True,0.19295706908936455,0.14501211651804624,0.16844608025470129,12,sgd,True,20260815,True,True,True
C16-d16-L2-H4-m4-ffnnone,decrease,all_scheduled,natural_swap_mae,12,20000,-0.0015790201723575592,8.880983514245561e-05,-0.003490100240257258,True,-0.15858086715452377,-0.22904347922691765,-0.19127865853564194,12,adamw,True,True,True,-0.1608311983223151,-0.23036705597672458,-0.1928576787079995,12,sgd,True,20260815,True,True,True
C16-d16-L2-H4-m4-ffnnone,decrease,all_scheduled,natural_swap_mse,12,20000,-0.0018782636737644982,1.2103287614687952e-05,-0.004573725257826785,True,-0.04928035355574139,-0.11864895145246615,-0.0793275418424552,12,adamw,True,True,True,-0.05202350211463152,-0.11987530776588452,-0.0812058055162197,12,sgd,True,20260815,True,True,True
C16-d16-L2-H4-m4-ffnnone,decrease,function_and_donor_gate,ov_distractor_gain,10,20000,-0.014471118152141572,0.005197688024491044,-0.029860225226730104,False,0.020511034876108142,-0.0013438142742961533,0.009551551938056946,12,adamw,False,False,False,0.0111825437285006,-0.01893367775715887,-0.004919566214084625,12,sgd,False,20260815,False,False,False
C16-d16-L2-H4-m4-ffnnone,increase,function_and_donor_gate,ov_log_target_over_distractor_gain,10,20000,-0.2509412070387043,-0.1301412156480367,-0.349320017779246,True,0.8261003120010718,0.6630431052262429,0.7496852876618505,12,adamw,True,True,True,0.567277319782879,0.42508335321501367,0.4987440806231461,12,sgd,True,20260815,True,True,True
C16-d16-L2-H4-m4-ffnnone,increase,function_and_donor_gate,ov_target_gain,10,20000,-0.2224182102829218,-0.09851727205328675,-0.33352823669556525,True,0.7695150776719674,0.6056014482770115,0.6905109500512481,12,adamw,True,True,True,0.5218956355936825,0.414230833388865,0.46809273976832627,12,sgd,True,20260815,True,True,True
C16-d16-L2-H4-m4-ffnnone,increase,function_and_donor_gate,qk_cancellation_fraction,10,20000,-0.01636900510638952,-0.010223878533579422,-0.02188930073287338,True,0.026123982267454264,0.011323781870305541,0.01874111369252205,12,adamw,True,False,False,0.010338908606208858,-0.005891952076926827,0.0023721085861325266,12,sgd,False,20260815,True,False,False
C16-d16-L2-H4-m4-ffnnone,descriptive,function_and_donor_gate,qk_content_energy,10,20000,-1.1704007205803891e-05,-3.1873799451198676e-06,-2.1963755921030608e-05,True,-0.005328544697405371,-0.010424177002855917,-0.00776811444804375,12,adamw,True,True,True,-0.005339638878872128,-0.010441170404016365,-0.007779818455249554,12,sgd,False,20260815,True,True,False
C16-d16-L2-H4-m4-ffnnone,descriptive,function_and_donor_gate,qk_content_signed,10,20000,4.467672144983226e-05,7.851553900223961e-05,1.2225778118590824e-05,False,0.0010775619003561584,-0.0022817421951526738,-0.0005011389879655326,12,adamw,True,False,False,0.001105188511714914,-0.002225281335277316,-0.00045646226651570033,12,sgd,False,20260815,True,False,False
C16-d16-L2-H4-m4-ffnnone,increase,function_and_donor_gate,qk_opposition_rate,10,20000,-0.01201171875,0.0003912353515624467,-0.02568359375,True,0.0378662109375,0.0185791015625,0.0287841796875,12,adamw,True,True,True,0.0302734375,0.00263671875,0.0167724609375,12,sgd,True,20260815,True,True,True
C16-d16-L2-H4-m4-ffnnone,descriptive,function_and_donor_gate,qk_route_signed,10,20000,-3.5772547153101184e-05,2.972060981178965e-05,-0.00011460067634885718,False,0.000678318254340126,-0.0005471097994423246,5.489587694569309e-05,12,adamw,True,False,False,0.0006521767741799066,-0.0006184115745843144,1.9123329792591903e-05,12,sgd,False,20260815,True,False,False
C16-d16-L2-H4-m4-ffnnone,increase,function_and_donor_gate,qk_suppression_log_ratio,10,20000,-0.015721403993666172,0.08675832458189689,-0.12955458723590701,True,-0.4101194257929456,-0.5576970992606949,-0.4824832318467088,12,adamw,True,True,True,-0.38332018780056387,-0.6037552954384592,-0.498204635840375,12,sgd,False,20260815,True,True,False
C16-d16-L2-H4-m4-ffnnone,descriptive,function_and_donor_gate,qk_total_signed,10,20000,8.904180549507146e-06,9.097315077042349e-05,-8.048275077442205e-05,False,0.0015909512705269402,-0.002685962271177686,-0.00044624306535752113,12,adamw,True,False,False,0.0015966619440632712,-0.0027102323865392463,-0.00043733888480801397,12,sgd,False,20260815,True,False,False
C16-d16-L2-H4-m4-ffnnone,decrease,all_scheduled,risk,12,20000,-0.0010175689230891294,1.4230188647464574e-05,-0.00248748432394071,True,-0.6949764409621367,-1.5839073150483045,-1.0721853420567033,12,adamw,True,True,True,-0.6949708834552744,-1.5864704740865816,-1.0732029109797925,12,sgd,True,20260815,True,True,True
C16-d16-L2-H4-m4-ffnnone,increase,function_gate,target_key_effect,12,20000,0.0021238625049591064,0.022023603071769073,-0.01607250707844893,True,1.075053117563948,0.9610369049555932,1.0159991350956261,12,adamw,True,True,True,1.088314439775422,0.953181561245583,1.0181229976005852,12,sgd,True,20260815,True,True,True
C16-d16-L2-H4-m4-ffnnone,increase,function_gate,value_flip_effect,12,20000,0.0007514407237370809,0.002528559044003486,-0.0006784671296675999,True,1.066164445124256,0.9294049196352716,0.9964798802975565,12,adamw,True,True,True,1.0672675094935886,0.9291790935172078,0.9972313210212936,12,sgd,True,20260815,True,True,True
C16-d16-L2-H4-m4-ffnnone,decrease,function_gate,walsh_bias_energy,12,20000,-0.0003150169630619833,-1.1755615851901289e-05,-0.0007832189830044928,True,-0.34454374566328183,-1.948980268658715,-1.0017021486084257,12,adamw,True,True,True,-0.34454767745919535,-1.9497628323698675,-1.0020171655714876,12,sgd,True,20260815,True,True,True
C16-d16-L2-H4-m4-ffnnone,decrease,function_gate,walsh_distractor_direct_energy,12,20000,-0.0004158261982259622,-4.843358332588349e-06,-0.0010988416313637117,True,-0.044928802206874285,-0.14308123025141034,-0.08872291157520824,12,adamw,True,True,True,-0.045483079039297575,-0.14339145805813966,-0.08913873777343422,12,sgd,True,20260815,True,True,True
C16-d16-L2-H4-m4-ffnnone,decrease,function_gate,walsh_interaction_energy,12,20000,-0.0006633053291504135,1.9883244628241898e-05,-0.0018182648152939387,True,-0.0030504510292379,-0.015905639431741746,-0.008293443754610053,12,adamw,True,True,True,-0.003953444345703853,-0.016330674262402072,-0.008956749083760466,12,sgd,True,20260815,True,True,True
C16-d16-L2-H4-m4-ffnnone,increase,function_gate,walsh_target_coefficient,12,20000,0.0010476956764856975,0.0028118421634038275,-0.00041473358869552606,True,1.0656723711756055,0.928492606501095,0.9958845777437091,12,adamw,True,True,True,1.0672520759787099,0.9287781637938072,0.9969322734201947,12,sgd,True,20260815,True,True,True
C16-d16-L2-H4-m4-ffnnone,decrease,function_gate,walsh_target_error_energy,12,20000,-0.0002833983317032107,3.206108112105234e-05,-0.000761634191955333,True,-0.883166699677319,-1.1624472981775549,-1.0184635490732035,12,adamw,True,True,True,-0.8834634759255933,-1.1627459889528986,-1.0187469474049067,12,sgd,True,20260815,True,True,True
C16-d16-L2-H4-m4-ffnnone,decrease,function_gate,walsh_total_error_energy,12,20000,-0.0016775468805766043,3.20540658321988e-05,-0.004506952502985466,True,-1.396021290467737,-3.078480375412558,-2.1171821068928693,12,adamw,True,True,True,-1.3959936664003487,-3.082465838859419,-2.118859653773446,12,sgd,True,20260815,True,True,True
C64-d16-L2-H1-m4-ffn32,decrease,function_gate,attention_mean_distractor_mass,12,20000,0.012852499664101439,0.019468822138636214,0.007318373535599676,True,-0.11295827561261834,-0.1457062025607835,-0.13184056912238398,12,adamw,True,True,True,-0.10110441324650311,-0.13355340938918137,-0.11898806945828255,12,sgd,True,20260815,True,True,True
C64-d16-L2-H1-m4-ffn32,descriptive,function_gate,attention_self_mass,12,20000,-0.002272861854483684,0.0294270150285835,-0.04475372533003489,False,0.07718201652945329,-0.07488444746316718,0.004573026672005653,12,adamw,True,False,False,0.06055094626499324,-0.06738803331584979,0.0023001648175219693,12,sgd,False,20260815,True,False,False
C64-d16-L2-H1-m4-ffn32,increase,function_gate,attention_target_mass,12,20000,-0.03628464396236571,-0.009753560394157566,-0.05736986373861631,True,0.42301630014553665,0.3541027523363785,0.3909486708386491,12,adamw,True,True,True,0.3757787627633661,0.3350136258105219,0.35466402687628334,12,sgd,True,20260815,True,True,True
C64-d16-L2-H1-m4-ffn32,increase,function_gate,attention_target_over_distractor_log_margin,12,20000,-1.5028812972207863,-1.1020612182406089,-2.0763593851588666,True,4.8698662042307355,3.9084028537540387,4.319523165157686,12,adamw,True,True,True,2.952769045908159,2.705269800514604,2.8166418679368994,12,sgd,True,20260815,True,True,True
C64-d16-L2-H1-m4-ffn32,increase,all_scheduled,donor_accuracy,12,20000,0.0,0.0,0.0,True,0.52880859375,0.4715169270833333,0.4978841145833333,12,adamw,True,True,True,0.52880859375,0.4715169270833333,0.4978841145833333,12,sgd,True,20260815,True,True,True
C64-d16-L2-H1-m4-ffn32,decrease,all_scheduled,donor_risk,12,20000,0.00010124448226633831,0.0002042626827612063,3.5112123782710114e-05,True,-0.7746931847704982,-1.1524367326294584,-0.9612273078499433,12,adamw,True,True,True,-0.7746041832669114,-1.1523557820233994,-0.9611260633676769,12,sgd,True,20260815,True,True,True
C64-d16-L2-H1-m4-ffn32,descriptive,function_gate,embedding_coherence,12,20000,-0.03349818785985311,-0.008960970242818202,-0.05843979467948278,True,0.09693356019755203,0.04267833592991034,0.07027029991149902,12,adamw,True,True,True,0.057841952393452294,0.016828709095716477,0.03677211205164591,12,sgd,False,20260815,True,True,False
C64-d16-L2-H1-m4-ffn32,descriptive,function_gate,embedding_effective_rank,12,20000,2.4935827255249023,2.6867867310841875,2.315588009357452,True,-3.624989414215088,-4.110254849990209,-3.8755156993865967,12,adamw,True,True,True,-1.2543578207492827,-1.5051125943660737,-1.3819329738616943,12,sgd,False,20260815,True,True,False
C64-d16-L2-H1-m4-ffn32,descriptive,function_and_donor_gate,ffn_branch_signed,12,20000,-5.497383782919011e-05,1.1070541008469492e-05,-0.00011801343763219543,False,0.009747316575593832,-0.0010986714519371308,0.004313387865446809,12,adamw,True,False,False,0.009675099718492671,-0.0011214556548433527,0.0042584140276176186,12,sgd,False,20260815,True,False,False
C64-d16-L2-H1-m4-ffn32,increase,function_and_donor_gate,ffn_cancellation_fraction,12,20000,-0.12284469387183587,-0.0831202907798191,-0.15914194625026234,True,0.1730176272181173,0.08186270759130518,0.1274919956922531,12,adamw,True,False,False,0.06143058484109733,-0.05191608019328365,0.004647301820417245,12,sgd,False,20260815,True,False,False
C64-d16-L2-H1-m4-ffn32,increase,function_and_donor_gate,ffn_opposition_rate,12,20000,-0.13875325520833334,-0.087158203125,-0.19132690429687496,True,0.2525227864583333,0.13264973958333334,0.19490559895833334,12,adamw,True,False,False,0.126953125,-0.015057373046874965,0.05615234375,12,sgd,False,20260815,True,False,False
C64-d16-L2-H1-m4-ffn32,descriptive,function_and_donor_gate,ffn_skip_signed,12,20000,0.0001948882553127381,0.0003577394513437562,4.07168773638963e-05,False,0.014409048950741021,-0.005267330026784595,0.0045439562818501145,12,adamw,True,False,False,0.01460504223997909,-0.005066179988618083,0.004738844537162852,12,sgd,False,20260815,True,False,False
C64-d16-L2-H1-m4-ffn32,descriptive,function_and_donor_gate,ffn_total_signed,12,20000,0.0001399143970957084,0.0003050366237630441,-3.6286060670439224e-05,False,0.023385634642628852,-0.005972406426928955,0.008857344241581208,12,adamw,True,False,False,0.023502263206542754,-0.005746618797100676,0.008997258638676916,12,sgd,False,20260815,True,False,False
C64-d16-L2-H1-m4-ffn32,increase,all_scheduled,function_accuracy,12,20000,0.0,0.0,0.0,True,0.5188802083333334,0.4676106770833333,0.4918619791666667,12,adamw,True,True,True,0.5188802083333334,0.4676106770833333,0.4918619791666667,12,sgd,True,20260815,True,True,True
C64-d16-L2-H1-m4-ffn32,increase,function_gate,key_selectivity,12,20000,-0.04913713534673055,-0.026740418064097573,-0.06820160411298275,True,0.5489440825304579,0.4935099179124033,0.5227892341790721,12,adamw,True,True,True,0.48942004477891404,0.45937274608998757,0.47365209883234155,12,sgd,True,20260815,True,True,True
C64-d16-L2-H1-m4-ffn32,decrease,all_scheduled,natural_swap_mae,12,20000,0.0005857032277466109,0.0012030340379472662,1.0626742490179335e-05,True,-0.1315855232947797,-0.23886244333164844,-0.18044990560156293,12,adamw,True,True,True,-0.1307820171146887,-0.23858685704908567,-0.1798642023738163,12,sgd,True,20260815,True,True,True
C64-d16-L2-H1-m4-ffn32,decrease,all_scheduled,natural_swap_mse,12,20000,0.0001169564144826533,0.00030345428569376046,1.671201890379355e-05,True,-0.04333995138514604,-0.15518030391889964,-0.08977470868952271,12,adamw,True,True,True,-0.04316082293778437,-0.15497787536474633,-0.08965775227504007,12,sgd,True,20260815,True,True,True
C64-d16-L2-H1-m4-ffn32,decrease,function_and_donor_gate,ov_distractor_gain,12,20000,0.01958288997411728,0.08717208914458746,-0.03908507221688826,True,0.12866133196900287,0.017935782484710217,0.06672063718239467,12,adamw,True,True,True,0.1929117495194077,0.0044587963571151214,0.08630352715651195,12,sgd,False,20260815,True,True,False
C64-d16-L2-H1-m4-ffn32,increase,function_and_donor_gate,ov_log_target_over_distractor_gain,12,20000,-0.1378021960457166,-0.07645246031849341,-0.20366802501957856,True,1.1075595683728654,0.8700802563340404,0.9896751700434834,12,adamw,True,True,True,0.9831739449795955,0.7291629638134813,0.8518729739977667,12,sgd,True,20260815,True,True,True
C64-d16-L2-H1-m4-ffn32,increase,function_and_donor_gate,ov_target_gain,12,20000,-0.20093209793170294,0.002799858525395024,-0.39665893148630854,True,2.1254151021440824,1.8168740240236123,1.9781858151157696,12,adamw,True,True,True,1.9771790604417518,1.5794476594155034,1.7772537171840668,12,sgd,True,20260815,True,True,True
C64-d16-L2-H1-m4-ffn32,increase,function_and_donor_gate,qk_cancellation_fraction,12,20000,0.011815987527370453,0.027434673129270466,-0.004181296533594528,False,0.00910577080212533,-0.007781281368806957,0.00034828856587409973,12,adamw,True,False,False,0.02449555729205409,-0.0009605377602080501,0.012164276093244553,12,sgd,False,20260815,True,False,False
C64-d16-L2-H1-m4-ffn32,descriptive,function_and_donor_gate,qk_content_energy,12,20000,-1.1111526626213693e-06,4.528750942774565e-06,-8.802626983609821e-06,True,-0.019892190894218294,-0.07682725842257951,-0.042829891093185544,12,adamw,True,True,True,-0.01988830351200998,-0.07682527092590175,-0.04283100224584816,12,sgd,False,20260815,True,True,False
C64-d16-L2-H1-m4-ffn32,descriptive,function_and_donor_gate,qk_content_signed,12,20000,-3.309479844422943e-05,3.824922224282542e-05,-0.00010340756786604288,False,0.015610544106127121,-0.00021273052603305073,0.007661912060674088,12,adamw,True,False,False,0.015578874555130061,-0.00022719247183431424,0.007628817262229859,12,sgd,False,20260815,True,False,False
C64-d16-L2-H1-m4-ffn32,increase,function_and_donor_gate,qk_opposition_rate,12,20000,0.008707682291666666,0.029949951171874822,-0.014243570963541632,True,0.032877604166666664,0.010498046875,0.021728515625,12,adamw,True,True,True,0.046630859375,0.012939453125,0.030436197916666668,12,sgd,True,20260815,True,True,True
C64-d16-L2-H1-m4-ffn32,descriptive,function_and_donor_gate,qk_route_signed,12,20000,8.850265423158514e-05,0.0002233543658424725,-5.103773166865721e-05,True,0.004315771845354744,0.00010347324018766834,0.002025591293204343,12,adamw,True,True,True,0.004391114831548744,0.00021513629811048925,0.002114093947435928,12,sgd,False,20260815,True,True,False
C64-d16-L2-H1-m4-ffn32,increase,function_and_donor_gate,qk_suppression_log_ratio,12,20000,0.06389699220502128,0.20455005609061686,-0.06424018430310145,True,-0.47582278058010485,-0.6889053951910076,-0.5815070617633561,12,adamw,True,True,True,-0.4252517593675294,-0.6063687949683906,-0.5176100695583349,12,sgd,False,20260815,True,True,False
C64-d16-L2-H1-m4-ffn32,descriptive,function_and_donor_gate,qk_total_signed,12,20000,5.5407871362452475e-05,0.00025196840336244954,-0.00014450736448452515,True,0.01880507568678998,0.0008462272110061059,0.009687503868008207,12,adamw,True,True,True,0.01883199251178666,0.0009935919631478432,0.00974291173937066,12,sgd,False,20260815,True,True,False
C64-d16-L2-H1-m4-ffn32,decrease,all_scheduled,risk,12,20000,4.986290726568162e-05,7.570954745309183e-05,3.0717899767296345e-05,True,-0.7700638193956973,-1.1421286638447024,-0.9541256499878727,12,adamw,True,True,True,-0.7700114990546203,-1.1420833864773006,-0.954075787080607,12,sgd,True,20260815,True,True,True
C64-d16-L2-H1-m4-ffn32,increase,function_gate,target_key_effect,12,20000,0.008252779642740885,0.027097375194231665,-0.01160106062889099,True,1.0384402112613313,0.9400319061862926,0.9839917325298302,12,adamw,True,True,True,1.047096378224766,0.9482149825048206,0.992244512172571,12,sgd,True,20260815,True,True,True
C64-d16-L2-H1-m4-ffn32,increase,function_gate,value_flip_effect,12,20000,-0.0006578167279561361,-0.00017322016259034527,-0.0011228109399477638,True,1.0442164672732663,0.9382927119149828,0.9878445046100145,12,adamw,True,True,True,1.0433836709766184,0.9378126468296007,0.9871866878820583,12,sgd,True,20260815,True,True,True
C64-d16-L2-H1-m4-ffn32,decrease,function_gate,walsh_bias_energy,12,20000,1.895284670657323e-05,3.901427546679769e-05,-3.4528844935266465e-06,True,-0.5273868790762587,-1.165929526394954,-0.8444401601836944,12,adamw,True,True,True,-0.5273745089269976,-1.1659070855621394,-0.8444212073369878,12,sgd,True,20260815,True,True,True
C64-d16-L2-H1-m4-ffn32,decrease,function_gate,walsh_distractor_direct_energy,12,20000,1.3471144446460434e-05,2.9387857249692678e-05,-7.083125192745321e-07,True,-0.035481241321886625,-0.10630338646029618,-0.06756131688844864,12,adamw,True,True,True,-0.03547305666604076,-0.10628713422015795,-0.06754784574400219,12,sgd,True,20260815,True,True,True
C64-d16-L2-H1-m4-ffn32,decrease,function_gate,walsh_interaction_energy,12,20000,1.2309463500059792e-05,2.6672914181820787e-05,-2.44773556611714e-06,True,-0.0054150402041557326,-0.019329124817581558,-0.011735038273703443,12,adamw,True,True,True,-0.005412576922932056,-0.019311779248319755,-0.011722728810203384,12,sgd,True,20260815,True,True,True
C64-d16-L2-H1-m4-ffn32,increase,function_gate,walsh_target_coefficient,12,20000,-0.0008131513992945353,-0.0002605314056078615,-0.0013532694429159164,True,1.0409867482832245,0.9373703134003639,0.9860915812120462,12,adamw,True,True,True,1.0398542078357422,0.9368153016548604,0.9852784298127517,12,sgd,True,20260815,True,True,True
C64-d16-L2-H1-m4-ffn32,decrease,function_gate,walsh_target_error_energy,12,20000,7.460506534092322e-05,0.00012138162765419706,4.615600621870423e-05,True,-0.8912752753168548,-1.1127953588114337,-0.9931350124529672,12,adamw,True,True,True,-0.891215297545917,-1.1126851186688025,-0.9930604073876262,12,sgd,True,20260815,True,True,True
C64-d16-L2-H1-m4-ffn32,decrease,function_gate,walsh_total_error_energy,12,20000,0.00011933851601497736,0.0002030237142510788,4.944945418780359e-05,True,-1.552170835981983,-2.285284860296921,-1.9168715771817613,12,adamw,True,True,True,-1.5521096192159058,-2.285111370825871,-1.9167522386657463,12,sgd,True,20260815,True,True,True
C64-d16-L2-H1-m4-ffnnone,decrease,function_gate,attention_mean_distractor_mass,11,20000,0.005743336884982206,0.015941041031725358,-0.004236000337087634,True,-0.13689957314424894,-0.16030408166063187,-0.1488631296352568,12,adamw,True,True,True,-0.13090002943698148,-0.15610304394398222,-0.1431197927502746,11,sgd,True,20260815,True,True,True
C64-d16-L2-H1-m4-ffnnone,descriptive,function_gate,attention_self_mass,11,20000,0.08400573530657725,0.1587381338023326,0.020056246872991325,False,0.060977460427040345,-0.04037765755995427,0.012933386828411709,12,adamw,True,True,True,0.1631363732401619,0.034905575181950234,0.09693912213498895,11,sgd,False,20260815,True,False,False
C64-d16-L2-H1-m4-ffnnone,increase,function_gate,attention_target_mass,11,20000,-0.10123574428937653,-0.0579993472349915,-0.1575722555629909,True,0.4787220987745307,0.391461346400055,0.43365599418228323,12,adamw,True,True,True,0.3615226227790117,0.30061167822304097,0.3324202498929067,11,sgd,True,20260815,True,True,True
C64-d16-L2-H1-m4-ffnnone,increase,function_gate,attention_target_over_distractor_log_margin,11,20000,-1.588969501582059,-1.2743326550857588,-1.949444070322947,True,5.088699698509563,4.534736048781567,4.779632701877166,12,adamw,True,True,True,3.372922245074402,3.0456540033348247,3.190663200295107,11,sgd,True,20260815,True,True,True
C64-d16-L2-H1-m4-ffnnone,increase,all_scheduled,donor_accuracy,12,20000,-0.02587890625,0.0,-0.07747395833333333,True,0.5126953125,0.42431640625,0.4679361979166667,12,adamw,True,True,True,0.5009765625,0.3762980143229167,0.4420572916666667,11,sgd,True,20260815,True,True,True
C64-d16-L2-H1-m4-ffnnone,decrease,all_scheduled,donor_risk,12,20000,0.031023240148897457,0.09299703596201804,-8.748751603585935e-05,True,-0.684335055747526,-1.327918167686198,-0.9777323051551624,12,adamw,True,True,True,-0.682954577710886,-1.243337141555806,-0.946709065006265,11,sgd,True,20260815,True,True,True
C64-d16-L2-H1-m4-ffnnone,descriptive,function_gate,embedding_coherence,11,20000,-0.07252919132059271,-0.046986208043315214,-0.09906167103485627,True,0.14396771138364614,0.06959915540435099,0.10571172020652077,12,adamw,True,True,True,0.05578747852282089,0.011505649442022502,0.03318252888592807,11,sgd,False,20260815,True,True,False
C64-d16-L2-H1-m4-ffnnone,descriptive,function_gate,embedding_effective_rank,11,20000,2.4483904405073686,2.8423345825888893,2.049013363231312,True,-3.6000832102515483,-4.589127779006958,-4.102163574912331,12,adamw,True,True,True,-1.2829486586830836,-2.126012943007729,-1.6537731344049627,11,sgd,False,20260815,True,True,False
C64-d16-L2-H1-m4-ffnnone,increase,all_scheduled,function_accuracy,12,20000,-0.02587890625,0.0003255208333333333,-0.07779947916666667,True,0.51806640625,0.4259440104166667,0.47216796875,12,adamw,True,True,True,0.5061848958333334,0.3790690104166667,0.4462890625,11,sgd,True,20260815,True,True,True
C64-d16-L2-H1-m4-ffnnone,increase,function_gate,key_selectivity,11,20000,-0.10697908022186974,-0.06718424091284929,-0.1591786828908053,True,0.6319489791745913,0.5376843329106288,0.5825191324322738,12,adamw,True,True,True,0.49686982236294586,0.45142518247964536,0.47554005221040413,11,sgd,True,20260815,True,True,True
C64-d16-L2-H1-m4-ffnnone,decrease,all_scheduled,natural_swap_mae,12,20000,0.000999392398322622,0.003970933032784762,-0.0010378931818801598,True,-0.12936022153492863,-0.23330087603098942,-0.17568666881804043,12,adamw,True,True,True,-0.1290744844057675,-0.23040730148932198,-0.17468727641971782,11,sgd,True,20260815,True,True,True
C64-d16-L2-H1-m4-ffnnone,decrease,all_scheduled,natural_swap_mse,12,20000,-0.0006515947842065847,0.00011322915103543582,-0.0018095419839748194,True,-0.0362885277126111,-0.1420070987165862,-0.081385378381583,12,adamw,True,True,True,-0.03623638641313774,-0.14338744278938975,-0.08203697316578958,11,sgd,True,20260815,True,True,True
C64-d16-L2-H1-m4-ffnnone,decrease,function_and_donor_gate,ov_distractor_gain,10,20000,-0.049310967326164246,0.0029347855597733757,-0.09625439047813415,True,0.0841133713722229,0.01092182993888855,0.04682114124298096,12,adamw,False,False,False,0.05509099051356312,-0.05666791535913944,-0.0024898260831832885,11,sgd,False,20260815,False,False,False
C64-d16-L2-H1-m4-ffnnone,increase,function_and_donor_gate,ov_log_target_over_distractor_gain,10,20000,-0.3555855551734567,-0.179950808803551,-0.5277057870989665,True,1.3313546274974941,1.0963154291734098,1.214653072319925,12,adamw,True,True,True,1.079605490863323,0.6409101755730808,0.8590675171464681,11,sgd,True,20260815,True,True,True
C64-d16-L2-H1-m4-ffnnone,increase,function_and_donor_gate,ov_target_gain,10,20000,-0.7633179277181625,-0.3918358340114355,-1.1475303811579942,True,2.890411368831992,2.312975012138486,2.602070054411888,12,adamw,True,True,True,1.9844285130500792,1.6841790471225977,1.8387521266937257,11,sgd,True,20260815,True,True,True
C64-d16-L2-H1-m4-ffnnone,increase,function_and_donor_gate,qk_cancellation_fraction,10,20000,-0.016143565624952318,-0.005425368994474411,-0.02602332795038819,True,0.048751363176852455,0.010777297168970112,0.03137802332639694,12,adamw,True,False,False,0.027767897043377156,-0.0005663031153380861,0.015234457701444626,11,sgd,False,20260815,True,False,False
C64-d16-L2-H1-m4-ffnnone,descriptive,function_and_donor_gate,qk_content_energy,10,20000,-8.428637029567198e-06,6.001834407243223e-07,-1.9020184737925662e-05,True,-0.01195215438780903,-0.032144674272844044,-0.01965944437992704,12,adamw,True,True,True,-0.011956948258193592,-0.03215459212833267,-0.019667873016956605,11,sgd,False,20260815,True,True,False
C64-d16-L2-H1-m4-ffnnone,descriptive,function_and_donor_gate,qk_content_signed,10,20000,-7.290767157428491e-05,2.7148134174694655e-05,-0.00016899468235010318,False,0.010984806528520035,-0.0021066171978463893,0.004367637610994279,12,adamw,True,False,False,0.010884646274354265,-0.0021980927642698575,0.004294729939419995,11,sgd,False,20260815,True,False,False
C64-d16-L2-H1-m4-ffnnone,increase,function_and_donor_gate,qk_opposition_rate,10,20000,0.00234375,0.01630859375,-0.01171875,True,0.05556640625,0.01201171875,0.0337890625,12,adamw,True,True,True,0.0515625,0.0208984375,0.0361328125,11,sgd,True,20260815,True,True,True
C64-d16-L2-H1-m4-ffnnone,descriptive,function_and_donor_gate,qk_route_signed,10,20000,-1.4223017933545634e-05,0.0001860072429838055,-0.00020563921027815012,False,0.00035445992534732644,-0.002883724798748517,-0.0013795276758173714,12,adamw,True,False,False,0.0003265293583365281,-0.0028722003422728903,-0.001393750693750917,11,sgd,False,20260815,True,False,False
C64-d16-L2-H1-m4-ffnnone,increase,function_and_donor_gate,qk_suppression_log_ratio,10,20000,-0.0966504767537117,0.1568323514424262,-0.316738014249131,True,-0.3733508712239566,-0.7860006537288428,-0.5561113070696593,12,adamw,True,True,True,-0.5397705742251129,-0.762027130778879,-0.6527617838233709,11,sgd,False,20260815,True,True,False
C64-d16-L2-H1-m4-ffnnone,descriptive,function_and_donor_gate,qk_total_signed,10,20000,-8.713067700227839e-05,0.00016648729879307212,-0.0003171772255268478,False,0.01074998475654864,-0.00425980006125428,0.0029881097178076745,12,adamw,True,False,False,0.010675993645456856,-0.004399547545028781,0.002900979040805396,11,sgd,False,20260815,True,False,False
C64-d16-L2-H1-m4-ffnnone,decrease,all_scheduled,risk,12,20000,0.030582416069592,0.09241016235981382,-0.0007741804076886183,True,-0.6853037832396393,-1.3284640291945833,-0.9788701534762367,12,adamw,True,True,True,-0.6840049584716025,-1.244477641526055,-0.9482877374066447,11,sgd,True,20260815,True,True,True
C64-d16-L2-H1-m4-ffnnone,increase,function_gate,target_key_effect,11,20000,-0.009684172543612394,0.00889953022653404,-0.029090166904709558,True,1.0220207708464426,0.9051446773450483,0.9587307792495597,12,adamw,True,True,True,1.0170718206770037,0.8871262124400925,0.9490466067059473,11,sgd,True,20260815,True,True,True
C64-d16-L2-H1-m4-ffnnone,increase,function_gate,value_flip_effect,11,20000,0.0004320523955605247,0.0017151241952722699,-0.000631355968388644,True,1.0307547882876613,0.8582693416625262,0.9448566518046639,12,adamw,True,True,True,1.0312385550615462,0.8589897295629436,0.9452887042002245,11,sgd,True,20260815,True,True,True
C64-d16-L2-H1-m4-ffnnone,decrease,function_gate,walsh_bias_energy,11,20000,-0.00011928849678290796,1.1330319925532831e-05,-0.0003435527730372004,True,-0.26317647317619075,-1.0935649558215654,-0.6506982534369441,12,adamw,True,True,True,-0.2631839903562074,-1.093993726410132,-0.650817541933727,11,sgd,True,20260815,True,True,True
C64-d16-L2-H1-m4-ffnnone,decrease,function_gate,walsh_distractor_direct_energy,11,20000,-6.376160267378013e-05,3.2457488301092355e-05,-0.00021386152465393852,True,-0.04692599647337998,-0.2377217714040295,-0.12655698934635107,12,adamw,True,True,True,-0.04697417082649161,-0.23779083723411532,-0.12662075094902486,11,sgd,True,20260815,True,True,True
C64-d16-L2-H1-m4-ffnnone,decrease,function_gate,walsh_interaction_energy,11,20000,-5.008931570542204e-05,4.7742664008348365e-05,-0.0001914002671045719,True,-0.0040850532614079135,-0.010075603573994322,-0.006931591595937128,12,adamw,True,True,True,-0.004110690445072994,-0.010140284551426825,-0.006981680911642549,11,sgd,True,20260815,True,True,True
C64-d16-L2-H1-m4-ffnnone,increase,function_gate,walsh_target_coefficient,11,20000,0.0004739382050254128,0.0014866734092885785,-0.0004566318609497762,True,1.0302592784124003,0.8589127097575163,0.9451273783025417,12,adamw,True,True,True,1.0306197328365996,0.8594111624512483,0.9456013165075671,11,sgd,True,20260815,True,True,True
C64-d16-L2-H1-m4-ffnnone,decrease,function_gate,walsh_target_error_energy,11,20000,-9.350027771275067e-05,5.4194757169832214e-05,-0.00035039169015362856,True,-0.7776103926278587,-1.0920571543067208,-0.9281640553166323,12,adamw,True,True,True,-0.7777356290217458,-1.0920007215683654,-0.928257555594345,11,sgd,True,20260815,True,True,True
C64-d16-L2-H1-m4-ffnnone,decrease,function_gate,walsh_total_error_energy,11,20000,-0.0003266397192915478,0.0001419656268725781,-0.0010960584505565665,True,-1.2916690013894623,-2.17649714137571,-1.7123508623130461,12,adamw,True,True,True,-1.2916884676596974,-2.177326108150373,-1.7126775020323377,11,sgd,True,20260815,True,True,True
C64-d16-L2-H4-m4-ffn32,decrease,function_gate,attention_mean_distractor_mass,12,20000,0.03797021238036299,0.0456194187481742,0.029815560296992772,True,-0.06547773821269706,-0.09183085916896137,-0.07988799654898078,12,adamw,True,True,True,-0.02844297274859855,-0.05339309246555785,-0.0419177841686178,12,sgd,True,20260815,True,True,True
C64-d16-L2-H4-m4-ffn32,descriptive,function_gate,attention_self_mass,12,20000,-0.033074068021960557,-0.015659649426622006,-0.04768210384936537,False,0.0647366245044395,-0.00804652956236774,0.0318683166988194,12,adamw,False,False,False,0.031150757511689636,-0.04368327700067311,-0.0012057513231411576,12,sgd,False,20260815,False,False,False
C64-d16-L2-H4-m4-ffn32,increase,function_gate,attention_target_mass,12,20000,-0.08083655801601708,-0.06008747355081143,-0.10138050056799935,True,0.2246650311649622,0.19102444172021932,0.20779566435764232,12,adamw,True,True,True,0.14237842518292987,0.11058818601110641,0.12695910634162524,12,sgd,True,20260815,True,True,True
C64-d16-L2-H4-m4-ffn32,increase,function_gate,attention_target_over_distractor_log_margin,12,20000,-0.9544358467683196,-0.7651007111126095,-1.1325565191257434,True,2.354639267783932,1.9140696646170303,2.143774313192504,12,adamw,True,True,True,1.3492937016383313,1.0268398981131517,1.1893384664241846,12,sgd,True,20260815,True,True,True
C64-d16-L2-H4-m4-ffn32,increase,all_scheduled,donor_accuracy,12,20000,0.0003255208333333333,0.0011393229166666667,-0.00048828125,True,0.53173828125,0.4806315104166667,0.5045572916666666,12,adamw,True,True,True,0.5322265625,0.4807942708333333,0.5048828125,12,sgd,True,20260815,True,True,True
C64-d16-L2-H4-m4-ffn32,decrease,all_scheduled,donor_risk,12,20000,-0.0007573040365969064,0.0005476640357604382,-0.002056915267985459,True,-0.7773145587364071,-1.1080430950371918,-0.9424580663683931,12,adamw,True,True,True,-0.7784041753205809,-1.109035435655763,-0.94321537040499,12,sgd,True,20260815,True,True,True
C64-d16-L2-H4-m4-ffn32,descriptive,function_gate,embedding_coherence,12,20000,-0.05354142189025879,-0.027106047794222862,-0.07757232226431368,True,0.13625557447473205,0.07913311248024305,0.10722263157367706,12,adamw,True,True,True,0.07476896407703558,0.030923915033539143,0.053681209683418274,12,sgd,False,20260815,True,True,False
C64-d16-L2-H4-m4-ffn32,descriptive,function_gate,embedding_effective_rank,12,20000,2.608212192853292,2.9946305453777304,2.145506230990092,True,-5.08964525560538,-5.898102054993312,-5.50205131371816,12,adamw,True,True,True,-2.536721116304398,-3.226817786693573,-2.893839120864868,12,sgd,False,20260815,True,True,False
C64-d16-L2-H4-m4-ffn32,descriptive,function_and_donor_gate,ffn_branch_signed,6,20000,-3.086566963853935e-05,0.0009774731843208428,-0.0010462227874086238,False,0.005871881404649078,-0.005275732126998871,-2.1843599824933335e-05,12,adamw,True,False,False,0.006362037035917941,-0.005647608963045059,-5.270926946347269e-05,12,sgd,False,20260815,True,False,False
C64-d16-L2-H4-m4-ffn32,increase,function_and_donor_gate,ffn_cancellation_fraction,6,20000,-0.15519081056118011,-0.09974736720323563,-0.2045333832502365,True,0.23418463518222174,0.1106572759648164,0.1687030034760634,12,adamw,True,False,False,0.06066706900795301,-0.04021396736303965,0.013512192914883295,12,sgd,False,20260815,True,False,False
C64-d16-L2-H4-m4-ffn32,increase,function_and_donor_gate,ffn_opposition_rate,6,20000,-0.15152994791666666,-0.08968098958333333,-0.19612630208333334,True,0.27197265625,0.14518229166666666,0.20947265625,12,adamw,True,False,False,0.1337890625,-0.015950520833333332,0.057942708333333336,12,sgd,False,20260815,True,False,False
C64-d16-L2-H4-m4-ffn32,descriptive,function_and_donor_gate,ffn_skip_signed,6,20000,0.0004972451327679058,0.000970619522073927,0.0001051615448280548,False,0.0057023424888029695,-0.015064540707195798,-0.004356645605488059,12,adamw,True,False,False,0.00593417680162626,-0.014093921185121872,-0.0038594004727201536,12,sgd,False,20260815,True,False,False
C64-d16-L2-H4-m4-ffn32,descriptive,function_and_donor_gate,ffn_total_signed,6,20000,0.0004663795334636234,0.0015949472241724532,-0.0007674916996620595,False,0.010689085136012485,-0.01944606357816762,-0.004378489221077568,12,adamw,True,False,False,0.011369185832639536,-0.01884228289903452,-0.0039121096876139445,12,sgd,False,20260815,True,False,False
C64-d16-L2-H4-m4-ffn32,increase,all_scheduled,function_accuracy,12,20000,0.0011393229166666667,0.001953125,0.0003255208333333333,True,0.5201822916666666,0.4749348958333333,0.49658203125,12,adamw,True,True,True,0.521484375,0.4759114583333333,0.4977213541666667,12,sgd,True,20260815,True,True,True
C64-d16-L2-H4-m4-ffn32,increase,function_gate,key_selectivity,12,20000,-0.11880677131315072,-0.09171783346682796,-0.1459363889414817,True,0.3125183127223863,0.2619352791882799,0.28768366401588236,12,adamw,True,True,True,0.18910434433540407,0.14529944230865416,0.16887689270273162,12,sgd,True,20260815,True,True,True
C64-d16-L2-H4-m4-ffn32,decrease,all_scheduled,natural_swap_mae,12,20000,0.0018417130534847577,0.00327034861159821,0.00042118914619398653,True,-0.1375830127197939,-0.2455947765886473,-0.1865449393323312,12,adamw,True,True,True,-0.1355225797664995,-0.24387284546974117,-0.18470322627884647,12,sgd,True,20260815,True,True,True
C64-d16-L2-H4-m4-ffn32,decrease,all_scheduled,natural_swap_mse,12,20000,-0.00018587923235221146,0.001790947979225165,-0.002095623360188861,True,-0.045547954852372646,-0.15088264067790078,-0.08963737685917295,12,adamw,True,True,True,-0.04645643944186304,-0.15034583755853714,-0.08982325609152515,12,sgd,True,20260815,True,True,True
C64-d16-L2-H4-m4-ffn32,decrease,function_and_donor_gate,ov_distractor_gain,6,20000,-0.00793373833100001,0.018499616533517838,-0.03186683605114619,False,0.027684858068823814,-0.015085325886805853,0.0061583636949459715,12,adamw,False,False,False,0.01431251255174478,-0.019100119049350422,-0.001775374636054039,12,sgd,False,20260815,False,False,False
C64-d16-L2-H4-m4-ffn32,increase,function_and_donor_gate,ov_log_target_over_distractor_gain,6,20000,-0.1936826541981039,-0.014526578287283579,-0.3364931945494997,True,0.7100119750830345,0.5567391808726825,0.6369688835887549,12,adamw,True,False,True,0.6324886278404543,0.3019819457268267,0.443286229390651,12,sgd,False,20260815,True,False,False
C64-d16-L2-H4-m4-ffn32,increase,function_and_donor_gate,ov_target_gain,6,20000,-0.09512525517493486,0.03716459466765324,-0.2166346392283837,True,0.6182688710590204,0.49698008845249814,0.566748800377051,12,adamw,True,False,True,0.6028966555992762,0.35984696603069705,0.4716235452021162,12,sgd,False,20260815,True,False,False
C64-d16-L2-H4-m4-ffn32,increase,function_and_donor_gate,qk_cancellation_fraction,6,20000,-0.005896722587446372,0.002188244524101416,-0.013026427788039049,True,0.018908142112195492,0.0025142316396037736,0.010868157570560774,12,adamw,True,False,False,0.011052021446327368,-0.0016535104562838872,0.004971434983114402,12,sgd,False,20260815,True,False,False
C64-d16-L2-H4-m4-ffn32,descriptive,function_and_donor_gate,qk_content_energy,6,20000,-0.00021822148134612954,0.00014787913328954497,-0.0007713557750198182,True,-0.004559275143816895,-0.009978138588669102,-0.007039754859440232,12,adamw,True,False,True,-0.004973015291289092,-0.01004444037882024,-0.007257976340786361,12,sgd,False,20260815,True,False,False
C64-d16-L2-H4-m4-ffn32,descriptive,function_and_donor_gate,qk_content_signed,6,20000,-0.00014581808416854378,3.606118415670304e-05,-0.00034818256593401503,False,0.002501399130437676,-0.001281282634749914,0.0005226475032789798,12,adamw,True,False,False,0.002292216068402316,-0.0013218840456753849,0.000376829419110436,12,sgd,False,20260815,True,False,False
C64-d16-L2-H4-m4-ffn32,increase,function_and_donor_gate,qk_opposition_rate,6,20000,-0.014933268229166666,-0.005533854166666667,-0.023966471354166668,False,0.024658203125,-0.0002848307291666667,0.0128173828125,12,adamw,False,False,False,0.01171875,-0.015421549479166666,-0.0021158854166666665,12,sgd,False,20260815,False,False,False
C64-d16-L2-H4-m4-ffn32,descriptive,function_and_donor_gate,qk_route_signed,6,20000,0.0006062500896698945,0.0009344513405409316,0.00029011436854394407,False,0.0010608264481864655,-0.0008269277493108499,9.479704649587954e-05,12,adamw,True,False,False,0.0017738383824053017,-0.0002818715659032023,0.0007010471361657741,12,sgd,False,20260815,True,False,False
C64-d16-L2-H4-m4-ffn32,increase,function_and_donor_gate,qk_suppression_log_ratio,6,20000,0.006322895991615951,0.1377659394250562,-0.11806270014494658,True,-0.31331557462302345,-0.4693988578704496,-0.39502544545878965,12,adamw,True,False,True,-0.2698881297061841,-0.546882466878742,-0.3887025494671737,12,sgd,False,20260815,True,False,False
C64-d16-L2-H4-m4-ffn32,descriptive,function_and_donor_gate,qk_total_signed,6,20000,0.0004604319793391672,0.0007313642993267422,0.0002235830612183539,False,0.0025991089757250543,-0.001323359492441038,0.0006174446981124978,12,adamw,True,False,False,0.003275735544927253,-0.0010415467484108376,0.001077876677451665,12,sgd,False,20260815,True,False,False
C64-d16-L2-H4-m4-ffn32,decrease,all_scheduled,risk,12,20000,-0.0010211970681363407,-0.00017310739534271715,-0.0020171498889794744,True,-0.7719694395748776,-1.097655992533661,-0.9348948604626154,12,adamw,True,True,True,-0.7729091057886157,-1.0986758991857035,-0.9359160575307518,12,sgd,True,20260815,True,True,True
C64-d16-L2-H4-m4-ffn32,increase,function_gate,target_key_effect,12,20000,-0.0005721251169840494,0.020235315213600745,-0.021243077889084815,True,1.0249122412720075,0.9426259150553961,0.9821100595872849,12,adamw,True,True,True,1.0200772376711633,0.946451037262644,0.9815379344703009,12,sgd,True,20260815,True,True,True
C64-d16-L2-H4-m4-ffn32,increase,function_gate,value_flip_effect,12,20000,0.00031427045663197833,0.0040623192985852555,-0.0031592165430386863,True,1.0364910842673756,0.9342827805858785,0.9826596761025334,12,adamw,True,True,True,1.037903149160411,0.9338907713225733,0.9829739465591653,12,sgd,True,20260815,True,True,True
C64-d16-L2-H4-m4-ffn32,decrease,function_gate,walsh_bias_energy,12,20000,-2.0330736636727426e-05,0.0002866957620123381,-0.00033812397878136836,True,-0.5073655794347969,-1.0806224720558022,-0.7930970130425218,12,adamw,True,True,True,-0.5073021599942281,-1.0809109557674066,-0.7931173437791585,12,sgd,True,20260815,True,True,True
C64-d16-L2-H4-m4-ffn32,decrease,function_gate,walsh_distractor_direct_energy,12,20000,-0.0003026332042281865,6.74482103780363e-05,-0.0006872523323484832,True,-0.03813151428839017,-0.09689909966557479,-0.06508320393519777,12,adamw,True,True,True,-0.038444082338628505,-0.09732823760850806,-0.06538583713942596,12,sgd,True,20260815,True,True,True
C64-d16-L2-H4-m4-ffn32,decrease,function_gate,walsh_interaction_energy,12,20000,-0.00026962217392186477,0.00014674133385596982,-0.0007347399433759468,True,-0.005312658740755676,-0.01430955169318319,-0.009571957956723054,12,adamw,True,True,True,-0.005483089974222822,-0.014753333912995003,-0.00984158013064492,12,sgd,True,20260815,True,True,True
C64-d16-L2-H4-m4-ffn32,increase,function_gate,walsh_target_coefficient,12,20000,-0.0006489952405293783,0.0024218685925006824,-0.0036176347484191255,True,1.0356941924309164,0.934965813414116,0.9826976809708867,12,adamw,True,True,True,1.0359550682206946,0.9335707400612592,0.9820486857303573,12,sgd,True,20260815,True,True,True
C64-d16-L2-H4-m4-ffn32,decrease,function_gate,walsh_target_error_energy,12,20000,-0.00015445835864132582,0.00019131161073649542,-0.0005078713020945239,True,-0.888013993665906,-1.1050480454098761,-0.9894525680198664,12,adamw,True,True,True,-0.8880120187910506,-1.1053051167402372,-0.9896070263785077,12,sgd,True,20260815,True,True,True
C64-d16-L2-H4-m4-ffn32,decrease,function_gate,walsh_total_error_energy,12,20000,-0.0007470443645919053,0.0006015032483749857,-0.0021484578806242396,True,-1.5393256346042719,-2.172655807705208,-1.8572047571942676,12,adamw,True,True,True,-1.5392189009896662,-2.173876278223906,-1.8579518015588594,12,sgd,True,20260815,True,True,True
C64-d16-L2-H4-m4-ffnnone,decrease,function_gate,attention_mean_distractor_mass,12,20000,0.044048595164592065,0.053552951627352706,0.034878766975937954,True,-0.08107207261443061,-0.10156429642690151,-0.0915176199535684,12,adamw,True,True,True,-0.03949434346650379,-0.05517524235401652,-0.047469024788976334,12,sgd,True,20260815,True,True,True
C64-d16-L2-H4-m4-ffnnone,descriptive,function_gate,attention_self_mass,12,20000,-0.0543441329888689,-0.029909903969382867,-0.07774119965421657,True,0.07980823810115298,0.020664469499024576,0.04943279506793866,12,adamw,False,False,False,0.02043851634953171,-0.032730492141369416,-0.004911337920930237,12,sgd,False,20260815,False,False,False
C64-d16-L2-H4-m4-ffnnone,increase,function_gate,attention_target_mass,12,20000,-0.0778016477318791,-0.05554581626978083,-0.09877958073629997,True,0.24513003607474576,0.20505828307941557,0.22512005812798938,12,adamw,True,True,True,0.16528024995689822,0.12750122285845766,0.14731841039611027,12,sgd,True,20260815,True,True,True
C64-d16-L2-H4-m4-ffnnone,increase,function_gate,attention_target_over_distractor_log_margin,12,20000,-1.4406430373395172,-1.0639711471162936,-1.8162881298107094,True,2.9193637923523053,2.3029766053320295,2.632164035899526,12,adamw,True,True,True,1.3683505021849363,0.9822613329233718,1.1915209985600086,12,sgd,True,20260815,True,True,True
C64-d16-L2-H4-m4-ffnnone,increase,all_scheduled,donor_accuracy,12,20000,0.0009765625,0.00244140625,0.0,True,0.4969075520833333,0.4012003580729167,0.4501953125,12,adamw,True,True,True,0.4972330729166667,0.4031575520833333,0.451171875,12,sgd,True,20260815,True,True,True
C64-d16-L2-H4-m4-ffnnone,decrease,all_scheduled,donor_risk,12,20000,-0.0013587163800063233,2.2684056724149956e-05,-0.003255166581766389,True,-0.6862934226694053,-1.241066085163311,-0.9526861165613809,12,adamw,True,True,True,-0.6877635694575778,-1.2420091398798225,-0.9540448329413872,12,sgd,True,20260815,True,True,True
C64-d16-L2-H4-m4-ffnnone,descriptive,function_gate,embedding_coherence,12,20000,-0.09504676858584087,-0.06538654938340191,-0.122426933546861,True,0.17926731904347737,0.10616086932520072,0.142070472240448,12,adamw,True,True,True,0.06958743793268996,0.02503555826842785,0.04702370365460714,12,sgd,False,20260815,True,True,False
C64-d16-L2-H4-m4-ffnnone,descriptive,function_gate,embedding_effective_rank,12,20000,3.268310864766439,3.540052090088526,2.9872357765833537,True,-5.6661386330922445,-6.650582034389179,-6.141725063323975,12,adamw,True,True,True,-2.4520291646321617,-3.324659552176793,-2.8734141985575357,12,sgd,False,20260815,True,True,False
C64-d16-L2-H4-m4-ffnnone,increase,all_scheduled,function_accuracy,12,20000,0.0011393229166666667,0.0026041666666666665,0.0,True,0.501953125,0.40185546875,0.453125,12,adamw,True,True,True,0.50244140625,0.40380859375,0.4542643229166667,12,sgd,True,20260815,True,True,True
C64-d16-L2-H4-m4-ffnnone,increase,function_gate,key_selectivity,12,20000,-0.12185023973385493,-0.09399425300459067,-0.14989006832862892,True,0.341969144566004,0.2905998350926287,0.31663767574355006,12,adamw,True,True,True,0.21588885025945878,0.17179977330864252,0.19478743600969514,12,sgd,True,20260815,True,True,True
C64-d16-L2-H4-m4-ffnnone,decrease,all_scheduled,natural_swap_mae,12,20000,-0.0005991623814528187,0.001448674931695369,-0.002920240387902595,True,-0.1314053610782139,-0.23101727888764192,-0.17497660014002273,12,adamw,True,True,True,-0.13073766092032507,-0.23252735587205578,-0.17557576252147555,12,sgd,True,20260815,True,True,True
C64-d16-L2-H4-m4-ffnnone,decrease,all_scheduled,natural_swap_mse,12,20000,-0.0014817247062334598,-0.0001422493009007069,-0.0029366636417762493,True,-0.03531302028838282,-0.13698765596903587,-0.07835906732968094,12,adamw,True,True,True,-0.0365548025528066,-0.13825263757667014,-0.07984079203591439,12,sgd,True,20260815,True,True,True
C64-d16-L2-H4-m4-ffnnone,decrease,function_and_donor_gate,ov_distractor_gain,6,20000,0.08168513017396133,0.22947290229300657,-0.02088170809050401,False,0.03902454674243927,-0.017809017250935238,0.012220572680234909,12,adamw,True,False,False,0.2584167743722598,-0.007918112600843111,0.09390570285419624,12,sgd,False,20260815,True,False,False
C64-d16-L2-H4-m4-ffnnone,increase,function_and_donor_gate,ov_log_target_over_distractor_gain,6,20000,-0.36532789621075307,-0.16430542534776335,-0.561734339610363,True,0.9671295716349656,0.6108079978342479,0.8048844566607537,12,adamw,True,False,True,0.5182559669192415,0.3698099062021356,0.4395565604500007,12,sgd,False,20260815,True,False,False
C64-d16-L2-H4-m4-ffnnone,increase,function_and_donor_gate,ov_target_gain,6,20000,-0.02008082251995802,0.460677048501869,-0.34347860297809046,True,0.8959019451091687,0.6304595842957497,0.7757988097146153,12,adamw,True,False,True,1.1075795013457537,0.5031419452279806,0.7557179871946573,12,sgd,False,20260815,True,False,False
C64-d16-L2-H4-m4-ffnnone,increase,function_and_donor_gate,qk_cancellation_fraction,6,20000,-0.023127284832298756,-0.012120104084412256,-0.03484731633216143,True,0.036239756271243095,0.010111489643653234,0.0225864602252841,12,adamw,False,False,False,0.0056113942215840025,-0.00726454642911752,-0.0005408246070146561,12,sgd,False,20260815,False,False,False
C64-d16-L2-H4-m4-ffnnone,descriptive,function_and_donor_gate,qk_content_energy,6,20000,-1.9824273119676643e-05,4.904453225170376e-06,-5.850220930388635e-05,True,-0.00395371548292663,-0.022112245833658523,-0.01175878180612718,12,adamw,True,False,True,-0.003949177453866544,-0.022170748042962412,-0.011778606079246856,12,sgd,False,20260815,True,False,False
C64-d16-L2-H4-m4-ffnnone,descriptive,function_and_donor_gate,qk_content_signed,6,20000,-5.41298124782467e-05,5.18457735741625e-05,-0.00014358348297112875,False,0.00038701156590074487,-0.007094946706653597,-0.002854367282338899,12,adamw,True,False,False,0.0003316697982564639,-0.0071597097965157746,-0.0029084970948171454,12,sgd,False,20260815,True,False,False
C64-d16-L2-H4-m4-ffnnone,increase,function_and_donor_gate,qk_opposition_rate,6,20000,-0.0185546875,-0.0120849609375,-0.025309244791666668,True,0.040242513020833336,0.017781575520833332,0.028076171875,12,adamw,True,False,False,0.0269775390625,-0.0048828125,0.009521484375,12,sgd,False,20260815,True,False,False
C64-d16-L2-H4-m4-ffnnone,descriptive,function_and_donor_gate,qk_route_signed,6,20000,-0.00016127488933648237,1.0046311435492802e-05,-0.000351914990668926,False,0.00012149064612761624,-0.002087405189323969,-0.000921478192556909,12,adamw,True,False,False,6.2027582335607194e-06,-0.0023412780850738577,-0.0010827530818933913,12,sgd,False,20260815,True,False,False
C64-d16-L2-H4-m4-ffnnone,increase,function_and_donor_gate,qk_suppression_log_ratio,6,20000,-0.03972558679136758,0.07906833801340933,-0.15767656326837218,True,-0.19547013901562119,-0.46482904934479546,-0.3391138970425042,12,adamw,True,False,True,-0.2192185561483105,-0.5469283716908345,-0.3788394838338718,12,sgd,False,20260815,True,False,False
C64-d16-L2-H4-m4-ffnnone,descriptive,function_and_donor_gate,qk_total_signed,6,20000,-0.00021540470747064924,-0.00011296075460146919,-0.0003254028179829523,False,0.00014720925022023343,-0.008356400690293716,-0.003775845491873042,12,adamw,True,False,True,-9.264624289547403e-05,-0.008625617820598563,-0.003991250199343692,12,sgd,False,20260815,True,False,False
C64-d16-L2-H4-m4-ffnnone,decrease,all_scheduled,risk,12,20000,-0.0016172862306120805,1.6219969135503385e-06,-0.0036112238548109098,True,-0.6894529586463252,-1.2366822286512311,-0.9530415792748196,12,adamw,True,True,True,-0.6918690046767559,-1.2372643414350628,-0.9546588655054317,12,sgd,True,20260815,True,True,True
C64-d16-L2-H4-m4-ffnnone,increase,function_gate,target_key_effect,12,20000,0.0036476850509643555,0.021554818873604133,-0.014121825248003005,True,0.9958162140295217,0.877580179165428,0.9332699643758436,12,adamw,True,True,True,1.0021340019574076,0.8801057817686039,0.936917649426808,12,sgd,True,20260815,True,True,True
C64-d16-L2-H4-m4-ffnnone,increase,function_gate,value_flip_effect,12,20000,0.00040561457475026447,0.005461369703213367,-0.004275300229589142,True,1.0247123333935937,0.8605119584361091,0.9450129779676596,12,adamw,True,True,True,1.0241237374177823,0.8630249984251956,0.9454185925424099,12,sgd,True,20260815,True,True,True
C64-d16-L2-H4-m4-ffnnone,decrease,function_gate,walsh_bias_energy,12,20000,-0.0002527038165377841,0.00016250211513882564,-0.0006690274202962124,True,-0.407504985684985,-1.3548020204311493,-0.8570161312673008,12,adamw,True,True,True,-0.4078191287114663,-1.3551994077718215,-0.8572688350838386,12,sgd,True,20260815,True,True,True
C64-d16-L2-H4-m4-ffnnone,decrease,function_gate,walsh_distractor_direct_energy,12,20000,-0.0004647479736377136,0.00029729831939372705,-0.0014746329468531862,True,-0.05368532467033071,-0.2442255446198639,-0.13119827143873408,12,adamw,True,True,True,-0.05394749046946952,-0.245547274982088,-0.1316630194123718,12,sgd,True,20260815,True,True,True
C64-d16-L2-H4-m4-ffnnone,decrease,function_gate,walsh_interaction_energy,12,20000,0.00015244026341558006,0.0008217973724147967,-0.00047497728443962215,True,-0.00499522058639741,-0.015855381849223703,-0.009764096729365216,12,adamw,True,True,True,-0.004836959785207769,-0.0157429206361068,-0.009611656465949636,12,sgd,True,20260815,True,True,True
C64-d16-L2-H4-m4-ffnnone,increase,function_gate,walsh_target_coefficient,12,20000,3.144641717274984e-05,0.005084253350893634,-0.004520608733097712,True,1.025960281305015,0.8629755903365246,0.9470747098481903,12,adamw,True,True,True,1.025194527299997,0.8652402496586243,0.9471061562653631,12,sgd,True,20260815,True,True,True
C64-d16-L2-H4-m4-ffnnone,decrease,function_gate,walsh_target_error_energy,12,20000,-0.0005148314709610228,0.00026047558050474104,-0.0016086902033445464,True,-0.795551682316121,-1.0919950721370089,-0.9412488877236077,12,adamw,True,True,True,-0.7967604248385821,-1.0920496590702895,-0.9417637191945687,12,sgd,True,20260815,True,True,True
C64-d16-L2-H4-m4-ffnnone,decrease,function_gate,walsh_total_error_energy,12,20000,-0.0010798428217337157,0.0013913988650529057,-0.0039731819417283985,True,-1.416914155651224,-2.5034579514980577,-1.9392274207930313,12,adamw,True,True,True,-1.4180938480923948,-2.504318491771604,-1.9403072636147651,12,sgd,True,20260815,True,True,True
