revision,revision_index,template_id,template_index,slot,target_effect_when_queried,distractor_effect_when_not_queried,slot_contrast,target_effect_q10,target_effect_q90,distractor_effect_q10,distractor_effect_q90,n_target_episodes,n_distractor_episodes,independent_pretraining_trajectories
step0,0,compact_cards,0,0,0.010620029616380767,-0.0011820069051230225,0.01180203652150379,-0.02992410459717384,0.04983788258676432,-0.029711827713312086,0.024800721998231884,80,176,1
step0,0,compact_cards,0,1,0.011283123759785199,-0.002527060277261746,0.013810184037046945,-0.03148198949549167,0.05509339075779379,-0.02742801651006412,0.022293706042559584,48,208,1
step0,0,compact_cards,0,2,0.008677877891390856,-0.002764852962852431,0.011442730854243287,-0.036365571972938465,0.05081238759374294,-0.04782054206470544,0.043478732848155385,64,192,1
step0,0,compact_cards,0,3,0.008715221855088703,-0.0027860209935849345,0.011501242848673638,-0.012992561484670864,0.0298826691420066,-0.05976219352824216,0.05459728700392266,64,192,1
step0,0,line_records,1,0,0.008978069375873064,1.536491319027312e-05,0.00896270446268279,-0.0025986494203237105,0.02224562586159374,-0.047442623468726394,0.045524180127019656,80,176,1
step0,0,line_records,1,1,0.0066667101241768036,-0.0023456564137053393,0.009012366537882142,-0.03251701908189609,0.04436006657235517,-0.037225248733223526,0.030371883780480287,64,192,1
step0,0,line_records,1,2,0.00548780892278352,-0.003147877893376214,0.008635686816159734,-0.00757425955323986,0.0173441112452077,-0.03281802872524918,0.025509491756000736,64,192,1
step0,0,line_records,1,3,0.007220871901835744,-0.002560040979640378,0.009780912881476122,-0.01617034677067384,0.031157009106233508,-0.02389559845640995,0.0179635610345824,48,208,1
step0,0,prose_facts,2,0,0.006423911238516805,0.00041493939356107947,0.006008971844955726,-0.017818251908124173,0.029302921201848516,-0.018800515342946217,0.019648640137335912,80,176,1
step0,0,prose_facts,2,1,0.005923627150984304,-0.0019327714896120176,0.007856398640596321,-0.01354900005360265,0.0248728394857763,-0.023621095353583053,0.01887714876566956,80,176,1
step0,0,prose_facts,2,2,0.0039815333866912925,-0.002008426973808105,0.005989960360499398,-0.008832128880978252,0.016682941316004146,-0.019130269649508327,0.013722924794411158,32,224,1
step0,0,prose_facts,2,3,0.005278831970075722,-0.0017192915539013087,0.006998123523977031,-0.013340729681329551,0.024234103837526753,-0.014964074039743765,0.011508392040372064,64,192,1
step0,0,bracket_dictionary,3,0,0.005260456415572202,-0.0006122791719220397,0.005872735587494241,-7.366589952654253e-05,0.011895563613435868,-0.026333407596332712,0.02463938026799499,64,192,1
step0,0,bracket_dictionary,3,1,0.006345329568313893,-0.0014373090377300746,0.007782638606043967,-0.0003906193104794564,0.013921707920458826,-0.019235625548292,0.016689243272321862,16,240,1
step0,0,bracket_dictionary,3,2,0.004865115253642432,-0.0012970832740175696,0.0061621985276600014,-0.00919557688511824,0.017524803650205933,-0.016870946255937158,0.013709752882037688,48,208,1
step0,0,bracket_dictionary,3,3,0.005581889962657627,-0.001627058785025227,0.007208948747682854,-0.005068840249331374,0.015881101802892084,-0.01571708507497883,0.013525628707599888,128,128,1
step64,1,compact_cards,0,0,0.005410628076604393,-0.0008178561475366102,0.006228484224141003,-0.004329535466525147,0.015189114101635487,-0.01374807387348187,0.012353321553017438,80,176,1
step64,1,compact_cards,0,1,0.006953689711954192,-0.0011423030412496663,0.008095992753203858,-0.012972823559152464,0.02610018936841814,-0.020008316294765748,0.017550354790933385,48,208,1
step64,1,compact_cards,0,2,0.006343848427461254,-0.001360886168934987,0.007704734596396241,-0.014038812448228898,0.026280889620035903,-0.024351322737128672,0.02154051232696673,64,192,1
step64,1,compact_cards,0,3,0.0058041223639299505,-0.0012593683182085104,0.007063490682138461,-0.007989446827124052,0.01892091989634373,-0.023229945901425207,0.020649991655853746,64,192,1
step64,1,line_records,1,0,0.006009904290947429,-0.000524502793887956,0.006534407084835385,-0.02741625979662684,0.03943684199217116,-0.04668275020946988,0.04579339299119092,80,176,1
step64,1,line_records,1,1,0.005127811798455974,-0.0013238688462193112,0.006451680644675286,-0.01984623430907236,0.03043299442400432,-0.03140481802389479,0.029361329129332772,64,192,1
step64,1,line_records,1,2,0.004751204324900449,-0.0015880945550599147,0.006339298879960363,-0.021574352294525402,0.031051084032984785,-0.031503757029892235,0.028258366739152108,64,192,1
step64,1,line_records,1,3,0.005023523555088926,-0.0013956389501757402,0.006419162505264666,-0.01368359781914997,0.023610630892400612,-0.027339320254377263,0.024108013860503694,48,208,1
step64,1,prose_facts,2,0,0.0035181991786237972,-0.00037449962169438194,0.0038926988003181793,-0.002461259955318229,0.009587937737491866,-0.010885418927319646,0.01036355549028628,80,176,1
step64,1,prose_facts,2,1,0.003375836883710439,-0.000925580659523775,0.004301417543234214,-0.002709195246119761,0.009494465104650842,-0.00981284212881417,0.008193674137924045,80,176,1
step64,1,prose_facts,2,2,0.003012650509373594,-0.0009999582747030982,0.0040126087840766924,-0.003477059038037844,0.00944816793086838,-0.00940125018102848,0.007325847044001322,32,224,1
step64,1,prose_facts,2,3,0.003591668063423763,-0.0008916456258064861,0.004483313689230249,-0.002135435780337957,0.009241446075931492,-0.010230006518321644,0.008744429613388066,64,192,1
step64,1,bracket_dictionary,3,0,0.0037952083731817377,-0.00045329887858562367,0.004248507251767362,-0.0028779837906594886,0.0112526619461514,-0.0154673483398319,0.01450985050995578,64,192,1
step64,1,bracket_dictionary,3,1,0.0043053986240060675,-0.0010284437271438252,0.005333842351149892,-0.004941368291047021,0.013707997140147171,-0.008139296617392234,0.006842400191232073,16,240,1
step64,1,bracket_dictionary,3,2,0.00400053185674629,-0.0009322144454618697,0.0049327463022081595,-0.002246011010489474,0.009921054178016621,-0.01230130847527019,0.010611973662095028,48,208,1
step64,1,bracket_dictionary,3,3,0.0037259218536536166,-0.001073511623973214,0.004799433477626831,-0.0025536017485976335,0.010139815502709692,-0.0077399801182088,0.0059644348247056105,128,128,1
step512,2,compact_cards,0,0,0.003776259908267846,-0.0007908727922183952,0.004567132700486242,-0.011829407480233967,0.01833695103074932,-0.02463747181713455,0.02164591315866282,80,176,1
step512,2,compact_cards,0,1,-0.000723484091060179,-0.0012057489580471802,0.0004822648669870012,-0.041277038186078197,0.035880380330298625,-0.045929898154912184,0.04233202375713736,48,208,1
step512,2,compact_cards,0,2,0.0015201461762207533,-0.0013088564186929253,0.002829002594913679,-0.03719972298674462,0.03996504597229037,-0.04480279831746864,0.04170924912947227,64,192,1
step512,2,compact_cards,0,3,0.006133949390144251,-0.0011133727240158337,0.007247322114160085,-0.03229186072346728,0.038133769646406634,-0.04403475983028729,0.04198925772894197,64,192,1
step512,2,line_records,1,0,0.0068890319799435745,-3.8311153488248146e-05,0.006927343133431823,-0.019625140241086303,0.03021219001021779,-0.062301787831176236,0.05869838650178755,80,176,1
step512,2,line_records,1,1,0.006674770368652317,-0.00426342533565395,0.010938195704306267,-0.07909028322506911,0.08876269829562,-0.09271459166101888,0.07730472821032851,64,192,1
step512,2,line_records,1,2,0.0030596059945916763,-0.005450327153143205,0.00850993314773488,-0.12070392189318592,0.1230227869685319,-0.14554395321161132,0.1286631804760577,64,192,1
step512,2,line_records,1,3,0.009345505685571147,-0.006352543776555465,0.015698049462126613,-0.1328192804695198,0.1541516633982641,-0.12286321507592744,0.1095853507187948,48,208,1
step512,2,prose_facts,2,0,0.014739127738126556,-0.003711973664098207,0.01845110140222476,-0.011582433270238978,0.04654398763000335,-0.06238967306990137,0.05476044598716484,80,176,1
step512,2,prose_facts,2,1,0.01958518770587609,-0.00428342134527406,0.023868609051150153,-0.016064341355901634,0.056133559581948336,-0.05486257787383894,0.04395045174260964,80,176,1
step512,2,prose_facts,2,2,0.02366533142785778,-0.006072188877237096,0.029737520305094876,-0.05498875348378283,0.0940059026298161,-0.07718646371650384,0.06062390821923501,32,224,1
step512,2,prose_facts,2,3,0.01888689995594917,-0.00399377435131026,0.02288067430725943,-0.022744478342611466,0.05684881042165177,-0.07338861266431325,0.061204041555390595,64,192,1
step512,2,bracket_dictionary,3,0,0.0017233625347386435,-0.00043244446132687664,0.00215580699606552,-0.05357086345199215,0.04738193439885187,-0.057826159542250205,0.056073657571715424,64,192,1
step512,2,bracket_dictionary,3,1,0.000725513702602573,0.0004937674320453522,0.00023174627055722085,-0.013966429904318123,0.01595111888068488,-0.0461463875144642,0.047093747678877904,16,240,1
step512,2,bracket_dictionary,3,2,0.00012829309255015311,-0.0008299794633102839,0.000958272555860437,-0.0571205914153573,0.046250080516216464,-0.07099358800812482,0.07024929859670463,48,208,1
step512,2,bracket_dictionary,3,3,-6.538719152707971e-05,-0.00026534040621967354,0.00019995321469259384,-0.01646128412852016,0.015611767836852064,-0.06410054955429795,0.06207172498260775,128,128,1
step1000,3,compact_cards,0,0,0.042376344703463326,-0.004288936747353348,0.04666528145081667,0.0017119776272395623,0.10723128509820667,-0.06416437040128771,0.061076232376623144,80,176,1
step1000,3,compact_cards,0,1,0.04070287104955109,-0.00724327279752429,0.04794614384707538,-0.030245540674637795,0.08240673929624417,-0.10172484648259848,0.08734775589990762,48,208,1
step1000,3,compact_cards,0,2,0.037575735749119675,-0.0052743447743116185,0.0428500805234313,-0.020209803084911146,0.07478239769006072,-0.10425619253706994,0.09426549654228156,64,192,1
step1000,3,compact_cards,0,3,0.03677900384281739,-0.0034541786638899656,0.040233182506707356,0.011357010630445327,0.0599028041491971,-0.09807900930651331,0.09847963038832684,64,192,1
step1000,3,line_records,1,0,0.024789372922473678,-0.008985816770757448,0.03377518969323112,-0.19105323011224773,0.2362153214869913,-0.24968292458721314,0.23117205368633012,80,176,1
step1000,3,line_records,1,1,0.043559981266454065,-0.0033399692577409136,0.046899950524194975,0.013368392007653714,0.0745192935859754,-0.08320167553777393,0.07726817767925452,64,192,1
step1000,3,line_records,1,2,0.043817225717903,-0.001991374746504009,0.04580860046440701,-0.03949284159762132,0.13552416487564864,-0.10832104845359822,0.10786150057915414,64,192,1
step1000,3,line_records,1,3,0.05715010529056228,-0.0017249618806107919,0.05887506717117307,0.02268853632520473,0.09112343574879954,-0.10240282622268176,0.10546842468924436,48,208,1
step1000,3,prose_facts,2,0,0.011725371958988226,0.0023293962236683725,0.009395975735319853,-0.09388363919084099,0.12349579552967652,-0.10553117877867921,0.11761463906887386,80,176,1
step1000,3,prose_facts,2,1,0.00888954934232052,0.0011471821444093157,0.007742367197911203,-0.07590909642379451,0.09122862690039485,-0.08917797020240553,0.08894130493565411,80,176,1
step1000,3,prose_facts,2,2,0.026720396185952938,-0.0006896361875459477,0.027410032373498885,-0.040208062594318535,0.09614144242704344,-0.06973821000307207,0.06635011156033219,32,224,1
step1000,3,prose_facts,2,3,0.02227629937339492,0.001780022305692923,0.020496277067701997,-0.06217378924276188,0.11839959211348573,-0.12725777547982178,0.13759632420590598,64,192,1
step1000,3,bracket_dictionary,3,0,0.12672999990605344,-0.01911053018638349,0.14584053009243692,0.011504065358118216,0.28669001812706196,-0.11270990213005762,0.07506711453231954,64,192,1
step1000,3,bracket_dictionary,3,1,0.15728005604543532,-0.026414377865309712,0.18369443391074503,0.08693972116952067,0.2397440313661158,-0.147698935361417,0.10224791994365041,16,240,1
step1000,3,bracket_dictionary,3,2,0.24924361340920895,-0.020803042560297882,0.27004665596950683,0.035588409176412955,0.4314478753928644,-0.1701291055399175,0.12368253498089579,48,208,1
step1000,3,bracket_dictionary,3,3,0.07895886244233245,-0.045987419402850525,0.12494628184518297,-0.08739880089102318,0.20612306655747975,-0.1664785350875748,0.08347412230497739,128,128,1
step4000,4,compact_cards,0,0,0.059234570387846255,2.8721967717545477e-07,0.05923428316816908,-0.0066107546016398785,0.15486631604006698,-0.12643762398358602,0.11804344958000623,80,176,1
step4000,4,compact_cards,0,1,0.035797603559900686,0.003752151570787593,0.03204545198911309,-0.04428288366094054,0.15467025314191843,-0.10246936145451496,0.11025205829202549,48,208,1
step4000,4,compact_cards,0,2,0.04382912180624953,0.0031655793372676465,0.040663542468981885,-0.0543293136066606,0.1739195206743006,-0.11996223323730619,0.1301810196275191,64,192,1
step4000,4,compact_cards,0,3,0.03215901950499662,0.004688770508854752,0.027470248996141866,-0.08253134558343891,0.1749189557715983,-0.13475406231100653,0.13872576981178614,64,192,1
step4000,4,line_records,1,0,0.03523365377934715,0.0015559423649953857,0.03367771141435177,-0.02601244561165887,0.09414295245970916,-0.14234489193869987,0.14295199103006767,80,176,1
step4000,4,line_records,1,1,0.037033800920387994,-1.1414240380778895e-05,0.03704521516076877,0.010577335559866586,0.08844108596975671,-0.06814981433678009,0.07524157455663387,64,192,1
step4000,4,line_records,1,2,0.03248554487767226,-0.0020470920452947176,0.03453263692296698,0.0010226185865453766,0.0681266553694993,-0.06340827206248897,0.055167786527016364,64,192,1
step4000,4,line_records,1,3,0.03109364562424798,-0.0004097090086226676,0.03150335463287065,-0.004693454811546871,0.06351088664825262,-0.06279994787854315,0.06680898205837596,48,208,1
step4000,4,prose_facts,2,0,0.13251846226689343,0.0023342655244190254,0.1301841967424744,-0.02340086435588909,0.33389011313849604,-0.31709949182444563,0.37530628865992743,80,176,1
step4000,4,prose_facts,2,1,0.09326453923268711,-0.009590408304682824,0.10285494753736994,-0.015522158232403924,0.1975240129733632,-0.2749758420724133,0.26752189925170533,80,176,1
step4000,4,prose_facts,2,2,0.05145908404483267,-0.0035704638330244795,0.055029547877857146,-0.1180764876828382,0.1977473913352179,-0.1983812432971481,0.1930159025685721,32,224,1
step4000,4,prose_facts,2,3,0.052236768967649304,1.762411620151334e-05,0.05221914485144779,-0.10777830417756269,0.2222751199172555,-0.18508509659073918,0.21146626923059492,64,192,1
step4000,4,bracket_dictionary,3,0,0.16832126722240515,-0.03366110901272061,0.20198237623512577,0.0658079402528375,0.2777284703707674,-0.23480156239308828,0.17056175285073003,64,192,1
step4000,4,bracket_dictionary,3,1,0.12613322712661001,-0.030994450837305246,0.15712767796391525,0.045961614505160495,0.21867708329182386,-0.2129839871080838,0.16017755596057254,16,240,1
step4000,4,bracket_dictionary,3,2,0.23546145031806157,-0.03295211399731447,0.26841356431537605,0.030011452280437882,0.4803526724248304,-0.24478176306729157,0.17836143656759623,48,208,1
step4000,4,bracket_dictionary,3,3,0.18332560348067053,-0.061343308372290295,0.24466891185296083,0.032794016873239615,0.33971076735001104,-0.28368469765912946,0.2080982625259505,128,128,1
step16000,5,compact_cards,0,0,0.18338631821942153,-0.01704671683202438,0.2004330350514459,0.01970604902215411,0.34617971073648096,-0.28551496745332516,0.269576736237897,80,176,1
step16000,5,compact_cards,0,1,0.07858170061096734,-0.01728798193360079,0.09586968254456812,0.024707061699468746,0.17332729659402932,-0.1892494738308812,0.11865119590512145,48,208,1
step16000,5,compact_cards,0,2,0.06575484109243632,-0.011471290844656376,0.0772261319370927,0.01683129059000775,0.11716903514947667,-0.14966064791841394,0.11290998518640667,64,192,1
step16000,5,compact_cards,0,3,0.08393663688457101,-0.012958261078390815,0.09689489796296183,-0.020829340099294717,0.18172964657862062,-0.16262761993834085,0.13273823802206927,64,192,1
step16000,5,line_records,1,0,0.0880509991633206,-0.01621436855435597,0.10426536771767657,-0.02599077647517445,0.19422323162135954,-0.13608085740431103,0.11146049763787819,80,176,1
step16000,5,line_records,1,1,0.11088550869706133,-0.009172888826662421,0.12005839752372376,0.04018461657701152,0.18323025689816833,-0.1416086177390734,0.11678299556657135,64,192,1
step16000,5,line_records,1,2,0.06691685296010555,-0.015552021520809879,0.08246887448091543,-0.007857309116922421,0.15036360501402643,-0.1381735485525713,0.1013406283612159,64,192,1
step16000,5,line_records,1,3,0.07432840506185094,-0.0179168910882279,0.09224529615007884,0.014232416249135143,0.16215924364611053,-0.18085076546732218,0.12273293770664277,48,208,1
step16000,5,prose_facts,2,0,0.07337544237590454,-0.006499999756147304,0.07987544213205185,-0.02454656294252767,0.16394133031149988,-0.17239593206007356,0.16450655614093107,80,176,1
step16000,5,prose_facts,2,1,0.04590613656177463,-0.00720649532525112,0.053112631887025745,-0.01656096418905478,0.10549923305444618,-0.20383420662157103,0.1821349639274868,80,176,1
step16000,5,prose_facts,2,2,0.03124822161971278,-0.0032484334813805958,0.03449665510109338,-0.04772330665491287,0.11966045161350071,-0.1178939926337388,0.10793736408440163,32,224,1
step16000,5,prose_facts,2,3,0.059609129328234756,-0.004578085627642427,0.06418721495587718,-0.024487783919794576,0.14536733313945344,-0.25736462950163597,0.2346803413865229,64,192,1
step16000,5,bracket_dictionary,3,0,0.15386686453701945,0.004415326164500528,0.14945153837251893,-0.032645353017639336,0.4226799522462469,-0.32357485729029495,0.34094971125452955,64,192,1
step16000,5,bracket_dictionary,3,1,0.12611698571280874,-0.012213050048898434,0.1383300357617072,-0.0034234454701114747,0.26681233109800995,-0.16168057575485856,0.14058482526118818,16,240,1
step16000,5,bracket_dictionary,3,2,0.12121813174172218,-0.012789310996795858,0.13400744273851803,-0.0738270764277399,0.3179538447533955,-0.1331207512934029,0.10768452447286757,48,208,1
step16000,5,bracket_dictionary,3,3,0.09020577183575326,-0.05722190680224469,0.14742767863799794,-0.015237157168212697,0.21971050602588557,-0.42842437722584026,0.3415679620562866,128,128,1
step64000,6,compact_cards,0,0,0.15562033984038876,0.006500606301040465,0.1491197335393483,0.012457448198483856,0.2963120138468618,-0.3085614797570871,0.3631911216992909,80,176,1
step64000,6,compact_cards,0,1,0.06884982781335296,-0.008537230840146022,0.07738705865349899,0.008883441313882806,0.15466223636589405,-0.13121411157766372,0.10505724911144754,48,208,1
step64000,6,compact_cards,0,2,0.06406348214217215,-0.0046299686634207705,0.06869345080559293,0.008991897849885548,0.11920804583319158,-0.10406572201012404,0.1069491332520065,64,192,1
step64000,6,compact_cards,0,3,0.06411466311392255,-0.008860356357059392,0.07297501947098195,0.02260597039444586,0.11519782006630205,-0.11862200972591726,0.09830580793866739,64,192,1
step64000,6,line_records,1,0,0.060846757807814365,-0.006082352600564459,0.06692911040837883,-0.020839963017932783,0.1510157563636773,-0.0922328999247227,0.08452519390374225,80,176,1
step64000,6,line_records,1,1,0.0631001593303264,-0.012426365172285112,0.0755265245026115,0.008337294675313123,0.1420082518326694,-0.11865322789629558,0.10287651480217373,64,192,1
step64000,6,line_records,1,2,0.08105374806820533,-0.012393421537732076,0.09344716960593741,0.006284391620887259,0.14276184118979862,-0.13634133522896497,0.10884019404493334,64,192,1
step64000,6,line_records,1,3,0.07846522877638963,-0.011300160024591529,0.08976538880098116,-0.01841258621892974,0.1591522302673434,-0.13984824432655552,0.11851126377423864,48,208,1
step64000,6,prose_facts,2,0,0.15651321162996173,-0.017098215674160065,0.1736114273041218,0.042385564400232,0.27590350426292076,-0.23439203781309673,0.1958399499511089,80,176,1
step64000,6,prose_facts,2,1,0.09709835670957068,-0.025059097391278592,0.12215745410084927,0.022459089811917653,0.19269081700598822,-0.23524500938856913,0.1554132934529756,80,176,1
step64000,6,prose_facts,2,2,0.08774310145570016,-0.020699654583608378,0.10844275603930854,-0.08589947120045158,0.24847972773642624,-0.16488003305614388,0.12030795079317057,32,224,1
step64000,6,prose_facts,2,3,0.10907156441109223,-0.02856786221802059,0.13763942662911283,-0.043744123525338456,0.2656541645371728,-0.32237904641534204,0.2664060288100206,64,192,1
step64000,6,bracket_dictionary,3,0,0.17536110936303195,-0.002636108292774504,0.17799721765580645,0.03723644304516858,0.3608219798445892,-0.29401962089030237,0.3229968184857118,64,192,1
step64000,6,bracket_dictionary,3,1,0.024225396332990173,-0.011186356436129833,0.03541175276912001,-0.030397582976220944,0.08611764008666956,-0.09140925371490409,0.07178869340979514,16,240,1
step64000,6,bracket_dictionary,3,2,0.055386324378836234,-0.00625945988097716,0.061645784259813395,-0.12818080949153715,0.23574779347014296,-0.10036126924870281,0.09634449826697689,48,208,1
step64000,6,bracket_dictionary,3,3,0.05243547000646437,-0.00969421290974305,0.06212968291620742,-0.022007719493031028,0.11515129504540111,-0.14480092094204847,0.16561179407441884,128,128,1
step143000,7,compact_cards,0,0,0.07103090014178233,-0.005923934576897336,0.07695483471867967,-0.022995289781775854,0.2025995517013313,-0.2421547699251901,0.1875508839736837,80,176,1
step143000,7,compact_cards,0,1,0.013986342051387763,-0.007606982410678602,0.021593324462066365,-0.002856344441078254,0.03698080841946176,-0.0874896119728336,0.08267623838199654,48,208,1
step143000,7,compact_cards,0,2,0.019107925891090942,-0.007176888823992106,0.02628481471508305,-0.008430458343358975,0.061985752979830284,-0.05838520031015217,0.042026008142029427,64,192,1
step143000,7,compact_cards,0,3,0.015798153106355895,-0.005877662205152794,0.021675815311508688,-0.008386565960044367,0.0397938385448105,-0.0751649378445797,0.07942179169185697,64,192,1
step143000,7,line_records,1,0,0.0015550229280027737,-0.022213915690055434,0.02376893861805821,-0.086923411550029,0.083781751383178,-0.11129210468257451,0.07072244686540455,80,176,1
step143000,7,line_records,1,1,0.013270234524495723,-0.004523122675089472,0.017793357199585195,-0.044685943422965335,0.09477329295776799,-0.09553605956017926,0.09873868119330169,64,192,1
step143000,7,line_records,1,2,0.018220127025745353,-0.008962777097831005,0.02718290412357636,-0.004838566994010453,0.041924894472454975,-0.04795842781541291,0.033870757777080894,64,192,1
step143000,7,line_records,1,3,0.017980482620126404,-0.008890185686606187,0.02687066830673259,-0.029663861288920235,0.05833105967629375,-0.0608511333978296,0.044318381950163,48,208,1
step143000,7,prose_facts,2,0,0.021495309762488268,0.0013961710773988554,0.02009913868508941,-0.08554635669546329,0.11778836097312495,-0.11750247360664444,0.1291450858033763,80,176,1
step143000,7,prose_facts,2,1,-0.008555018572581317,-0.001647803660937726,-0.0069072149116435905,-0.060110768531911836,0.03745338782402437,-0.08244118474788163,0.07992958417455712,80,176,1
step143000,7,prose_facts,2,2,0.004351517894757565,0.0043399933861449835,1.1524508612581474e-05,-0.019567491846423948,0.04003178318643032,-0.02903727649454363,0.040506659110613706,32,224,1
step143000,7,prose_facts,2,3,-0.0049010109756533315,0.008852554819513114,-0.013753565795166445,-0.09739258550828404,0.0764284059633152,-0.1542059055270361,0.17136581447887833,64,192,1
step143000,7,bracket_dictionary,3,0,0.041929695871979075,-0.006329832138562874,0.04825952801054195,-0.028878796904754346,0.10818333434858605,-0.11676465834700007,0.07772046706744673,64,192,1
step143000,7,bracket_dictionary,3,1,0.03879040277145515,-0.0034249624742616583,0.04221536524571681,0.002814262387837163,0.07152671084944895,-0.05249245422353963,0.04717430926883139,16,240,1
step143000,7,bracket_dictionary,3,2,0.058430828389522016,-0.00607128140769729,0.0645021097972193,0.007495181420169589,0.12760273244370696,-0.05933619771677226,0.05048977649016734,48,208,1
step143000,7,bracket_dictionary,3,3,0.05005966165510038,-0.022013949897631772,0.07207361155273215,-0.00042434614643531844,0.10275643076386357,-0.19562113878714632,0.1475211582737192,128,128,1
