revision,revision_index,template_id,template_index,layer,closure_max_abs,closure_relative_sensitivity_max,component_scale_max_abs,n_episode_rows,independent_pretraining_trajectories,delta_h_norm_mean,delta_attention_norm_mean,delta_ffn_norm_mean,delta_post_norm_mean,delta_skip_attention_norm_mean
step0,0,compact_cards,0,0,1.5265566588595902e-16,4.775052160455772e-15,0.05619048282401565,256,1,0.0,0.31438340853350544,0.0,0.31438340853350544,0.31438340853350544
step0,0,compact_cards,0,1,3.0531133177191805e-16,2.388066283463404e-15,0.23069313539650965,256,1,0.31438340853350544,0.42198543759936974,0.3384370626126314,0.6323873377424425,0.534316866239033
step0,0,compact_cards,0,2,3.191891195797325e-16,1.9633142284455803e-15,0.31446550268127976,256,1,0.6323873377424425,0.46491172658814556,0.47288152600384975,0.9193700482294442,0.791790712845134
step0,0,compact_cards,0,3,3.3306690738754696e-16,1.6608108567612392e-15,0.40903202664377925,256,1,0.9193700482294442,0.49285756623453614,0.5310808413768776,1.1776007526696803,1.050025443088726
step0,0,compact_cards,0,4,3.3306690738754696e-16,1.385733701357545e-15,0.4595980852700537,256,1,1.1776007526696803,0.4972490963714388,0.602512651730565,1.3875768197150693,1.266400694708226
step0,0,compact_cards,0,5,3.9898639947466563e-16,1.3919329963184581e-15,0.5853289411271132,256,1,1.3875768197150693,0.5157884759507901,0.653109864488486,1.6111192713702351,1.48518443211221
step0,0,line_records,1,0,1.474514954580286e-16,6.177047382840681e-15,0.05043994076570239,256,1,0.0,0.24195953004043097,0.0,0.24195953004043097,0.24195953004043097
step0,0,line_records,1,1,4.440892098500626e-16,5.874326553079463e-15,0.18566615743671272,256,1,0.24195953004043097,0.3312142673555387,0.26357572859821526,0.4931108974812486,0.4135485052798055
step0,0,line_records,1,2,3.608224830031759e-16,2.647162069656626e-15,0.2797877941633622,256,1,0.4931108974812486,0.36468781566987774,0.36656831887189373,0.7160584428200552,0.6212357218851247
step0,0,line_records,1,3,3.3306690738754696e-16,2.368047583637297e-15,0.3584868054971601,256,1,0.7160584428200552,0.36937059513196446,0.4196505634062348,0.9090281240422379,0.8064187256927167
step0,0,line_records,1,4,3.3306690738754696e-16,2.393535002939177e-15,0.4592970143253353,256,1,0.9090281240422379,0.3866883373043209,0.45365442807502854,1.0851356402024972,0.9877302483544491
step0,0,line_records,1,5,3.191891195797325e-16,2.2448499046576783e-15,0.5283977750605476,256,1,1.0851356402024972,0.3988212199471721,0.5046302219714004,1.2605181450705576,1.1512600563394215
step0,0,prose_facts,2,0,1.6002824065886045e-16,6.840991284859332e-15,0.041258509626660125,256,1,0.0,0.2065305209285222,0.0,0.2065305209285222,0.2065305209285222
step0,0,prose_facts,2,1,2.7755575615628914e-16,3.270522238187262e-15,0.12364314174568122,256,1,0.2065305209285222,0.24887429689056023,0.21747876984965578,0.3910283458083891,0.3225051386219948
step0,0,prose_facts,2,2,3.3306690738754696e-16,2.9382281847288763e-15,0.19761017373543674,256,1,0.3910283458083891,0.2590802095760282,0.2880607060923756,0.5517518935553498,0.470942361745911
step0,0,prose_facts,2,3,3.3306690738754696e-16,2.4811932527758376e-15,0.23397027069790519,256,1,0.5517518935553498,0.26748908784684694,0.31408761024349563,0.6858112186447275,0.6148354728164113
step0,0,prose_facts,2,4,4.163336342344337e-16,2.3505777121963024e-15,0.2638713153008329,256,1,0.6858112186447275,0.25958363983421534,0.34590814655163393,0.7938792796079474,0.7283877614488752
step0,0,prose_facts,2,5,3.3306690738754696e-16,2.1480049740636762e-15,0.29629644239400443,256,1,0.7938792796079474,0.2613884421626658,0.3580837895216631,0.904520176592662,0.8332481141184529
step0,0,bracket_dictionary,3,0,1.5265566588595902e-16,4.3960459889031726e-15,0.06515888971413777,256,1,0.0,0.31082765820149566,0.0,0.31082765820149566,0.31082765820149566
step0,0,bracket_dictionary,3,1,3.191891195797325e-16,2.1156171226764398e-15,0.1769538701732547,256,1,0.31082765820149566,0.3786420572435763,0.32049864020492735,0.5912171582358497,0.4929934968613493
step0,0,bracket_dictionary,3,2,3.3306690738754696e-16,2.2263307604483557e-15,0.2774639889297098,256,1,0.5912171582358497,0.39210102784616613,0.42061009888936585,0.8310615600387381,0.7115549141364926
step0,0,bracket_dictionary,3,3,3.885780586188048e-16,1.8479367521373654e-15,0.3833485941510273,256,1,0.8310615600387381,0.4226455133127718,0.449491605493304,1.0461838160084858,0.9370084941240995
step0,0,bracket_dictionary,3,4,4.440892098500626e-16,2.0900541808849786e-15,0.513506985002025,256,1,1.0461838160084858,0.4222149987745599,0.49066003648187423,1.2356670693973486,1.131442415795472
step0,0,bracket_dictionary,3,5,4.996003610813204e-16,2.040813903963706e-15,0.4997939891090504,256,1,1.2356670693973486,0.42686123920977326,0.5150964421122171,1.3887910150438407,1.300882243554431
step64,1,compact_cards,0,0,1.457167719820518e-16,4.91257146677347e-15,0.056369262264839994,256,1,0.0,0.3074889719954931,0.0,0.3074889719954931,0.3074889719954931
step64,1,compact_cards,0,1,4.0245584642661925e-16,2.9318232147165108e-15,0.22406821943044908,256,1,0.3074889719954931,0.41265882033509205,0.30473037637957173,0.6094441369033426,0.5235987927467682
step64,1,compact_cards,0,2,4.440892098500626e-16,2.9303775265987845e-15,0.27555650189437814,256,1,0.6094441369033426,0.40159181427551927,0.3608812152249012,0.8229051209827305,0.7407051133128526
step64,1,compact_cards,0,3,6.106226635438361e-16,3.8921645524294104e-15,0.3020527634372485,256,1,0.8229051209827305,0.3013938777567601,0.3324059532378869,0.955751662874373,0.8856781960328941
step64,1,compact_cards,0,4,6.661338147750939e-16,4.832601806559519e-15,0.3388281177746154,256,1,0.955751662874373,0.2611456883342519,0.2863984067065464,1.038834229075369,0.9910067578591195
step64,1,compact_cards,0,5,7.216449660063518e-16,5.117264984303045e-15,0.35333636409762215,256,1,1.038834229075369,0.2195624296744476,0.23315337710876685,1.1032720056271192,1.065744662164764
step64,1,line_records,1,0,1.3877787807814457e-16,6.10758699888757e-15,0.04832997060325147,256,1,0.0,0.23613428095080014,0.0,0.23613428095080008,0.23613428095080014
step64,1,line_records,1,1,3.885780586188048e-16,4.655539711997972e-15,0.1702143291249418,256,1,0.23613428095080008,0.3037114199565247,0.23311463430993756,0.4542480563163893,0.3883231490685993
step64,1,line_records,1,2,3.885780586188048e-16,3.665111945610519e-15,0.2289902199684448,256,1,0.4542480563163893,0.29437100912640923,0.25800895094012966,0.5977476927874215,0.5479881163992748
step64,1,line_records,1,3,6.245004513516506e-16,5.7739185270426e-15,0.262032422312252,256,1,0.5977476927874215,0.20967550241881258,0.2317041353671786,0.6748223968137552,0.6329007716784962
step64,1,line_records,1,4,6.661338147750939e-16,7.802379187846635e-15,0.28742979411181874,256,1,0.6748223968137552,0.18970005366921566,0.19157418307293198,0.7332263611493505,0.7042172135559938
step64,1,line_records,1,5,8.881784197001252e-16,1.2544262671849767e-14,0.31056279591413344,256,1,0.7332263611493505,0.15191507412559457,0.15871336545316891,0.7647433541811338,0.7461218486437124
step64,1,prose_facts,2,0,1.4224732503009818e-16,5.92756941683137e-15,0.04181433356730657,256,1,0.0,0.2071680588756335,0.0,0.2071680588756335,0.2071680588756335
step64,1,prose_facts,2,1,3.885780586188048e-16,5.13104143493872e-15,0.11446165909884887,256,1,0.2071680588756335,0.23641442798774803,0.20647321931743068,0.3783587487272509,0.3143979227096204
step64,1,prose_facts,2,2,4.440892098500626e-16,4.8909531551810836e-15,0.16597623539202644,256,1,0.3783587487272509,0.21088164764945366,0.23939945592763878,0.4966804375749313,0.4347943365150111
step64,1,prose_facts,2,3,6.106226635438361e-16,5.58246607115534e-15,0.17562316862694466,256,1,0.4966804375749313,0.1481503015866052,0.21920941811676267,0.5668992248095672,0.5214075006338048
step64,1,prose_facts,2,4,6.106226635438361e-16,6.957633842348367e-15,0.16964642448637307,256,1,0.5668992248095672,0.12044166058779565,0.17691087352531415,0.610254147137347,0.5800603009614189
step64,1,prose_facts,2,5,6.661338147750939e-16,6.2390471099166056e-15,0.17050746642253334,256,1,0.610254147137347,0.09730209188095298,0.14031010844666908,0.642649441998894,0.6179255625068923
step64,1,bracket_dictionary,3,0,1.6132928326584306e-16,4.619374363023492e-15,0.06342318186229112,256,1,0.0,0.31226089531591494,0.0,0.31226089531591494,0.31226089531591494
step64,1,bracket_dictionary,3,1,3.3306690738754696e-16,3.1219019753764718e-15,0.16688354817607393,256,1,0.31226089531591494,0.36919175300277945,0.3078697846522813,0.5816199640091179,0.48774421778382915
step64,1,bracket_dictionary,3,2,6.106226635438361e-16,4.550599693101899e-15,0.24392644381744527,256,1,0.5816199640091179,0.34227387217127103,0.3679119539293228,0.7882551151732087,0.6821024141610554
step64,1,bracket_dictionary,3,3,6.106226635438361e-16,4.067408168798443e-15,0.3386691932182069,256,1,0.7882551151732087,0.27599389809962965,0.33417538545467707,0.9212266807612044,0.8410925973689676
step64,1,bracket_dictionary,3,4,6.106226635438361e-16,4.0793680360009535e-15,0.33054833743228806,256,1,0.9212266807612044,0.22355607724969637,0.28259264925630534,1.020917178860168,0.9551878088951206
step64,1,bracket_dictionary,3,5,6.661338147750939e-16,4.161760514615335e-15,0.3569703367844506,256,1,1.020917178860168,0.18174589501506228,0.2401187713957239,1.086724376337441,1.0401715510974228
step512,2,compact_cards,0,0,1.3530843112619095e-16,4.900409062449678e-15,0.057638013217795755,256,1,0.0,0.27761157492834876,0.0,0.27761157492834876,0.27761157492834876
step512,2,compact_cards,0,1,3.0531133177191805e-16,2.504927367387285e-15,0.2211783882216628,256,1,0.27761157492834876,0.5912139418150812,0.22696981981810338,0.7001149458899869,0.6611316097107135
step512,2,compact_cards,0,2,3.0531133177191805e-16,2.032534817024543e-15,0.3731714294487677,256,1,0.7001149458899869,0.5224702055477477,0.41850377788103654,0.9629668016732975,0.8798668290947147
step512,2,compact_cards,0,3,3.0531133177191805e-16,1.7723287036208315e-15,0.4752810364989142,256,1,0.9629668016732975,0.5525707855743685,0.5923085687543586,1.2713216247539139,1.1236078656343693
step512,2,compact_cards,0,4,3.3306690738754696e-16,1.3374062955309827e-15,0.6143011308643931,256,1,1.2713216247539139,0.669412890003179,0.7787559469798482,1.644424106477739,1.4289215022556665
step512,2,compact_cards,0,5,3.885780586188048e-16,1.2184755330656338e-15,0.6938250178659653,256,1,1.644424106477739,0.6789995577851089,0.8889161846416324,2.1015278407509017,1.809935479997129
step512,2,line_records,1,0,1.5265566588595902e-16,5.8713638316234364e-15,0.059264732212653465,256,1,0.0,0.24656996513433133,0.0,0.24656996513433133,0.24656996513433133
step512,2,line_records,1,1,3.3306690738754696e-16,3.788708080920477e-15,0.24720844108411805,256,1,0.24656996513433133,0.4929831246340433,0.20673852116228691,0.5857687829117967,0.5545769653398982
step512,2,line_records,1,2,3.3306690738754696e-16,2.4012730867759025e-15,0.417238670773262,256,1,0.5857687829117967,0.5343270654887385,0.36597463788095663,0.8815915378707528,0.8067261052934773
step512,2,line_records,1,3,3.191891195797325e-16,1.8105490071087313e-15,0.5046384496076188,256,1,0.8815915378707528,0.4685863720694574,0.5436424274348672,1.111458360074626,0.9874010169980718
step512,2,line_records,1,4,3.885780586188048e-16,1.7996559015224007e-15,0.6378363633309656,256,1,1.111458360074626,0.5563999978190703,0.6502088797488529,1.428020747450423,1.2487443709321537
step512,2,line_records,1,5,6.036837696399289e-16,1.877789513824827e-15,0.8177345545541341,256,1,1.428020747450423,0.5837779579042979,0.7990061264720228,1.8365408283355587,1.5746572149448952
step512,2,prose_facts,2,0,1.3877787807814457e-16,6.09494349072037e-15,0.03570541616588939,256,1,0.0,0.20349275480476275,0.0,0.20349275480476275,0.20349275480476275
step512,2,prose_facts,2,1,3.0531133177191805e-16,3.534829236810238e-15,0.2347010884135261,256,1,0.20349275480476275,0.45567923395397536,0.1735828266215421,0.5369479638017026,0.5054317678315521
step512,2,prose_facts,2,2,2.7755575615628914e-16,3.0366572631712224e-15,0.3955502082755182,256,1,0.5369479638017026,0.502396918307578,0.35391771022122925,0.8326394605902148,0.7484406262853052
step512,2,prose_facts,2,3,3.3306690738754696e-16,2.1578157070021203e-15,0.5314512694031398,256,1,0.8326394605902148,0.5420642058131923,0.5299199824759138,1.1388446790867643,1.0091077495492704
step512,2,prose_facts,2,4,4.440892098500626e-16,1.7683958962361762e-15,0.563113895397689,256,1,1.1388446790867643,0.48591118543299355,0.6878768845011284,1.4489016568190671,1.2447130247110558
step512,2,prose_facts,2,5,5.551115123125783e-16,1.833800009671455e-15,0.6992645605876793,256,1,1.4489016568190671,0.5914193443766922,0.8218757404930911,1.9078577017252694,1.6203603223850873
step512,2,bracket_dictionary,3,0,1.43982048506075e-16,4.36121132200882e-15,0.056279386389490677,256,1,0.0,0.30333050702359515,0.0,0.30333050702359515,0.30333050702359515
step512,2,bracket_dictionary,3,1,2.0816681711721685e-16,2.0871819288445102e-15,0.21679042923061542,256,1,0.30333050702359515,0.4320159152968396,0.2646609470039096,0.5878978639534214,0.5307899527785194
step512,2,bracket_dictionary,3,2,3.3306690738754696e-16,1.868286573071139e-15,0.38519083130358034,256,1,0.5878978639534214,0.6115101824947123,0.4227683240236979,0.9573998548132805,0.864152955239247
step512,2,bracket_dictionary,3,3,3.3306690738754696e-16,1.9096206735345693e-15,0.43035718490687275,256,1,0.9573998548132805,0.5787456631523018,0.576510947233168,1.2834983722560953,1.1365604723079528
step512,2,bracket_dictionary,3,4,6.106226635438361e-16,2.7733186634911668e-15,0.5570780250998735,256,1,1.2834983722560953,0.5281618381611412,0.709065957975147,1.5769652122011877,1.389563778131385
step512,2,bracket_dictionary,3,5,6.106226635438361e-16,1.8687739727064353e-15,0.6412346239858548,256,1,1.5769652122011877,0.6101816262959866,0.77586771346365,1.9460576350549719,1.7268983501988864
step1000,3,compact_cards,0,0,1.5092094240998222e-16,1.3181790552619613e-14,0.03147002427267486,256,1,0.0,0.12602428756658562,0.0,0.12602428756658562,0.12602428756658562
step1000,3,compact_cards,0,1,3.0531133177191805e-16,4.433233903071202e-15,0.1395194471809554,256,1,0.12602428756658562,0.29388292435107327,0.10890306414093123,0.33054493847015787,0.3197141192910291
step1000,3,compact_cards,0,2,3.122502256758253e-16,3.181531598011292e-15,0.21762687316507853,256,1,0.33054493847015787,0.3163472927708898,0.1916638102166376,0.4770295212758745,0.4637972493567385
step1000,3,compact_cards,0,3,3.3306690738754696e-16,2.3827230468123208e-15,0.322081164670756,256,1,0.4770295212758745,0.5436368881628141,0.26086400745885907,0.7564798293371481,0.7386833241132913
step1000,3,compact_cards,0,4,3.3306690738754696e-16,1.6581642165157895e-15,0.5944010483442403,256,1,0.7564798293371481,0.9836088691964995,0.4666843782917003,1.417488074598622,1.3182062266572299
step1000,3,compact_cards,0,5,6.106226635438361e-16,2.3172345114707183e-15,0.7431323133884241,256,1,1.417488074598622,0.5370185229864146,0.8264045014198964,1.904090594272553,1.567472450704511
step1000,3,line_records,1,0,1.3183898417423734e-16,1.361249924213318e-14,0.038972828035954754,256,1,0.0,0.1455949796878809,0.0,0.1455949796878809,0.1455949796878809
step1000,3,line_records,1,1,2.7755575615628914e-16,4.633073735843934e-15,0.13073906887643383,256,1,0.1455949796878809,0.2629456531992942,0.1311671601310232,0.32287046058517893,0.3021509353627644
step1000,3,line_records,1,2,3.3306690738754696e-16,4.9906719156550424e-15,0.24741981247183545,256,1,0.32287046058517893,0.34789172360169385,0.19697040399283772,0.5015321601960296,0.48392414036143133
step1000,3,line_records,1,3,3.3306690738754696e-16,2.8545385979538016e-15,0.3050059321429922,256,1,0.5015321601960296,0.481367795995389,0.26998601887160384,0.737229342172373,0.7180655180376024
step1000,3,line_records,1,4,3.3306690738754696e-16,2.0499005631516034e-15,0.4621052859227275,256,1,0.737229342172373,0.7346026608498907,0.4213123063560362,1.216159517779492,1.1140415017115988
step1000,3,line_records,1,5,6.106226635438361e-16,3.7107474992755664e-15,0.644851630524039,256,1,1.216159517779492,0.4726969450551421,0.6651822339241629,1.6277116768080866,1.3680352725886835
step1000,3,prose_facts,2,0,1.5916087892087205e-16,1.4073684533920936e-14,0.032252029178512484,256,1,0.0,0.12522076052655595,0.0,0.12522076052655595,0.12522076052655595
step1000,3,prose_facts,2,1,2.7755575615628914e-16,6.713790748790252e-15,0.21653954509736748,256,1,0.12522076052655595,0.29735939783999005,0.1145193768052051,0.34162120253665845,0.32888112136692754
step1000,3,prose_facts,2,2,4.163336342344337e-16,5.0152813297923595e-15,0.3422010514196344,256,1,0.34162120253665845,0.31589868787091036,0.21393832399389143,0.4998803634447611,0.47920601759609854
step1000,3,prose_facts,2,3,3.0531133177191805e-16,3.4544529823681354e-15,0.3567181934237752,256,1,0.4998803634447611,0.48769696394528195,0.26997301074710756,0.7745997032773544,0.7508198509452364
step1000,3,prose_facts,2,4,3.3306690738754696e-16,1.9515761743243082e-15,0.49281030637576795,256,1,0.7745997032773544,0.7043089071764354,0.4572370341934048,1.2028570757019712,1.1078656441695567
step1000,3,prose_facts,2,5,6.106226635438361e-16,3.2954438283121834e-15,0.7066578093876829,256,1,1.2028570757019712,0.5436496866597913,0.6903965182964775,1.6498765399463227,1.3842182647295407
step1000,3,bracket_dictionary,3,0,1.3877787807814457e-16,6.5114579240154904e-15,0.03512488681013615,256,1,0.0,0.17422310554791803,0.0,0.17422310554791803,0.17422310554791803
step1000,3,bracket_dictionary,3,1,2.498001805406602e-16,4.323456859680222e-15,0.12527914168328302,256,1,0.17422310554791803,0.24727297776553353,0.1406403602685674,0.3162167816928429,0.3007164406476767
step1000,3,bracket_dictionary,3,2,3.3306690738754696e-16,3.8328321063199394e-15,0.2362416764079268,256,1,0.3162167816928429,0.4221445141046187,0.21306609970057572,0.5479230142723167,0.5289320084280191
step1000,3,bracket_dictionary,3,3,4.163336342344337e-16,1.719004745556801e-15,0.6170456641212223,256,1,0.5479230142723167,1.3680485160120162,0.30413262548968156,1.539715329833371,1.5228436249688935
step1000,3,bracket_dictionary,3,4,5.828670879282072e-16,1.5577314233982758e-15,1.1756465100597668,256,1,1.539715329833371,1.2256506408007413,1.063318613894047,2.488825462174537,2.0608238329274395
step1000,3,bracket_dictionary,3,5,6.106226635438361e-16,1.5692311877994323e-15,1.5964314721333541,256,1,2.488825462174537,0.7031062571730087,1.5801783516782173,3.3973966884029916,2.659314241366225
step4000,4,compact_cards,0,0,4.440892098500626e-16,5.621414243597822e-14,0.03451169076089522,256,1,0.0,0.1173016250702399,0.0,0.11730162507023992,0.1173016250702399
step4000,4,compact_cards,0,1,1.1102230246251565e-15,3.202002999468109e-14,0.10257001416918266,256,1,0.11730162507023992,0.20715097712039607,0.10442503175929163,0.23639166289243163,0.23844995221966242
step4000,4,compact_cards,0,2,1.1796119636642288e-15,1.4959003676120814e-14,0.15701949253149572,256,1,0.23639166289243163,0.25941793077741004,0.18113760494218653,0.3529118447119246,0.34911157981119256
step4000,4,compact_cards,0,3,1.8318679906315083e-15,1.0962698994358701e-14,0.32808395267984536,256,1,0.3529118447119246,0.6701700170236137,0.23464320284833023,0.7498950293101232,0.7715411090451241
step4000,4,compact_cards,0,4,2.220446049250313e-15,5.660503644795195e-15,1.004567578712216,256,1,0.7498950293101232,2.9586324812725064,0.43044401687410244,3.2637372013024244,3.2541463390174847
step4000,4,compact_cards,0,5,5.329070518200751e-15,1.0012763292939014e-14,1.63994745042551,256,1,3.2637372013024244,1.1088687794206131,2.089379126338115,5.0292271160470605,4.014917717297218
step4000,4,line_records,1,0,4.440892098500626e-16,8.259963651161831e-14,0.06440207134336845,256,1,0.0,0.139326996744068,0.0,0.139326996744068,0.139326996744068
step4000,4,line_records,1,1,1.2490009027033011e-15,3.00699063220526e-14,0.1566351481370467,256,1,0.139326996744068,0.24987251379784697,0.12430697671737556,0.2921569787289295,0.29634711462146746
step4000,4,line_records,1,2,9.43689570931383e-16,1.3455050100023705e-14,0.1993240188919849,256,1,0.2921569787289295,0.36419906829731313,0.20245196765419604,0.46473727104181317,0.47823131304023614
step4000,4,line_records,1,3,1.1102230246251565e-15,1.079528909196229e-14,0.3382494000175872,256,1,0.46473727104181317,0.5655390841168308,0.33417035245799626,0.750355429199385,0.7834226964060519
step4000,4,line_records,1,4,1.9984014443252818e-15,5.63941774080633e-15,1.4585995461050172,256,1,0.750355429199385,3.2743950378258178,0.5185046590234264,3.5927279662339537,3.5833785287635793
step4000,4,line_records,1,5,6.217248937900877e-15,7.204838468155104e-15,2.5092142693412356,256,1,3.5927279662339537,1.2913599131665696,2.566821538744028,5.7797633323169615,4.464162397796594
step4000,4,prose_facts,2,0,4.440892098500626e-16,8.333102849362593e-14,0.0674346940180362,256,1,0.0,0.17208353895250758,0.0,0.17208353895250758,0.17208353895250758
step4000,4,prose_facts,2,1,1.0547118733938987e-15,1.7376504787676395e-14,0.29333934341908924,256,1,0.17208353895250758,0.3219774682650365,0.15478863496891143,0.3730356653016067,0.3682581780366331
step4000,4,prose_facts,2,2,8.881784197001252e-16,1.1988277340991924e-14,0.42401113988044353,256,1,0.3730356653016067,0.32003862051240883,0.2868341733989019,0.5104424750209955,0.5080772892035712
step4000,4,prose_facts,2,3,1.1102230246251565e-15,5.087285424192194e-15,0.5049295511704508,256,1,0.5104424750209955,1.29793489311677,0.3504403759500411,1.4402896739481188,1.4519148027510504
step4000,4,prose_facts,2,4,2.220446049250313e-15,4.2094754287231166e-15,1.706080524918678,256,1,1.4402896739481188,5.280540668660177,0.7882666334809164,6.011762565959327,5.994270654651403
step4000,4,prose_facts,2,5,4.884981308350689e-15,3.132937805023954e-15,3.022177637767024,256,1,6.011762565959327,1.8041354738993258,4.228738739415042,9.527286511501352,7.199194183583099
step4000,4,bracket_dictionary,3,0,4.440892098500626e-16,3.1501229862085e-14,0.06875603383875806,256,1,0.0,0.21464687693915258,0.0,0.2146468769391526,0.21464687693915258
step4000,4,bracket_dictionary,3,1,1.3322676295501878e-15,1.6817285012093784e-14,0.2014410795263265,256,1,0.2146468769391526,0.32532261606500834,0.20670192944640656,0.4091351854145651,0.3953502664884037
step4000,4,bracket_dictionary,3,2,1.0547118733938987e-15,9.246141136664056e-15,0.4043608519847109,256,1,0.4091351854145651,0.7168181464266357,0.2889853465437323,0.8488610650617041,0.8607618413043167
step4000,4,bracket_dictionary,3,3,2.220446049250313e-15,5.060578833444163e-15,0.8624072994119021,256,1,0.8488610650617041,1.814992283100175,0.6234867670789328,2.028353206983727,2.0648036157797804
step4000,4,bracket_dictionary,3,4,2.220446049250313e-15,3.350749557522341e-15,1.7549511816261834,256,1,2.028353206983727,3.696727134612353,1.0014272802748287,4.7671214721688,4.70935808264512
step4000,4,bracket_dictionary,3,5,5.329070518200751e-15,3.2128108025896715e-15,2.4710872038403577,256,1,4.7671214721688,1.6602570574477942,3.2998366802801895,7.394617269074519,5.738648995987967
step16000,5,compact_cards,0,0,1.7763568394002505e-15,1.64943225756935e-13,0.1151562781917761,256,1,0.0,0.1619606762255744,0.0,0.16196067622557442,0.1619606762255744
step16000,5,compact_cards,0,1,1.7763568394002505e-15,2.974385767401007e-14,0.34567042567104794,256,1,0.16196067622557442,0.24370722763821917,0.18327718049277775,0.2998344386937647,0.2974462717800612
step16000,5,compact_cards,0,2,2.0539125955565396e-15,1.4062318432634708e-14,0.26175452535589133,256,1,0.2998344386937647,0.43786928805230774,0.23094476300795647,0.5174701834271919,0.5223063233121658
step16000,5,compact_cards,0,3,2.220446049250313e-15,9.100933972485102e-15,0.46639861462913124,256,1,0.5174701834271919,1.1811754941624826,0.3644753928052741,1.2682540440010572,1.3067619020656849
step16000,5,compact_cards,0,4,4.884981308350689e-15,7.921145637876659e-15,2.0140884728701716,256,1,1.2682540440010572,6.2931380431665,0.6766839227831866,6.822484371591884,6.8203967094335525
step16000,5,compact_cards,0,5,1.7763568394002505e-14,1.2364790245063904e-14,4.212789369797045,256,1,6.822484371591884,2.7436203691658143,4.195833635375429,10.611521263610486,8.927545297865047
step16000,5,line_records,1,0,8.881784197001252e-16,1.339510646456644e-13,0.10165980635810357,256,1,0.0,0.12021460712408807,0.0,0.12021460712408807,0.12021460712408807
step16000,5,line_records,1,1,1.887379141862766e-15,4.1929913617729296e-14,0.2615660997796516,256,1,0.12021460712408807,0.17709253109003464,0.1444645460159887,0.21677164163227353,0.21285235671231126
step16000,5,line_records,1,2,2.220446049250313e-15,2.1119262319658618e-14,0.25147722745823003,256,1,0.21677164163227353,0.3578661797195988,0.17035346088055048,0.40820631065694907,0.41779748807100114
step16000,5,line_records,1,3,2.1094237467877974e-15,1.0662488881005448e-14,0.3431514824917531,256,1,0.40820631065694907,0.8189082414187643,0.29735205072660964,0.9039619370061611,0.9396998923270905
step16000,5,line_records,1,4,5.329070518200751e-15,7.737183140143802e-15,2.3771357665713317,256,1,0.9039619370061611,5.9895777946413915,0.5133675061077463,6.322194730248401,6.337296098529888
step16000,5,line_records,1,5,2.042810365310288e-14,1.6601607195800153e-14,4.188089636025168,256,1,6.322194730248401,2.8505743535422328,3.7364407183069575,10.077715975446992,8.584024196778632
step16000,5,prose_facts,2,0,1.7763568394002505e-15,9.710627027313216e-14,0.09948824764454578,256,1,0.0,0.17429061103322865,0.0,0.17429061103322868,0.17429061103322865
step16000,5,prose_facts,2,1,1.7763568394002505e-15,3.2933136852027555e-14,0.25737326097752183,256,1,0.17429061103322868,0.21469236460506713,0.20371170792109639,0.29237521303041825,0.282206195955669
step16000,5,prose_facts,2,2,2.220446049250313e-15,3.318051346434442e-14,0.2689280767988136,256,1,0.29237521303041825,0.37292072960473216,0.2478460256790874,0.4720360147973569,0.4754694916164355
step16000,5,prose_facts,2,3,1.9984014443252818e-15,9.968246599460955e-15,0.3975026796269685,256,1,0.4720360147973569,0.6472302604729118,0.3714114225127869,0.8091140929045184,0.8320105278287956
step16000,5,prose_facts,2,4,4.884981308350689e-15,5.981213361961584e-15,1.8737572838924117,256,1,0.8091140929045184,5.972607016330085,0.5548368107579407,6.229191625669133,6.240180801837935
step16000,5,prose_facts,2,5,9.769962616701378e-15,6.784491784676303e-15,3.769469585144065,256,1,6.229191625669133,2.846053870950294,3.8491774014259637,10.051357896829774,8.4683308169812
step16000,5,bracket_dictionary,3,0,1.7763568394002505e-15,1.5588412196582492e-13,0.11386155503286233,256,1,0.0,0.20338495678929117,0.0,0.20338495678929117,0.20338495678929117
step16000,5,bracket_dictionary,3,1,1.7763568394002505e-15,1.846159625323677e-14,0.35736795147859657,256,1,0.20338495678929117,0.38801971264877466,0.19496493648683286,0.4349963707525659,0.4482751283132854
step16000,5,bracket_dictionary,3,2,1.6653345369377348e-15,9.635975895064156e-15,0.506349298770048,256,1,0.4349963707525659,0.907792318217859,0.33262467739303925,0.9949465739058438,1.0265902211202178
step16000,5,bracket_dictionary,3,3,3.9968028886505635e-15,1.2136815997250534e-14,0.8881868245283184,256,1,0.9949465739058438,1.3630577020944135,0.8171940019527195,1.5829122285619845,1.7074690619512305
step16000,5,bracket_dictionary,3,4,3.552713678800501e-15,4.064506992017535e-15,2.070732976304167,256,1,1.5829122285619845,5.909731346228686,0.9431481911157565,6.5872664387849715,6.594661268718093
step16000,5,bracket_dictionary,3,5,1.0658141036401503e-14,5.640700725568316e-15,5.47816108444757,256,1,6.5872664387849715,3.88831029305052,4.750293236700047,11.641645688672284,9.582340477032888
step64000,6,compact_cards,0,0,8.881784197001252e-16,1.2680923139576176e-13,0.114073806799591,256,1,0.0,0.09086300183038154,0.0,0.09086300183038157,0.09086300183038154
step64000,6,compact_cards,0,1,8.881784197001252e-16,2.1048003135704866e-14,0.32441866906069694,256,1,0.09086300183038157,0.2269593033116764,0.12058959352018461,0.25965143016979864,0.248688772864322
step64000,6,compact_cards,0,2,2.1649348980190553e-15,2.0136686321078543e-14,0.3541972038084493,256,1,0.25965143016979864,0.40874786354876647,0.22259554379256463,0.45966640435095796,0.47992597849263874
step64000,6,compact_cards,0,3,4.440892098500626e-15,2.612154721794194e-14,0.47807330418007643,256,1,0.45966640435095796,0.35977062077125843,0.37664040561726997,0.5053606745222929,0.5996950127378579
step64000,6,compact_cards,0,4,3.9968028886505635e-15,5.780560482062932e-15,2.2328786884414633,256,1,0.5053606745222929,4.924054243610286,0.4989785937021863,5.026415350924837,5.0145252129287945
step64000,6,compact_cards,0,5,6.217248937900877e-15,7.541251796415985e-15,3.756166758435965,256,1,5.026415350924837,1.6290463532530244,3.414752107374055,7.816397908670828,6.242494145676472
step64000,6,line_records,1,0,8.881784197001252e-16,2.429427777769166e-13,0.06979650215909938,256,1,0.0,0.1156520426665836,0.0,0.1156520426665836,0.1156520426665836
step64000,6,line_records,1,1,1.9984014443252818e-15,6.868375640472864e-14,0.20602064201332126,256,1,0.1156520426665836,0.1638753821971588,0.14985955467292725,0.21239066151998243,0.20151575000047564
step64000,6,line_records,1,2,1.887379141862766e-15,2.1235074746751024e-14,0.24916645372061264,256,1,0.21239066151998243,0.3601477895756451,0.16950166151971385,0.40270480250318963,0.4173026275505967
step64000,6,line_records,1,3,3.9968028886505635e-15,3.370187675371135e-14,0.3208089038662841,256,1,0.40270480250318963,0.16219550744242023,0.3181467829059536,0.321581888836906,0.42703622400581565
step64000,6,line_records,1,4,3.9968028886505635e-15,7.891840411419757e-15,1.4788497365453543,256,1,0.321581888836906,5.076801273241164,0.2869186088747835,5.1144304589765035,5.119494105556408
step64000,6,line_records,1,5,6.328271240363392e-15,5.283173880587568e-15,3.278242121002977,256,1,5.1144304589765035,1.7395951393602935,3.1480659550170706,7.84358359049168,6.466300313141082
step64000,6,prose_facts,2,0,8.881784197001252e-16,2.6009407288872315e-13,0.0995116262397584,256,1,0.0,0.12843469338949462,0.0,0.12843469338949465,0.12843469338949462
step64000,6,prose_facts,2,1,1.5543122344752192e-15,3.9569937616812425e-14,0.27335830556050944,256,1,0.12843469338949465,0.1956234563845443,0.15622589620858587,0.2447363799857891,0.23714613191821582
step64000,6,prose_facts,2,2,2.220446049250313e-15,2.435201338358569e-14,0.2546032700495051,256,1,0.2447363799857891,0.4368973228091596,0.2128977591887994,0.5006952479125535,0.5145508814179034
step64000,6,prose_facts,2,3,4.440892098500626e-15,2.7098290174878423e-14,0.4271859256786125,256,1,0.5006952479125535,0.3798658567055218,0.40228844021079785,0.5809364976871711,0.6648574945316676
step64000,6,prose_facts,2,4,4.440892098500626e-15,7.079424651155394e-15,1.7292006725930784,256,1,0.5809364976871711,5.425728515832844,0.4567115319977922,5.589604978248791,5.59871657268333
step64000,6,prose_facts,2,5,5.995204332975845e-15,6.3276433191387175e-15,3.4984013849597657,256,1,5.589604978248791,1.9120997836516138,3.7705440329833375,8.767842253437097,7.008815372784365
step64000,6,bracket_dictionary,3,0,8.881784197001252e-16,7.606678320717986e-14,0.11968615806379912,256,1,0.0,0.11312776582453223,0.0,0.1131277658245322,0.11312776582453223
step64000,6,bracket_dictionary,3,1,1.9984014443252818e-15,3.170568189290833e-14,0.34265435192648647,256,1,0.1131277658245322,0.2865782937300968,0.12474910929063039,0.31078375932382163,0.30871873426676244
step64000,6,bracket_dictionary,3,2,1.7763568394002505e-15,1.59451707266151e-14,0.5183468540839902,256,1,0.31078375932382163,0.6265568375894918,0.24184478259909348,0.6921669489319128,0.7157049719047647
step64000,6,bracket_dictionary,3,3,4.884981308350689e-15,2.1708281508206144e-14,0.8674465870830108,256,1,0.6921669489319128,0.5429032422771609,0.6052327056983975,0.755293402017128,0.912731766840039
step64000,6,bracket_dictionary,3,4,3.9968028886505635e-15,8.54366279298063e-15,1.2503973494576255,256,1,0.755293402017128,3.418631172752548,0.5605174916532795,3.643469752765351,3.6512216804739417
step64000,6,bracket_dictionary,3,5,5.329070518200751e-15,5.1260069535926654e-15,2.6091785382438055,256,1,3.643469752765351,1.0488457272674356,2.6808037204310335,5.664287785394105,4.275777797699357
step143000,7,compact_cards,0,0,4.440892098500626e-16,1.0128033622790636e-13,0.05093097750303821,256,1,0.0,0.06439439811636283,0.0,0.06439439811636283,0.06439439811636283
step143000,7,compact_cards,0,1,4.440892098500626e-16,1.3244596629267997e-14,0.1705286280741028,256,1,0.06439439811636283,0.2279280072386895,0.06873949893764408,0.23883356940765577,0.23887536763190242
step143000,7,compact_cards,0,2,1.3322676295501878e-15,1.1214149298145394e-14,0.32397824737903114,256,1,0.23883356940765577,0.45505569640492266,0.207142171626519,0.5047045516795718,0.5201091758458761
step143000,7,compact_cards,0,3,1.3322676295501878e-15,7.213139177857736e-15,0.6500875698029143,256,1,0.5047045516795718,1.153372490452801,0.4692215083464034,1.2558401948479654,1.3145839948203002
step143000,7,compact_cards,0,4,1.7763568394002505e-15,5.632088259127954e-15,1.7472215123593373,256,1,1.2558401948479654,2.43292941641755,0.9452652127008164,3.1221167608888014,3.0919016129202106
step143000,7,compact_cards,0,5,3.3306690738754696e-15,5.135351209021371e-15,2.2265126016911863,256,1,3.1221167608888014,1.5051656549357983,2.5662945582938805,5.148646601444062,4.093599038829622
step143000,7,line_records,1,0,4.440892098500626e-16,5.939527790713187e-14,0.04230454346385537,256,1,0.0,0.09057862258630728,0.0,0.09057862258630728,0.09057862258630728
step143000,7,line_records,1,1,5.551115123125783e-16,1.6467457249572516e-14,0.11343614563118296,256,1,0.09057862258630728,0.12704532435000235,0.10040865080226685,0.15627295218312195,0.15129992317821045
step143000,7,line_records,1,2,1.1102230246251565e-15,1.0632801238721845e-14,0.20307699418063418,256,1,0.15627295218312195,0.2910646378867858,0.1580281997157889,0.31876508725621866,0.32906527926440093
step143000,7,line_records,1,3,8.881784197001252e-16,8.063489902385883e-15,0.3400589021543088,256,1,0.31876508725621866,0.43168147348389785,0.29334434988463903,0.5130679330613523,0.5812093209383001
step143000,7,line_records,1,4,1.4432899320127035e-15,5.533299239911059e-15,0.8587312102026262,256,1,0.5130679330613523,1.883616819267924,0.40137397103963807,2.0888332689552476,2.0792137400105144
step143000,7,line_records,1,5,3.219646771412954e-15,9.75926635080055e-15,1.4550133938707133,256,1,2.0888332689552476,1.4164810453981964,1.881725193454928,3.793175758059618,2.996984276584849
step143000,7,prose_facts,2,0,4.440892098500626e-16,1.3883743339072436e-13,0.13061855484886253,256,1,0.0,0.10898193466516552,0.0,0.10898193466516552,0.10898193466516552
step143000,7,prose_facts,2,1,5.551115123125783e-16,2.825263701668053e-14,0.25719094163150297,256,1,0.10898193466516552,0.16060070777432484,0.11704598285287326,0.20091047793729153,0.19663430647473834
step143000,7,prose_facts,2,2,8.881784197001252e-16,1.1769805182279853e-14,0.2586593339547566,256,1,0.20091047793729153,0.2742325807265062,0.20231004924541995,0.34172457828434455,0.3467672687300309
step143000,7,prose_facts,2,3,1.1102230246251565e-15,6.8581782346640676e-15,0.38486838893626896,256,1,0.34172457828434455,0.787674169781585,0.3321981729642456,0.8890083239405426,0.9015287698488462
step143000,7,prose_facts,2,4,1.3600232051658168e-15,6.182088694253834e-15,1.0751878325724133,256,1,0.8890083239405426,2.0095301467680855,0.5767766812427637,2.4717936695440375,2.4680102677543143
step143000,7,prose_facts,2,5,3.3861802251067274e-15,2.003085174708096e-14,1.6655418701894968,256,1,2.4717936695440375,1.594648286920909,2.0947369253261514,4.376035389852493,3.5353600553792255
step143000,7,bracket_dictionary,3,0,4.440892098500626e-16,6.867458369706992e-14,0.09666924538407562,256,1,0.0,0.07411877772782804,0.0,0.07411877772782804,0.07411877772782804
step143000,7,bracket_dictionary,3,1,8.881784197001252e-16,1.9276167941162143e-14,0.1807129329019312,256,1,0.07411877772782804,0.2142521578370978,0.08323717478901065,0.23232598247637445,0.22777045488081227
step143000,7,bracket_dictionary,3,2,1.1102230246251565e-15,7.804785895201004e-15,0.38437898079870214,256,1,0.23232598247637445,0.4503473980002033,0.18385070560637826,0.48863123882540643,0.5137988553428556
step143000,7,bracket_dictionary,3,3,2.220446049250313e-15,8.067876686481074e-15,0.5355888089159855,256,1,0.48863123882540643,0.8383110918261543,0.4439168532073634,0.9251785818130589,1.012801376990618
step143000,7,bracket_dictionary,3,4,1.609823385706477e-15,5.3863664254443826e-15,0.8502986107711756,256,1,0.9251785818130589,1.9003963194586437,0.5425935542302961,2.3350409017364333,2.357746804313262
step143000,7,bracket_dictionary,3,5,2.220446049250313e-15,6.00233551883023e-15,1.4173929009818336,256,1,2.3350409017364333,1.589377319697336,2.146011629596061,4.2105144115213164,3.3335954304065165
