analysis_schema_version,run_key,run_label,seed,step,group,relative_drift,alignment,effective_rank,frobenius_norm,initial_frobenius_norm,relative_amplitude,parameter_count,active_for_shape_interpretation
1,primary_noffn,"Primary: C64, d16, H4, no FFN",0,0,full,0.0,0.9999999403953552,2.946927547454834,0.3198792040348053,0.3198792040348053,1.0,3265,True
1,primary_noffn,"Primary: C64, d16, H4, no FFN",0,0,E,0.0,1.0000001192092896,4.007865905761719,0.16981691122055054,0.16981691122055054,1.0,1152,True
1,primary_noffn,"Primary: C64, d16, H4, no FFN",0,0,QK,0.0,0.9999999403953552,4.9328293800354,0.05162885785102844,0.05162885785102844,1.0,1024,True
1,primary_noffn,"Primary: C64, d16, H4, no FFN",0,0,OV,0.0,1.0,2.998835802078247,0.3813839554786682,0.3813839554786682,1.0,1024,True
1,primary_noffn,"Primary: C64, d16, H4, no FFN",0,0,FFN,0.0,0.0,0.0,0.0,0.0,0.0,0,False
1,primary_noffn,"Primary: C64, d16, H4, no FFN",0,0,readout,0.0,1.0000001192092896,1.6148024797439575,13.763899803161621,13.763899803161621,1.0,33,True
1,primary_noffn,"Primary: C64, d16, H4, no FFN",0,50,full,0.5916686654090881,0.824626088142395,5.871379852294922,0.20830227434635162,0.3198792040348053,0.6511904235065145,3265,True
1,primary_noffn,"Primary: C64, d16, H4, no FFN",0,50,E,0.9912785291671753,0.4267391860485077,9.077523231506348,0.1413930207490921,0.16981691122055054,0.8326203776339874,1152,True
1,primary_noffn,"Primary: C64, d16, H4, no FFN",0,50,QK,2.4937336444854736,0.3838559687137604,5.492941379547119,0.1394149661064148,0.05162885785102844,2.7003302398958193,1024,True
1,primary_noffn,"Primary: C64, d16, H4, no FFN",0,50,OV,0.8223602175712585,0.7182122468948364,4.693320274353027,0.10675478726625443,0.3813839554786682,0.27991420649111576,1024,True
1,primary_noffn,"Primary: C64, d16, H4, no FFN",0,50,FFN,0.0,0.0,0.0,0.0,0.0,0.0,0,False
1,primary_noffn,"Primary: C64, d16, H4, no FFN",0,50,readout,0.32481834292411804,0.9498507976531982,1.9518777132034302,11.864032745361328,13.763899803161621,0.861967386789325,33,True
1,primary_noffn,"Primary: C64, d16, H4, no FFN",0,100,full,0.9558199048042297,0.3203420639038086,3.0470058917999268,0.14319829642772675,0.3198792040348053,0.4476636637252157,3265,True
1,primary_noffn,"Primary: C64, d16, H4, no FFN",0,100,E,0.9539870023727417,0.30034419894218445,4.269151210784912,0.04807272553443909,0.16981691122055054,0.2830856196177329,1152,True
1,primary_noffn,"Primary: C64, d16, H4, no FFN",0,100,QK,0.9940388798713684,0.25844693183898926,4.252732753753662,0.025441255420446396,0.05162885785102844,0.4927719976656351,1024,True
1,primary_noffn,"Primary: C64, d16, H4, no FFN",0,100,OV,0.9780359864234924,0.20913107693195343,3.1428592205047607,0.0732603371143341,0.3813839554786682,0.1920907685337375,1024,True
1,primary_noffn,"Primary: C64, d16, H4, no FFN",0,100,FFN,0.0,0.0,0.0,0.0,0.0,0.0,0,False
1,primary_noffn,"Primary: C64, d16, H4, no FFN",0,100,readout,1.0806080102920532,0.30072611570358276,1.900797724723816,11.132387161254883,13.763899803161621,0.8088105348382244,33,True
1,primary_noffn,"Primary: C64, d16, H4, no FFN",0,400,full,1.0257058143615723,0.1582127958536148,1.4779353141784668,0.13943170011043549,0.3198792040348053,0.43588860529759305,3265,True
1,primary_noffn,"Primary: C64, d16, H4, no FFN",0,400,E,0.9825910925865173,0.6755375862121582,5.173239231109619,0.004423446487635374,0.16981691122055054,0.02604832731818094,1152,True
1,primary_noffn,"Primary: C64, d16, H4, no FFN",0,400,QK,0.9931268692016602,0.24158713221549988,3.8814146518707275,0.0015615395968779922,0.05162885785102844,0.03024548018055539,1024,True
1,primary_noffn,"Primary: C64, d16, H4, no FFN",0,400,OV,0.9957391023635864,0.09444989264011383,1.8739051818847656,0.04381177946925163,0.3813839554786682,0.11487578027309578,1024,True
1,primary_noffn,"Primary: C64, d16, H4, no FFN",0,400,FFN,0.0,0.0,0.0,0.0,0.0,0.0,0,False
1,primary_noffn,"Primary: C64, d16, H4, no FFN",0,400,readout,1.2409696578979492,0.15048551559448242,1.3569328784942627,12.39558219909668,13.763899803161621,0.900586489030483,33,True
1,primary_ffn,"Primary: C64, d16, H4, FFN32",0,0,full,0.0,1.0,2.964258909225464,0.4419249892234802,0.4419249892234802,1.0,5441,True
1,primary_ffn,"Primary: C64, d16, H4, FFN32",0,0,E,0.0,0.9999999403953552,4.90571403503418,0.29270076751708984,0.29270076751708984,1.0,1152,True
1,primary_ffn,"Primary: C64, d16, H4, FFN32",0,0,QK,0.0,1.0,3.730814218521118,0.15450206398963928,0.15450206398963928,1.0,1024,True
1,primary_ffn,"Primary: C64, d16, H4, FFN32",0,0,OV,0.0,1.0,2.7187492847442627,0.7038117051124573,0.7038117051124573,1.0,1024,True
1,primary_ffn,"Primary: C64, d16, H4, FFN32",0,0,FFN,0.0,1.0000001192092896,2.3688390254974365,0.3691205084323883,0.3691205084323883,1.0,2176,True
1,primary_ffn,"Primary: C64, d16, H4, FFN32",0,0,readout,0.0,1.0,2.0678353309631348,12.745535850524902,12.745535850524902,1.0,33,True
1,primary_ffn,"Primary: C64, d16, H4, FFN32",0,50,full,0.746638834476471,0.9432049989700317,2.4315812587738037,0.12132864445447922,0.4419249892234802,0.2745457881159186,5441,True
1,primary_ffn,"Primary: C64, d16, H4, FFN32",0,50,E,0.9104450941085815,0.5449872612953186,8.573498725891113,0.05565207079052925,0.29270076751708984,0.19013298551490784,1152,True
1,primary_ffn,"Primary: C64, d16, H4, FFN32",0,50,QK,0.9203317165374756,0.4006860852241516,6.229911804199219,0.04847318306565285,0.15450206398963928,0.31373809393836577,1024,True
1,primary_ffn,"Primary: C64, d16, H4, FFN32",0,50,OV,0.93513023853302,0.9284172654151917,2.7576868534088135,0.049452535808086395,0.7038117051124573,0.07026387235231434,1024,True
1,primary_ffn,"Primary: C64, d16, H4, FFN32",0,50,FFN,0.9307182431221008,0.9299045205116272,1.7704333066940308,0.027663080021739006,0.3691205084323883,0.07494322149484697,2176,True
1,primary_ffn,"Primary: C64, d16, H4, FFN32",0,50,readout,0.28485107421875,0.9750702381134033,1.2411657571792603,14.704296112060547,12.745535850524902,1.1536820644112014,33,True
1,primary_ffn,"Primary: C64, d16, H4, FFN32",0,100,full,0.8595455884933472,0.6109869480133057,4.142704963684082,0.12203238159418106,0.4419249892234802,0.27613822383886427,5441,True
1,primary_ffn,"Primary: C64, d16, H4, FFN32",0,100,E,1.2280000448226929,0.09304623305797577,2.2189254760742188,0.23762156069278717,0.29270076751708984,0.8118241804026469,1152,True
1,primary_ffn,"Primary: C64, d16, H4, FFN32",0,100,QK,1.208688735961914,0.08724702894687653,2.692488431930542,0.11923655867576599,0.15450206398963928,0.771747351438372,1024,True
1,primary_ffn,"Primary: C64, d16, H4, FFN32",0,100,OV,0.9733463525772095,0.4663473069667816,5.201910495758057,0.042432382702827454,0.7038117051124573,0.060289396147578236,1024,True
1,primary_ffn,"Primary: C64, d16, H4, FFN32",0,100,FFN,0.9519544243812561,0.7346721887588501,2.9562103748321533,0.024682946503162384,0.3691205084323883,0.06686961558431953,2176,True
1,primary_ffn,"Primary: C64, d16, H4, FFN32",0,100,readout,0.5287319421768188,0.8493713140487671,2.008234739303589,11.226520538330078,12.745535850524902,0.8808198156586515,33,True
1,primary_ffn,"Primary: C64, d16, H4, FFN32",0,400,full,0.9041287302970886,0.6224865317344666,2.1572468280792236,0.07503245770931244,0.4419249892234802,0.16978550554734242,5441,True
1,primary_ffn,"Primary: C64, d16, H4, FFN32",0,400,E,0.9962248802185059,0.7416166067123413,6.208736419677734,0.001492277137003839,0.29270076751708984,0.0050983027808996426,1152,True
1,primary_ffn,"Primary: C64, d16, H4, FFN32",0,400,QK,0.9965991973876953,0.2478550225496292,2.4357457160949707,0.00217824662104249,0.15450206398963928,0.014098495287341667,1024,True
1,primary_ffn,"Primary: C64, d16, H4, FFN32",0,400,OV,0.9931454658508301,0.4185694754123688,3.382321357727051,0.0117192966863513,0.7038117051124573,0.01665118184483555,1024,True
1,primary_ffn,"Primary: C64, d16, H4, FFN32",0,400,FFN,0.9673762321472168,0.644389271736145,2.2424352169036865,0.019154010340571404,0.3691205084323883,0.05189094050047842,2176,True
1,primary_ffn,"Primary: C64, d16, H4, FFN32",0,400,readout,0.7994178533554077,0.6343991756439209,2.063933849334717,10.683196067810059,12.745535850524902,0.8381912061680867,33,True
1,highlr_plateau,"High LR plateau: C128, d32, H1",0,0,full,0.0,1.0,3.7764036655426025,0.3699883222579956,0.3699883222579956,1.0,12673,True
1,highlr_plateau,"High LR plateau: C128, d32, H1",0,0,E,0.0,1.0000001192092896,3.902632236480713,0.26853930950164795,0.26853930950164795,1.0,4352,True
1,highlr_plateau,"High LR plateau: C128, d32, H1",0,0,QK,0.0,0.9999999403953552,5.960639476776123,0.0751694068312645,0.0751694068312645,1.0,4096,True
1,highlr_plateau,"High LR plateau: C128, d32, H1",0,0,OV,0.0,1.0,3.3759288787841797,0.6425473690032959,0.6425473690032959,1.0,4096,True
1,highlr_plateau,"High LR plateau: C128, d32, H1",0,0,FFN,0.0,0.0,0.0,0.0,0.0,0.0,0,False
1,highlr_plateau,"High LR plateau: C128, d32, H1",0,0,readout,0.0,1.0000001192092896,2.5390079021453857,10.597345352172852,10.597345352172852,1.0,65,True
1,highlr_plateau,"High LR plateau: C128, d32, H1",0,100,full,0.7610032558441162,0.9504316449165344,1.0641733407974243,0.09466082602739334,0.3699883222579956,0.2558481452865576,12673,True
1,highlr_plateau,"High LR plateau: C128, d32, H1",0,100,E,0.9979578852653503,0.9211617112159729,2.4301278591156006,0.0005954445223324001,0.26853930950164795,0.002217345845706608,4352,True
1,highlr_plateau,"High LR plateau: C128, d32, H1",0,100,QK,1.0,0.09511388093233109,8.791534722440986e-10,2.4851735253017537e-11,0.0751694068312645,3.3060970281171875e-10,4096,False
1,highlr_plateau,"High LR plateau: C128, d32, H1",0,100,OV,0.924036979675293,0.9512729644775391,1.1631126403808594,0.05153355747461319,0.6425473690032959,0.08020195858019123,4096,True
1,highlr_plateau,"High LR plateau: C128, d32, H1",0,100,FFN,0.0,0.0,0.0,0.0,0.0,0.0,0,False
1,highlr_plateau,"High LR plateau: C128, d32, H1",0,100,readout,0.537254273891449,0.9636566638946533,1.040207862854004,15.151932716369629,10.597345352172852,1.4297856880980968,65,True
1,highlr_plateau,"High LR plateau: C128, d32, H1",0,400,full,0.801649808883667,0.9499058127403259,1.0326006412506104,0.07832266390323639,0.3699883222579956,0.21168955664665928,12673,True
1,highlr_plateau,"High LR plateau: C128, d32, H1",0,400,E,0.9992789626121521,0.9307754635810852,2.5670714378356934,0.0002080455160466954,0.26853930950164795,0.0007747302115015631,4352,True
1,highlr_plateau,"High LR plateau: C128, d32, H1",0,400,QK,1.0,0.07234753668308258,3.766514211633876e-09,5.6163424605459866e-11,0.0751694068312645,7.471580124548801e-10,4096,False
1,highlr_plateau,"High LR plateau: C128, d32, H1",0,400,OV,0.9595483541488647,0.9511240720748901,1.111815333366394,0.027388768270611763,0.6425473690032959,0.04262529051063825,4096,True
1,highlr_plateau,"High LR plateau: C128, d32, H1",0,400,FFN,0.0,0.0,0.0,0.0,0.0,0.0,0,False
1,highlr_plateau,"High LR plateau: C128, d32, H1",0,400,readout,0.41264471411705017,0.963184654712677,1.02127206325531,13.524697303771973,10.597345352172852,1.276234458188994,65,True
1,tuned,"Tuned: C128, d32, H1",0,0,full,0.0,1.0,3.7764036655426025,0.3699883222579956,0.3699883222579956,1.0,12673,True
1,tuned,"Tuned: C128, d32, H1",0,0,E,0.0,1.0000001192092896,3.902632236480713,0.26853930950164795,0.26853930950164795,1.0,4352,True
1,tuned,"Tuned: C128, d32, H1",0,0,QK,0.0,0.9999999403953552,5.960639476776123,0.0751694068312645,0.0751694068312645,1.0,4096,True
1,tuned,"Tuned: C128, d32, H1",0,0,OV,0.0,1.0,3.3759288787841797,0.6425473690032959,0.6425473690032959,1.0,4096,True
1,tuned,"Tuned: C128, d32, H1",0,0,FFN,0.0,0.0,0.0,0.0,0.0,0.0,0,False
1,tuned,"Tuned: C128, d32, H1",0,0,readout,0.0,1.0000001192092896,2.5390079021453857,10.597345352172852,10.597345352172852,1.0,65,True
1,tuned,"Tuned: C128, d32, H1",0,100,full,0.8071045279502869,0.7509293556213379,6.7671990394592285,0.1061539500951767,0.3699883222579956,0.2869116231759195,12673,True
1,tuned,"Tuned: C128, d32, H1",0,100,E,0.9310373067855835,0.5039322376251221,8.629338264465332,0.041999701410532,0.26853930950164795,0.15640057125518994,4352,True
1,tuned,"Tuned: C128, d32, H1",0,100,QK,0.9837705492973328,0.18227311968803406,5.74817419052124,0.016111643984913826,0.0751694068312645,0.21433778267108347,4096,True
1,tuned,"Tuned: C128, d32, H1",0,100,OV,0.8182554841041565,0.7883375883102417,6.8451924324035645,0.1599149852991104,0.6425473690032959,0.24887657006076722,4096,True
1,tuned,"Tuned: C128, d32, H1",0,100,FFN,0.0,0.0,0.0,0.0,0.0,0.0,0,False
1,tuned,"Tuned: C128, d32, H1",0,100,readout,0.7945407032966614,0.6343967914581299,3.5406553745269775,8.669897079467773,10.597345352172852,0.8181197074690145,65,True
1,tuned,"Tuned: C128, d32, H1",0,400,full,0.9353994131088257,0.3743036091327667,2.5493011474609375,0.09306059777736664,0.3699883222579956,0.25152306756448056,12673,True
1,tuned,"Tuned: C128, d32, H1",0,400,E,0.97722327709198,0.805012583732605,5.161462783813477,0.0076466822065413,0.26853930950164795,0.028475094468411056,4352,True
1,tuned,"Tuned: C128, d32, H1",0,400,QK,0.9980965256690979,0.14323189854621887,3.636741876602173,0.001049081445671618,0.0751694068312645,0.013956228868833957,4096,True
1,tuned,"Tuned: C128, d32, H1",0,400,OV,0.9233149290084839,0.6036874055862427,4.280465602874756,0.08861350268125534,0.6425473690032959,0.13790968099162942,4096,True
1,tuned,"Tuned: C128, d32, H1",0,400,FFN,0.0,0.0,0.0,0.0,0.0,0.0,0,False
1,tuned,"Tuned: C128, d32, H1",0,400,readout,1.4065806865692139,0.19744521379470825,1.5770343542099,12.781821250915527,10.597345352172852,1.2061342559053978,65,True
1,tuned,"Tuned: C128, d32, H1",0,800,full,0.9557020664215088,0.29806986451148987,1.9736353158950806,0.09288153797388077,0.3699883222579956,0.2510391068751456,12673,True
1,tuned,"Tuned: C128, d32, H1",0,800,E,0.9856235384941101,0.8918527960777283,4.002130031585693,0.004336942452937365,0.26853930950164795,0.016150121414201187,4352,True
1,tuned,"Tuned: C128, d32, H1",0,800,QK,0.999360203742981,0.17121946811676025,4.817479133605957,0.00028390210354700685,0.0751694068312645,0.00377683043560916,4096,True
1,tuned,"Tuned: C128, d32, H1",0,800,OV,0.9437774419784546,0.5365375876426697,3.598440408706665,0.07321210950613022,0.6425473690032959,0.11394040819075346,4096,True
1,tuned,"Tuned: C128, d32, H1",0,800,FFN,0.0,0.0,0.0,0.0,0.0,0.0,0,False
1,tuned,"Tuned: C128, d32, H1",0,800,readout,1.5022313594818115,0.15984484553337097,1.3695224523544312,13.693987846374512,10.597345352172852,1.2922092648010883,65,True
