accuracy,arm,nll,num_kv_pairs,ov_factor_norm,ov_gradient_norm,qk_factor_norm,qk_gradient_norm,seed,sequence_length,step
0.91015625,qk-small,0.7483642101287842,4,24.021340776450515,5.939370795773509,21.900522960881162,6.532448862393541,100,64,3200
0.888671875,qk-small,0.7122035026550293,16,24.021340776450515,,21.900522960881162,,100,256,3200
0.8115234375,qk-small,1.3876653909683228,16,24.021340776450515,,21.900522960881162,,100,512,3200
0.3818359375,qk-small,7.405684471130371,32,24.021340776450515,,21.900522960881162,,100,1024,3200
0.06640625,qk-zero,6.0030059814453125,4,19.94071642722145,0.7390480695116124,0.0,0.0,100,64,3200
0.001953125,qk-zero,7.846841335296631,16,19.94071642722145,,0.0,,100,256,3200
0.0068359375,qk-zero,7.832624435424805,16,19.94071642722145,,0.0,,100,512,3200
0.00244140625,qk-zero,8.116061210632324,32,19.94071642722145,,0.0,,100,1024,3200
0.91796875,standard,0.5878117680549622,4,24.120189325465784,2.7720182341832924,23.298723706502223,2.914868008841603,100,64,3200
0.91015625,standard,0.5871107578277588,16,24.120189325465784,,23.298723706502223,,100,256,3200
0.8271484375,standard,1.4199926853179932,16,24.120189325465784,,23.298723706502223,,100,512,3200
0.42236328125,standard,7.239668846130371,32,24.120189325465784,,23.298723706502223,,100,1024,3200
0.95703125,qk-small,0.4815562963485718,4,24.46784110104643,2.0160561918376136,21.913500925848165,6.103411286360481,101,64,3200
0.9345703125,qk-small,0.34124836325645447,16,24.46784110104643,,21.913500925848165,,101,256,3200
0.888671875,qk-small,0.8077716827392578,16,24.46784110104643,,21.913500925848165,,101,512,3200
0.39794921875,qk-small,7.452164649963379,32,24.46784110104643,,21.913500925848165,,101,1024,3200
0.0703125,qk-zero,6.05328369140625,4,20.292922647550494,0.7583884865812608,0.0,0.0,101,64,3200
0.0087890625,qk-zero,7.752898693084717,16,20.292922647550494,,0.0,,101,256,3200
0.005859375,qk-zero,7.864472389221191,16,20.292922647550494,,0.0,,101,512,3200
0.00439453125,qk-zero,8.105538368225098,32,20.292922647550494,,0.0,,101,1024,3200
0.9140625,standard,0.5923422574996948,4,24.063132082080887,3.9189829061707444,22.677314132149093,3.2266272429835774,101,64,3200
0.8896484375,standard,0.6511090993881226,16,24.063132082080887,,22.677314132149093,,101,256,3200
0.837890625,standard,1.0445458889007568,16,24.063132082080887,,22.677314132149093,,101,512,3200
0.39013671875,standard,7.619355201721191,32,24.063132082080887,,22.677314132149093,,101,1024,3200
0.89453125,qk-small,0.9168738722801208,4,25.76607911384658,3.1262012153756897,21.45629459313132,3.394782726176353,102,64,3200
0.783203125,qk-small,1.0743967294692993,16,25.76607911384658,,21.45629459313132,,102,256,3200
0.73828125,qk-small,1.4582897424697876,16,25.76607911384658,,21.45629459313132,,102,512,3200
0.34130859375,qk-small,8.19276237487793,32,25.76607911384658,,21.45629459313132,,102,1024,3200
0.09765625,qk-zero,5.90869140625,4,20.277275930433447,0.882460085768502,0.0,0.0,102,64,3200
0.0107421875,qk-zero,7.743341445922852,16,20.277275930433447,,0.0,,102,256,3200
0.0068359375,qk-zero,7.815391540527344,16,20.277275930433447,,0.0,,102,512,3200
0.00390625,qk-zero,8.101089477539062,32,20.277275930433447,,0.0,,102,1024,3200
0.875,standard,0.9133813977241516,4,25.439376087035466,3.9527296868830946,23.52235291006793,4.43424416966329,102,64,3200
0.857421875,standard,0.7202584147453308,16,25.439376087035466,,23.52235291006793,,102,256,3200
0.787109375,standard,1.2901673316955566,16,25.439376087035466,,23.52235291006793,,102,512,3200
0.36767578125,standard,7.900546073913574,32,25.439376087035466,,23.52235291006793,,102,1024,3200
0.94921875,qk-small,0.470578670501709,4,24.369127123591174,1.673691508013133,21.81889826544742,1.8473639671072266,103,64,3200
0.939453125,qk-small,0.4404948353767395,16,24.369127123591174,,21.81889826544742,,103,256,3200
0.8876953125,qk-small,0.8756546974182129,16,24.369127123591174,,21.81889826544742,,103,512,3200
0.43017578125,qk-small,7.656095504760742,32,24.369127123591174,,21.81889826544742,,103,1024,3200
0.08203125,qk-zero,6.232309341430664,4,19.961156317599553,0.8148737247045416,0.0,0.0,103,64,3200
0.005859375,qk-zero,7.8075361251831055,16,19.961156317599553,,0.0,,103,256,3200
0.009765625,qk-zero,7.886658191680908,16,19.961156317599553,,0.0,,103,512,3200
0.00390625,qk-zero,8.11568832397461,32,19.961156317599553,,0.0,,103,1024,3200
0.88671875,standard,0.8318163156509399,4,24.76288544818454,2.9781603382005777,23.225322301494565,2.441006202931094,103,64,3200
0.7998046875,standard,1.1577186584472656,16,24.76288544818454,,23.225322301494565,,103,256,3200
0.7568359375,standard,1.5488975048065186,16,24.76288544818454,,23.225322301494565,,103,512,3200
0.35546875,standard,8.170084953308105,32,24.76288544818454,,23.225322301494565,,103,1024,3200
0.88671875,qk-small,0.7857556343078613,4,25.19542864632265,6.366753207575445,22.257589738774822,6.346899832174089,104,64,3200
0.6923828125,qk-small,1.6547483205795288,16,25.19542864632265,,22.257589738774822,,104,256,3200
0.6669921875,qk-small,2.017285108566284,16,25.19542864632265,,22.257589738774822,,104,512,3200
0.31005859375,qk-small,8.426033020019531,32,25.19542864632265,,22.257589738774822,,104,1024,3200
0.06640625,qk-zero,6.196002006530762,4,19.820354312766916,0.763771449881552,0.0,0.0,104,64,3200
0.0048828125,qk-zero,7.857928276062012,16,19.820354312766916,,0.0,,104,256,3200
0.00390625,qk-zero,7.854243755340576,16,19.820354312766916,,0.0,,104,512,3200
0.00341796875,qk-zero,8.125285148620605,32,19.820354312766916,,0.0,,104,1024,3200
0.96875,standard,0.16395676136016846,4,23.970627235000915,3.3694433213221284,22.964095576985944,3.1151049926868866,104,64,3200
0.8857421875,standard,0.733759880065918,16,23.970627235000915,,22.964095576985944,,104,256,3200
0.84375,standard,1.259050965309143,16,23.970627235000915,,22.964095576985944,,104,512,3200
0.4599609375,standard,6.754194736480713,32,23.970627235000915,,22.964095576985944,,104,1024,3200
0.8203125,qk-small,0.9569970369338989,4,25.071008412850475,4.066703421902546,19.936088535966416,3.2480272962477277,105,64,3200
0.74609375,qk-small,1.3513824939727783,16,25.071008412850475,,19.936088535966416,,105,256,3200
0.6943359375,qk-small,1.9414548873901367,16,25.071008412850475,,19.936088535966416,,105,512,3200
0.31689453125,qk-small,9.0192289352417,32,25.071008412850475,,19.936088535966416,,105,1024,3200
0.0703125,qk-zero,5.963014602661133,4,19.994837428407667,0.6707713292690258,0.0,0.0,105,64,3200
0.005859375,qk-zero,7.8427934646606445,16,19.994837428407667,,0.0,,105,256,3200
0.005859375,qk-zero,7.857367992401123,16,19.994837428407667,,0.0,,105,512,3200
0.001953125,qk-zero,8.122052192687988,32,19.994837428407667,,0.0,,105,1024,3200
0.85546875,standard,1.073168158531189,4,25.06813121137523,4.604535870759491,22.41089993672992,4.325696785590467,105,64,3200
0.7861328125,standard,1.2359049320220947,16,25.06813121137523,,22.41089993672992,,105,256,3200
0.7666015625,standard,1.500342607498169,16,25.06813121137523,,22.41089993672992,,105,512,3200
0.3583984375,standard,8.224649429321289,32,25.06813121137523,,22.41089993672992,,105,1024,3200
0.90234375,qk-small,0.5994165539741516,4,25.9483944177514,2.834276889559408,20.83898798178502,2.580527298928947,106,64,3200
0.7607421875,qk-small,1.2425966262817383,16,25.9483944177514,,20.83898798178502,,106,256,3200
0.67578125,qk-small,2.300893545150757,16,25.9483944177514,,20.83898798178502,,106,512,3200
0.33935546875,qk-small,8.343799591064453,32,25.9483944177514,,20.83898798178502,,106,1024,3200
0.0703125,qk-zero,6.480096817016602,4,19.816526948368377,0.5905177833438677,0.0,0.0,106,64,3200
0.0068359375,qk-zero,7.803759574890137,16,19.816526948368377,,0.0,,106,256,3200
0.00390625,qk-zero,7.896834373474121,16,19.816526948368377,,0.0,,106,512,3200
0.0029296875,qk-zero,8.126907348632812,32,19.816526948368377,,0.0,,106,1024,3200
0.92578125,standard,0.6175637245178223,4,23.67065621943041,2.5434201660878952,22.724167798272028,1.9410505639581157,106,64,3200
0.9150390625,standard,0.45436787605285645,16,23.67065621943041,,22.724167798272028,,106,256,3200
0.865234375,standard,0.9429641962051392,16,23.67065621943041,,22.724167798272028,,106,512,3200
0.4013671875,standard,7.664745330810547,32,23.67065621943041,,22.724167798272028,,106,1024,3200
0.91796875,qk-small,0.7664317488670349,4,23.9822729326512,3.372489884108642,21.291631197168876,2.206274646697433,107,64,3200
0.873046875,qk-small,0.6851769685745239,16,23.9822729326512,,21.291631197168876,,107,256,3200
0.84765625,qk-small,1.0440607070922852,16,23.9822729326512,,21.291631197168876,,107,512,3200
0.35791015625,qk-small,8.189521789550781,32,23.9822729326512,,21.291631197168876,,107,1024,3200
0.0703125,qk-zero,6.280928134918213,4,20.108469719654142,0.6580784825391677,0.0,0.0,107,64,3200
0.0068359375,qk-zero,7.870359420776367,16,20.108469719654142,,0.0,,107,256,3200
0.0048828125,qk-zero,7.833612442016602,16,20.108469719654142,,0.0,,107,512,3200
0.0009765625,qk-zero,8.141430854797363,32,20.108469719654142,,0.0,,107,1024,3200
0.921875,standard,0.727811336517334,4,24.733642162423944,3.816137733739152,22.6246530074177,3.446252872135515,107,64,3200
0.8701171875,standard,0.7671894431114197,16,24.733642162423944,,22.6246530074177,,107,256,3200
0.8271484375,standard,1.1841564178466797,16,24.733642162423944,,22.6246530074177,,107,512,3200
0.37939453125,standard,8.041358947753906,32,24.733642162423944,,22.6246530074177,,107,1024,3200
0.890625,qk-small,0.788758397102356,4,26.144621202150837,4.232814771407209,21.07851401069748,5.656714573312659,108,64,3200
0.826171875,qk-small,1.117811679840088,16,26.144621202150837,,21.07851401069748,,108,256,3200
0.73046875,qk-small,2.041933298110962,16,26.144621202150837,,21.07851401069748,,108,512,3200
0.36474609375,qk-small,7.8006792068481445,32,26.144621202150837,,21.07851401069748,,108,1024,3200
0.078125,qk-zero,6.210694789886475,4,20.000421352716394,0.752027459464704,0.0,0.0,108,64,3200
0.0068359375,qk-zero,7.788660049438477,16,20.000421352716394,,0.0,,108,256,3200
0.00390625,qk-zero,7.882713317871094,16,20.000421352716394,,0.0,,108,512,3200
0.00390625,qk-zero,8.11631965637207,32,20.000421352716394,,0.0,,108,1024,3200
0.9375,standard,0.46473607420921326,4,23.360028577355973,4.498544258820436,22.765924225295777,2.4756460406202385,108,64,3200
0.91796875,standard,0.5413005948066711,16,23.360028577355973,,22.765924225295777,,108,256,3200
0.8818359375,standard,0.8505172729492188,16,23.360028577355973,,22.765924225295777,,108,512,3200
0.4130859375,standard,7.353451251983643,32,23.360028577355973,,22.765924225295777,,108,1024,3200
0.96875,qk-small,0.17369148135185242,4,24.834034220727602,3.1366886743392848,21.090048186824585,3.994979201477179,109,64,3200
0.9189453125,qk-small,0.5771760940551758,16,24.834034220727602,,21.090048186824585,,109,256,3200
0.81640625,qk-small,1.7906304597854614,16,24.834034220727602,,21.090048186824585,,109,512,3200
0.39794921875,qk-small,8.454753875732422,32,24.834034220727602,,21.090048186824585,,109,1024,3200
0.07421875,qk-zero,6.184807777404785,4,19.98407927078822,0.7982016812791058,0.0,0.0,109,64,3200
0.00390625,qk-zero,7.818538665771484,16,19.98407927078822,,0.0,,109,256,3200
0.005859375,qk-zero,7.826398849487305,16,19.98407927078822,,0.0,,109,512,3200
0.00048828125,qk-zero,8.184240341186523,32,19.98407927078822,,0.0,,109,1024,3200
0.94140625,standard,0.5060563087463379,4,25.214352362562806,4.098844852477452,22.482193025138905,3.7397528294326166,109,64,3200
0.896484375,standard,0.6107226014137268,16,25.214352362562806,,22.482193025138905,,109,256,3200
0.8115234375,standard,1.6472409963607788,16,25.214352362562806,,22.482193025138905,,109,512,3200
0.40576171875,standard,7.851407051086426,32,25.214352362562806,,22.482193025138905,,109,1024,3200
0.92578125,qk-small,0.7027238607406616,4,25.09558070287504,2.307309522824973,21.804859998533907,2.5539371800369857,110,64,3200
0.9091796875,qk-small,0.564850926399231,16,25.09558070287504,,21.804859998533907,,110,256,3200
0.810546875,qk-small,1.5599981546401978,16,25.09558070287504,,21.804859998533907,,110,512,3200
0.419921875,qk-small,7.296738624572754,32,25.09558070287504,,21.804859998533907,,110,1024,3200
0.0859375,qk-zero,6.309147357940674,4,19.86275940156129,0.5921637488498882,0.0,0.0,110,64,3200
0.005859375,qk-zero,7.798112869262695,16,19.86275940156129,,0.0,,110,256,3200
0.005859375,qk-zero,7.856952667236328,16,19.86275940156129,,0.0,,110,512,3200
0.0009765625,qk-zero,8.123176574707031,32,19.86275940156129,,0.0,,110,1024,3200
0.921875,standard,0.5345228314399719,4,24.87176745703384,3.188019827571092,22.739551869777056,3.128479636868744,110,64,3200
0.896484375,standard,0.6651586294174194,16,24.87176745703384,,22.739551869777056,,110,256,3200
0.83203125,standard,1.575736403465271,16,24.87176745703384,,22.739551869777056,,110,512,3200
0.44140625,standard,7.018424987792969,32,24.87176745703384,,22.739551869777056,,110,1024,3200
0.9609375,qk-small,0.36181604862213135,4,24.742844134748633,2.1043596429529305,22.238188490949724,1.6058874330824786,111,64,3200
0.912109375,qk-small,0.515012264251709,16,24.742844134748633,,22.238188490949724,,111,256,3200
0.83203125,qk-small,1.3503100872039795,16,24.742844134748633,,22.238188490949724,,111,512,3200
0.43896484375,qk-small,7.032834053039551,32,24.742844134748633,,22.238188490949724,,111,1024,3200
0.0703125,qk-zero,6.055975914001465,4,20.177041571840924,0.6880639013015086,0.0,0.0,111,64,3200
0.0048828125,qk-zero,7.783947467803955,16,20.177041571840924,,0.0,,111,256,3200
0.0068359375,qk-zero,7.820684432983398,16,20.177041571840924,,0.0,,111,512,3200
0.0,qk-zero,8.12302017211914,32,20.177041571840924,,0.0,,111,1024,3200
0.9609375,standard,0.3193136751651764,4,24.882359379306152,1.8731150420504128,23.131468574420946,1.1235443980857178,111,64,3200
0.9091796875,standard,0.5071097612380981,16,24.882359379306152,,23.131468574420946,,111,256,3200
0.8310546875,standard,1.27984619140625,16,24.882359379306152,,23.131468574420946,,111,512,3200
0.39208984375,standard,7.411905288696289,32,24.882359379306152,,23.131468574420946,,111,1024,3200
0.89453125,qk-small,0.7784062623977661,4,25.526751193091513,3.2763076813065197,22.20807765887476,2.769771578284078,112,64,3200
0.794921875,qk-small,1.1851849555969238,16,25.526751193091513,,22.20807765887476,,112,256,3200
0.705078125,qk-small,2.081336498260498,16,25.526751193091513,,22.20807765887476,,112,512,3200
0.353515625,qk-small,7.970705032348633,32,25.526751193091513,,22.20807765887476,,112,1024,3200
0.09765625,qk-zero,6.180668354034424,4,20.257164217649223,0.7328599462140937,0.0,0.0,112,64,3200
0.0078125,qk-zero,7.757148742675781,16,20.257164217649223,,0.0,,112,256,3200
0.0048828125,qk-zero,7.84907341003418,16,20.257164217649223,,0.0,,112,512,3200
0.00146484375,qk-zero,8.091157913208008,32,20.257164217649223,,0.0,,112,1024,3200
0.95703125,standard,0.37239569425582886,4,23.522943446540225,1.4999737606882824,23.16960041305808,1.994889382193767,112,64,3200
0.955078125,standard,0.234395831823349,16,23.522943446540225,,23.16960041305808,,112,256,3200
0.8759765625,standard,0.9221855401992798,16,23.522943446540225,,23.16960041305808,,112,512,3200
0.4150390625,standard,6.796574592590332,32,23.522943446540225,,23.16960041305808,,112,1024,3200
0.875,qk-small,0.8048878908157349,4,25.780640898936397,3.942821609847925,20.58548442189975,4.2643293720829245,113,64,3200
0.7783203125,qk-small,1.1944613456726074,16,25.780640898936397,,20.58548442189975,,113,256,3200
0.72265625,qk-small,1.8265348672866821,16,25.780640898936397,,20.58548442189975,,113,512,3200
0.333984375,qk-small,8.198053359985352,32,25.780640898936397,,20.58548442189975,,113,1024,3200
0.07421875,qk-zero,6.104306697845459,4,20.13440302234519,0.8584609598851399,0.0,0.0,113,64,3200
0.0126953125,qk-zero,7.797173500061035,16,20.13440302234519,,0.0,,113,256,3200
0.00390625,qk-zero,7.838930130004883,16,20.13440302234519,,0.0,,113,512,3200
0.00244140625,qk-zero,8.139951705932617,32,20.13440302234519,,0.0,,113,1024,3200
0.921875,standard,0.7847453355789185,4,25.083175635449376,3.4170724533846797,22.829737382431837,3.3621978904994885,113,64,3200
0.8974609375,standard,0.6618243455886841,16,25.083175635449376,,22.829737382431837,,113,256,3200
0.833984375,standard,1.4263479709625244,16,25.083175635449376,,22.829737382431837,,113,512,3200
0.42822265625,standard,7.632682800292969,32,25.083175635449376,,22.829737382431837,,113,1024,3200
0.8828125,qk-small,0.9080814123153687,4,25.637829727589445,3.6743945761695,20.72671917087943,3.618229226307901,114,64,3200
0.759765625,qk-small,1.286236047744751,16,25.637829727589445,,20.72671917087943,,114,256,3200
0.7255859375,qk-small,1.583296537399292,16,25.637829727589445,,20.72671917087943,,114,512,3200
0.36767578125,qk-small,7.662408828735352,32,25.637829727589445,,20.72671917087943,,114,1024,3200
0.078125,qk-zero,5.88857364654541,4,19.830987000787808,0.6966848988748505,0.0,0.0,114,64,3200
0.0048828125,qk-zero,7.800309181213379,16,19.830987000787808,,0.0,,114,256,3200
0.0078125,qk-zero,7.826570510864258,16,19.830987000787808,,0.0,,114,512,3200
0.0009765625,qk-zero,8.13581657409668,32,19.830987000787808,,0.0,,114,1024,3200
0.97265625,standard,0.128385990858078,4,23.98988647755282,3.15200343525255,22.38241420211718,2.7001762529165805,114,64,3200
0.90625,standard,0.5973206758499146,16,23.98988647755282,,22.38241420211718,,114,256,3200
0.84765625,standard,1.3596258163452148,16,23.98988647755282,,22.38241420211718,,114,512,3200
0.5341796875,standard,5.807907581329346,32,23.98988647755282,,22.38241420211718,,114,1024,3200
0.9453125,qk-small,0.31449204683303833,4,23.980162508448092,2.271329193542239,21.535748060354045,1.6542567726193225,115,64,3200
0.9541015625,qk-small,0.3052551746368408,16,23.980162508448092,,21.535748060354045,,115,256,3200
0.8876953125,qk-small,1.0213524103164673,16,23.980162508448092,,21.535748060354045,,115,512,3200
0.4013671875,qk-small,8.81768798828125,32,23.980162508448092,,21.535748060354045,,115,1024,3200
0.0390625,qk-zero,6.498321533203125,4,19.701506606452384,0.6822164045233433,0.0,0.0,115,64,3200
0.0087890625,qk-zero,7.816140651702881,16,19.701506606452384,,0.0,,115,256,3200
0.0087890625,qk-zero,7.909946441650391,16,19.701506606452384,,0.0,,115,512,3200
0.00146484375,qk-zero,8.134194374084473,32,19.701506606452384,,0.0,,115,1024,3200
0.90625,standard,0.8080785274505615,4,25.78616202984285,3.533152512122734,21.537116149917882,4.376055389049135,115,64,3200
0.7880859375,standard,1.1367034912109375,16,25.78616202984285,,21.537116149917882,,115,256,3200
0.759765625,standard,1.4542672634124756,16,25.78616202984285,,21.537116149917882,,115,512,3200
0.337890625,standard,8.915889739990234,32,25.78616202984285,,21.537116149917882,,115,1024,3200
0.89453125,qk-small,0.8348894119262695,4,25.963346945218337,5.062235888103004,22.289792856149838,3.5093319194681243,116,64,3200
0.88671875,qk-small,0.6684460043907166,16,25.963346945218337,,22.289792856149838,,116,256,3200
0.8095703125,qk-small,1.5663039684295654,16,25.963346945218337,,22.289792856149838,,116,512,3200
0.40869140625,qk-small,7.511142730712891,32,25.963346945218337,,22.289792856149838,,116,1024,3200
0.05078125,qk-zero,6.501280784606934,4,19.87338840500449,0.701131671261633,0.0,0.0,116,64,3200
0.0087890625,qk-zero,7.859009742736816,16,19.87338840500449,,0.0,,116,256,3200
0.005859375,qk-zero,7.906667709350586,16,19.87338840500449,,0.0,,116,512,3200
0.001953125,qk-zero,8.132644653320312,32,19.87338840500449,,0.0,,116,1024,3200
0.96484375,standard,0.20444980263710022,4,23.8778253451375,2.4733759222962495,22.3329845609998,1.4596873585429286,116,64,3200
0.9599609375,standard,0.2019004076719284,16,23.8778253451375,,22.3329845609998,,116,256,3200
0.8916015625,standard,0.8632461428642273,16,23.8778253451375,,22.3329845609998,,116,512,3200
0.40869140625,standard,7.68153190612793,32,23.8778253451375,,22.3329845609998,,116,1024,3200
0.9375,qk-small,0.5724054574966431,4,24.195586358486068,3.2711887800060535,22.02472056494123,2.2891990468771266,117,64,3200
0.896484375,qk-small,0.6933194994926453,16,24.195586358486068,,22.02472056494123,,117,256,3200
0.841796875,qk-small,1.2351596355438232,16,24.195586358486068,,22.02472056494123,,117,512,3200
0.4140625,qk-small,7.458388805389404,32,24.195586358486068,,22.02472056494123,,117,1024,3200
0.046875,qk-zero,6.22072696685791,4,19.94658528027446,0.7170418452594803,0.0,0.0,117,64,3200
0.00390625,qk-zero,7.766687393188477,16,19.94658528027446,,0.0,,117,256,3200
0.0078125,qk-zero,7.830082416534424,16,19.94658528027446,,0.0,,117,512,3200
0.0029296875,qk-zero,8.14563274383545,32,19.94658528027446,,0.0,,117,1024,3200
0.91796875,standard,0.7397613525390625,4,24.067911426375503,6.226771353733996,22.79878520740949,5.322917811771238,117,64,3200
0.875,standard,0.7787150740623474,16,24.067911426375503,,22.79878520740949,,117,256,3200
0.833984375,standard,1.0521363019943237,16,24.067911426375503,,22.79878520740949,,117,512,3200
0.37841796875,standard,7.829154968261719,32,24.067911426375503,,22.79878520740949,,117,1024,3200
0.9609375,qk-small,0.19058923423290253,4,24.0286908318631,3.3793784003223446,21.253679652549422,2.741097140039579,118,64,3200
0.927734375,qk-small,0.42646846175193787,16,24.0286908318631,,21.253679652549422,,118,256,3200
0.8095703125,qk-small,1.573274850845337,16,24.0286908318631,,21.253679652549422,,118,512,3200
0.46435546875,qk-small,7.331337928771973,32,24.0286908318631,,21.253679652549422,,118,1024,3200
0.10546875,qk-zero,5.856711387634277,4,20.022018709793777,0.6790371186511351,0.0,0.0,118,64,3200
0.009765625,qk-zero,7.824519634246826,16,20.022018709793777,,0.0,,118,256,3200
0.00390625,qk-zero,7.760079383850098,16,20.022018709793777,,0.0,,118,512,3200
0.001953125,qk-zero,8.123725891113281,32,20.022018709793777,,0.0,,118,1024,3200
0.9453125,standard,0.3360669016838074,4,24.46890385410078,2.5067007254884626,22.895386330218603,1.7090993023528915,118,64,3200
0.91015625,standard,0.5871832370758057,16,24.46890385410078,,22.895386330218603,,118,256,3200
0.841796875,standard,1.299020528793335,16,24.46890385410078,,22.895386330218603,,118,512,3200
0.462890625,standard,6.796040058135986,32,24.46890385410078,,22.895386330218603,,118,1024,3200
0.96484375,qk-small,0.2559347152709961,4,25.16038270732027,2.601226022058016,21.620851592902046,2.7243081530489626,119,64,3200
0.908203125,qk-small,0.6221736073493958,16,25.16038270732027,,21.620851592902046,,119,256,3200
0.8212890625,qk-small,1.572526454925537,16,25.16038270732027,,21.620851592902046,,119,512,3200
0.42919921875,qk-small,7.525446891784668,32,25.16038270732027,,21.620851592902046,,119,1024,3200
0.046875,qk-zero,6.189559459686279,4,20.172943630618736,0.9907168789596904,0.0,0.0,119,64,3200
0.0087890625,qk-zero,7.7845964431762695,16,20.172943630618736,,0.0,,119,256,3200
0.0087890625,qk-zero,7.769221305847168,16,20.172943630618736,,0.0,,119,512,3200
0.00244140625,qk-zero,8.14687728881836,32,20.172943630618736,,0.0,,119,1024,3200
0.9609375,standard,0.42605888843536377,4,24.07035978684676,3.5860466154527866,23.529997732775993,4.299720128741617,119,64,3200
0.9072265625,standard,0.5459786653518677,16,24.07035978684676,,23.529997732775993,,119,256,3200
0.8349609375,standard,1.0938615798950195,16,24.07035978684676,,23.529997732775993,,119,512,3200
0.38916015625,standard,7.6614227294921875,32,24.07035978684676,,23.529997732775993,,119,1024,3200
