seed,arm,step,accuracy_l64_m4,nll_l64_m4,qk_factor_norm,ov_factor_norm,mean_target_score_margin,mean_attention_selectivity,mean_direct_full_card_s_key
100,qk-small,0,0.0,9.01539421081543,0.028232020885667276,5.440094608306401,-1.6592496265843693e-08,-1.862645149230957e-09,-0.007647325750440359
100,qk-small,200,0.01953125,7.515804767608643,9.182765285649024,7.696133611411464,0.030657956609502435,-0.009035500581376255,0.4311719536781311
100,qk-small,400,0.07421875,6.7973480224609375,12.023460363375,9.572202472521255,0.04729178978595883,-0.004973456030711532,1.0805984735488892
100,qk-small,800,0.11328125,5.980823040008545,14.594483122290132,12.332117669446466,-0.04074481129646301,-0.016115632839500904,1.5397934913635254
100,qk-small,1600,0.83984375,1.3254468441009521,18.311204363195582,20.252255467208936,-0.8174229948781431,-0.045240344014018774,-0.9676668643951416
100,qk-small,3200,0.91015625,0.7483642101287842,21.900522960881162,24.021340776450515,-2.260129014030099,-0.053431097185239196,1.8889840841293335
100,qk-zero,0,0.0,9.01539421081543,0.0,5.440094608306401,0.0,-7.450580596923828e-09,-0.00764744495972991
100,qk-zero,200,0.00390625,7.722707748413086,0.0,7.400917064701515,0.0,-7.450580596923828e-09,0.29521164298057556
100,qk-zero,400,0.0234375,7.283555030822754,0.0,8.99548544506265,0.0,-7.450580596923828e-09,0.5666429996490479
100,qk-zero,800,0.03125,6.834073066711426,0.0,11.47310474676373,0.0,-7.450580596923828e-09,0.8907322883605957
100,qk-zero,1600,0.0546875,6.339054107666016,0.0,14.908641919175823,0.0,-7.450580596923828e-09,1.1931102275848389
100,qk-zero,3200,0.06640625,6.0030059814453125,0.0,19.94071642722145,0.0,-7.450580596923828e-09,1.6754705905914307
100,standard,0,0.0,9.015594482421875,7.227397346730823,5.440094608306401,-0.0010646924783941358,-4.406226798892021e-05,-0.007914870977401733
100,standard,200,0.0234375,7.521467208862305,11.41614899308591,7.674263483301764,0.029675150755792856,-0.008391907555051148,0.4394049048423767
100,standard,400,0.08203125,6.82403564453125,13.802460556153559,9.55702875730254,0.01761415763758123,-0.005798763362690806,1.1021329164505005
100,standard,800,0.22265625,5.753847122192383,16.733162801311803,12.580440104417063,0.03321950230747461,-0.016657844302244484,0.725948691368103
100,standard,1600,0.8828125,1.0474520921707153,19.93843396908103,20.476701895345947,0.06621381267905235,-0.07471338752657175,-1.0708000659942627
100,standard,3200,0.91796875,0.5878117680549622,23.298723706502223,24.120189325465784,-1.2395530696958303,-0.07527931220829487,-0.029917597770690918
101,qk-small,0,0.0,9.037846565246582,0.02843895175708328,5.432832830532018,2.2343438210725708e-09,-2.7939677238464355e-09,-0.008594940416514874
101,qk-small,200,0.01953125,7.426509857177734,9.25131175044944,7.791781533426446,-0.1323447898030281,-0.004216861561872065,0.4480488896369934
101,qk-small,400,0.07421875,6.648561477661133,12.007354548897915,9.715634180790394,-0.04025721224024892,0.0027973971446044743,0.9113590717315674
101,qk-small,800,0.08984375,5.979063034057617,14.39753005779591,12.383242183895778,0.002551976591348648,0.0018518601427786052,1.4638168811798096
101,qk-small,1600,0.66796875,2.2842531204223633,18.634373450323153,19.324968677016678,0.07644876092672348,-0.02678809201461263,-0.7441338300704956
101,qk-small,3200,0.95703125,0.4815562963485718,21.913500925848165,24.46784110104643,0.15652652876451612,-0.062092043648590334,-1.5100858211517334
101,qk-zero,0,0.0,9.037846565246582,0.0,5.432832830532018,0.0,-7.450580596923828e-09,-0.008594880811870098
101,qk-zero,200,0.0078125,7.753746032714844,0.0,7.50161094848523,0.0,-7.450580596923828e-09,0.2647130489349365
101,qk-zero,400,0.0234375,7.196417808532715,0.0,9.148868299809502,0.0,-7.450580596923828e-09,0.5033282041549683
101,qk-zero,800,0.0390625,6.797443389892578,0.0,11.513638774122134,0.0,-7.450580596923828e-09,0.6801614761352539
101,qk-zero,1600,0.08203125,6.305058002471924,0.0,15.073511712544146,0.0,-7.450580596923828e-09,0.9108732342720032
101,qk-zero,3200,0.0703125,6.05328369140625,0.0,20.292922647550494,0.0,-7.450580596923828e-09,1.2375924587249756
101,standard,0,0.0,9.037633895874023,7.280371649813319,5.432832830532018,0.00013043817307334393,-9.2316884547472e-05,-0.008971234783530235
101,standard,200,0.0234375,7.4435834884643555,11.482795617110241,7.798299624875743,-0.07017248682677746,-0.0021381984115578234,0.44576072692871094
101,standard,400,0.06640625,6.692602157592773,13.906277877265333,9.718807993038137,-0.05555470520630479,0.0004207789897918701,0.9324202537536621
101,standard,800,0.0703125,6.055479526519775,16.21042356113035,12.379880982937715,0.04664373118430376,-0.004224522097501904,1.4156806468963623
101,standard,1600,0.75390625,2.0282483100891113,19.537882662861755,19.587173964581062,-0.35596399661153555,-0.042935156263411045,-1.591022253036499
101,standard,3200,0.9140625,0.5923422574996948,22.677314132149093,24.063132082080887,0.13829778553918004,-0.048214358976110816,-1.5510082244873047
102,qk-small,0,0.0,9.046531677246094,0.02832413798630634,5.420471504454622,4.891210547697256e-09,-1.3969838619232178e-09,0.0024054250679910183
102,qk-small,200,0.046875,7.38987922668457,9.760020901782683,7.848466860735057,0.03366257390007377,-0.003430950629990548,0.521525502204895
102,qk-small,400,0.09765625,6.515446186065674,12.421438149502025,9.838220454085487,0.08942541293799877,-0.006106713088229299,0.9648285508155823
102,qk-small,800,0.12890625,5.604671955108643,15.13095700572365,12.628890061419725,0.004192954860627651,-0.004936130135320127,2.1859445571899414
102,qk-small,1600,0.78125,1.3718469142913818,18.21135267048736,20.582227699093764,0.4135926985181868,-0.034190212027169764,-1.5020575523376465
102,qk-small,3200,0.89453125,0.9168738722801208,21.45629459313132,25.76607911384658,-1.7001404725015163,-0.045487523544579744,-1.0021471977233887
102,qk-zero,0,0.0,9.046531677246094,0.0,5.420471504454622,0.0,7.450580596923828e-09,0.002405534265562892
102,qk-zero,200,0.015625,7.69268798828125,0.0,7.576262270689813,0.0,7.450580596923828e-09,0.33222949504852295
102,qk-zero,400,0.04296875,7.122861862182617,0.0,9.221155764364697,0.0,7.450580596923828e-09,0.5397430062294006
102,qk-zero,800,0.078125,6.514447212219238,0.0,11.704159526657547,0.0,7.450580596923828e-09,0.9670290946960449
102,qk-zero,1600,0.10546875,6.141829490661621,0.0,15.057895383956055,0.0,7.450580596923828e-09,1.4538789987564087
102,qk-zero,3200,0.09765625,5.90869140625,0.0,20.277275930433447,0.0,7.450580596923828e-09,1.7255488634109497
102,standard,0,0.0,9.046615600585938,7.250979324494423,5.420471504454622,0.00034777430118992925,4.097912460565567e-05,0.0025927028618752956
102,standard,200,0.05078125,7.418244361877441,11.807175460577884,7.853347878987757,0.028220056323334575,-0.004428481159266084,0.5117771029472351
102,standard,400,0.11328125,6.520534515380859,14.14191140071935,9.849729931706468,0.026721286587417126,-0.004285618488211185,1.0017303228378296
102,standard,800,0.1171875,5.613487243652344,16.731464891617637,12.639577079500196,0.006532548926770687,-0.0038775044376961887,2.0494225025177
102,standard,1600,0.81640625,1.33881676197052,19.834272341044077,20.198971963915586,-0.7040635151788592,-0.04566453699953854,-0.24021172523498535
102,standard,3200,0.875,0.9133813977241516,23.52235291006793,25.439376087035466,0.6589964143931866,-0.0440918521489948,0.6027328968048096
103,qk-small,0,0.0,9.02662467956543,0.02820845659940471,5.425075921832659,-5.3710923708649716e-08,-7.916241884231567e-09,-0.007771521806716919
103,qk-small,200,0.046875,7.553567409515381,9.712238964171654,7.776897193431266,-0.09315301477909088,-0.0005685018841177225,0.49460697174072266
103,qk-small,400,0.0546875,6.766624450683594,12.173985113499242,9.690683752310543,-0.1102951392531395,0.0028908945387229323,1.0011467933654785
103,qk-small,800,0.109375,5.837184429168701,14.329107386067191,12.413730028716614,-0.12386545538902283,0.010427906061522663,1.646533489227295
103,qk-small,1600,0.703125,2.0657296180725098,17.763031058053823,19.215170674296868,-0.40563295828178525,-0.04149631975451484,-0.5919798612594604
103,qk-small,3200,0.94921875,0.470578670501709,21.81889826544742,24.369127123591174,0.15626017889007926,-0.03700062626978706,0.7344884872436523
103,qk-zero,0,0.0,9.02662467956543,0.0,5.425075921832659,0.0,0.0,-0.007771551609039307
103,qk-zero,200,0.0234375,7.821391582489014,0.0,7.506771194061699,0.0,0.0,0.2852792739868164
103,qk-zero,400,0.0234375,7.269936561584473,0.0,9.14582996035248,0.0,0.0,0.5094204545021057
103,qk-zero,800,0.03125,6.727035045623779,0.0,11.494045861954708,0.0,0.0,0.8346045017242432
103,qk-zero,1600,0.05859375,6.343340873718262,0.0,15.054469108482193,0.0,0.0,1.3166474103927612
103,qk-zero,3200,0.08203125,6.232309341430664,0.0,19.961156317599553,0.0,0.0,1.617539882659912
103,standard,0,0.0,9.026330947875977,7.221364889447606,5.425075921832659,-0.0034191871527582407,-0.0002502973657101393,-0.007297039031982422
103,standard,200,0.0390625,7.567212104797363,11.854171475821236,7.769739607543535,-0.07405959442257881,0.0027185744838789105,0.49574732780456543
103,standard,400,0.0703125,6.774521827697754,14.106481954672901,9.6893894690968,-0.029482798650860786,0.003450750489719212,1.0120007991790771
103,standard,800,0.1171875,5.896889686584473,16.077438354658728,12.385816624853932,0.019676197320222855,0.006461129058152437,1.692437767982483
103,standard,1600,0.6953125,2.544914722442627,19.74506659397266,19.743571937485044,0.5421894509345293,-0.025587930576875806,-0.02739405632019043
103,standard,3200,0.88671875,0.8318163156509399,23.225322301494565,24.76288544818454,1.968708099797368,-0.04009192856028676,0.32259273529052734
104,qk-small,0,0.0,9.03856372833252,0.028264550382390473,5.411929856857276,3.489499889042236e-08,1.862645149230957e-09,0.009828637354075909
104,qk-small,200,0.04296875,7.514969825744629,9.493029948710618,7.721930863885799,0.020980825880542397,-0.003925326047465205,0.48493874073028564
104,qk-small,400,0.109375,6.757028102874756,12.088155275431882,9.625170025004955,-0.01848461152985692,-0.004687351232860237,0.9798578023910522
104,qk-small,800,0.09765625,5.893533706665039,14.400133998565282,12.338475223017227,-0.03322796197608113,-0.003664871910586953,1.5486793518066406
104,qk-small,1600,0.8125,1.1241942644119263,18.411750373160853,20.21028934201799,-0.9911876898258924,-0.03913407365325838,-1.2750272750854492
104,qk-small,3200,0.88671875,0.7857556343078613,22.257589738774822,25.19542864632265,-1.6334103494882584,-0.04984626732766628,-1.3309191465377808
104,qk-zero,0,0.0,9.038564682006836,0.0,5.411929856857276,0.0,0.0,0.00982858706265688
104,qk-zero,200,0.00390625,7.7985639572143555,0.0,7.483878427808152,0.0,0.0,0.3148820996284485
104,qk-zero,400,0.0234375,7.242338180541992,0.0,9.123155786366036,0.0,0.0,0.5581761598587036
104,qk-zero,800,0.06640625,6.710530757904053,0.0,11.51418149433413,0.0,0.0,0.8490058183670044
104,qk-zero,1600,0.07421875,6.477899551391602,0.0,14.898988934590184,0.0,0.0,1.1953321695327759
104,qk-zero,3200,0.06640625,6.196002006530762,0.0,19.820354312766916,0.0,0.0,1.299536943435669
104,standard,0,0.0,9.038387298583984,7.235724897891961,5.411929856857276,0.0021659893536707386,0.00016751931980252266,0.010041485540568829
104,standard,200,0.046875,7.503608226776123,11.544072989430669,7.715479107540031,-0.0038996029179543257,-0.004901490872725844,0.4920463562011719
104,standard,400,0.0859375,6.7454118728637695,13.96167031250341,9.62040381488148,-0.016090022632852197,-0.00498857710044831,0.9172812104225159
104,standard,800,0.12109375,5.911452770233154,16.262656755446923,12.364699768358037,-0.12938999943435192,-0.015680775686632842,1.443116307258606
104,standard,1600,0.87890625,0.9409126043319702,19.017908991967488,20.41212170934227,-0.8707156116142869,-0.0362417729338631,-1.5280925035476685
104,standard,3200,0.96875,0.16395676136016846,22.964095576985944,23.970627235000915,-1.5172472754493356,-0.03559063351713121,2.3655333518981934
105,qk-small,0,0.0,9.010454177856445,0.028249276283388493,5.433538331024108,1.4093211042620624e-09,-2.7939677238464355e-09,0.0018768608570098877
105,qk-small,200,0.05859375,7.422356605529785,9.34007451160451,7.763546963052715,-0.018359624315053225,-0.014340968569740653,0.4406585991382599
105,qk-small,400,0.1015625,6.59755802154541,11.971640693444835,9.701279063791358,0.03909561096224934,-0.01764081622241065,0.96462082862854
105,qk-small,800,0.15234375,5.708499908447266,14.53164176822989,12.417870381059569,-0.0739896111190319,-0.02890109090367332,1.618463397026062
105,qk-small,1600,0.80859375,1.4157474040985107,17.475328875108843,20.400980434045028,-0.8053859518840909,-0.04043879595701583,-0.9341776371002197
105,qk-small,3200,0.8203125,0.9569970369338989,19.936088535966416,25.071008412850475,-1.2458448763936758,-0.06304053324856795,-1.4448912143707275
105,qk-zero,0,0.0,9.010454177856445,0.0,5.433538331024108,0.0,0.0,0.0018770198803395033
105,qk-zero,200,0.01171875,7.715564250946045,0.0,7.498318563171048,0.0,0.0,0.2740279734134674
105,qk-zero,400,0.03125,7.176995277404785,0.0,9.103667655089486,0.0,0.0,0.48953527212142944
105,qk-zero,800,0.03515625,6.6600751876831055,0.0,11.513374077567093,0.0,0.0,0.8587491512298584
105,qk-zero,1600,0.0859375,6.28260612487793,0.0,14.99326006147314,0.0,0.0,1.3123352527618408
105,qk-zero,3200,0.0703125,5.963014602661133,0.0,19.994837428407667,0.0,0.0,1.584062933921814
105,standard,0,0.0,9.010619163513184,7.231814728547454,5.433538331024108,0.0001101726375054568,-4.198029637336731e-05,0.0021294853650033474
105,standard,200,0.04296875,7.454736232757568,11.663991203524565,7.753349057411503,0.0005231117829680443,-0.015451039071194828,0.4508192837238312
105,standard,400,0.08203125,6.666622638702393,13.829042290042722,9.686677614806626,0.01915229018777609,-0.017720009840559214,0.9850045442581177
105,standard,800,0.12109375,5.755476474761963,16.220390839530396,12.42109909033509,-0.08806792832911015,-0.027329879347234964,1.9477183818817139
105,standard,1600,0.79296875,1.550944209098816,19.68268344634252,20.504080284922214,0.8127628210932016,-0.05398371601768304,-0.6514382362365723
105,standard,3200,0.85546875,1.073168158531189,22.41089993672992,25.06813121137523,0.4275314179249108,-0.05972578900400549,-1.1215097904205322
106,qk-small,0,0.0,9.044614791870117,0.028306453726762524,5.428343138541944,1.6270020219977255e-08,-4.656612873077393e-10,-0.008377134799957275
106,qk-small,200,0.015625,7.502925872802734,9.389254655679373,7.745568131135185,0.024037493858486414,-0.01109819719567895,0.5109846591949463
106,qk-small,400,0.09375,6.819789886474609,12.081698719262274,9.707131889942174,0.04943247139453888,-0.004968056455254555,1.2515172958374023
106,qk-small,800,0.09375,6.057621955871582,14.477310153122863,12.502116539102726,-0.0002375040203332901,-0.0030398491653613746,2.133303642272949
106,qk-small,1600,0.8359375,1.284458041191101,18.357342754460973,20.336593904574013,0.14514951221644878,-0.03071401931811124,-0.9297130107879639
106,qk-small,3200,0.90234375,0.5994165539741516,20.83898798178502,25.9483944177514,0.7216267753392458,-0.05355692288139835,-1.2002917528152466
106,qk-zero,0,0.0,9.044614791870117,0.0,5.428343138541944,0.0,0.0,-0.008377104997634888
106,qk-zero,200,0.0078125,7.76116943359375,0.0,7.498987256655947,0.0,0.0,0.3212161064147949
106,qk-zero,400,0.01171875,7.373892784118652,0.0,9.051529722913322,0.0,0.0,0.6220517754554749
106,qk-zero,800,0.0234375,6.951424598693848,0.0,11.409464897777474,0.0,0.0,0.9696474075317383
106,qk-zero,1600,0.0703125,6.571499347686768,0.0,14.836100452365859,0.0,0.0,1.3994193077087402
106,qk-zero,3200,0.0703125,6.480096817016602,0.0,19.816526948368377,0.0,0.0,1.88364577293396
106,standard,0,0.0,9.044864654541016,7.246452154051206,5.428343138541944,0.0011650863889371976,0.00014042947441339493,-0.00788752268999815
106,standard,200,0.02734375,7.509810924530029,11.645784071998387,7.7232894213397705,0.01396966609172523,-0.010303149989340454,0.5016393065452576
106,standard,400,0.0859375,6.822397232055664,13.943695538806441,9.701877409360822,0.0748080424964428,-0.006959206541068852,1.2672027349472046
106,standard,800,0.18359375,5.904267311096191,16.76309375550526,12.49606669531252,-0.19204368442296982,-0.02057619986589998,0.830407440662384
106,standard,1600,0.88671875,0.9512230157852173,19.877779304462162,20.092790310784228,-0.7410063305869699,-0.04810635914327577,-1.6187500953674316
106,standard,3200,0.92578125,0.6175637245178223,22.724167798272028,23.67065621943041,-1.6862730104476213,-0.06327095406595618,-0.633439302444458
107,qk-small,0,0.0,9.045839309692383,0.028298973834043232,5.423319753271512,-1.8712620342142827e-08,-4.6566128730773926e-09,0.005653788801282644
107,qk-small,200,0.03515625,7.425909042358398,9.15158441302252,7.747054940211688,0.04444899084046483,-0.009878728189505637,0.5149350762367249
107,qk-small,400,0.1015625,6.596341133117676,11.851478812740126,9.688300450388041,0.16694535966962576,-0.009586304251570255,0.8534979820251465
107,qk-small,800,0.171875,5.774063587188721,14.638826111126678,12.397200716825179,-0.15591992065310478,-0.024076444446109235,0.7805240750312805
107,qk-small,1600,0.77734375,1.8334555625915527,17.952039933178934,20.37654399287417,-0.08939240779727697,-0.04581930977292359,-1.4482853412628174
107,qk-small,3200,0.91796875,0.7664317488670349,21.291631197168876,23.9822729326512,0.03364304639399052,-0.05331149697303772,-1.3181182146072388
107,qk-zero,0,0.0,9.045839309692383,0.0,5.423319753271512,0.0,0.0,0.005653798580169678
107,qk-zero,200,0.0,7.76331901550293,0.0,7.439637806533709,0.0,0.0,0.28579580783843994
107,qk-zero,400,0.015625,7.233580112457275,0.0,9.109133368766782,0.0,0.0,0.492400586605072
107,qk-zero,800,0.0390625,6.861701965332031,0.0,11.39078476614555,0.0,0.0,0.7078739404678345
107,qk-zero,1600,0.0390625,6.576434135437012,0.0,14.84142482816848,0.0,0.0,1.0330730676651
107,qk-zero,3200,0.0703125,6.280928134918213,0.0,20.108469719654142,0.0,0.0,1.4774065017700195
107,standard,0,0.0,9.045807838439941,7.244537301515067,5.423319753271512,-0.0011396148474887013,-0.0001914238091558218,0.005244553089141846
107,standard,200,0.02734375,7.431919097900391,11.429994298711575,7.71915443997913,0.021826468873769045,-0.008108769543468952,0.5221006274223328
107,standard,400,0.0859375,6.646180152893066,13.763704163746361,9.667584146883636,0.10300660040229559,-0.008964950626250356,0.9384005069732666
107,standard,800,0.08203125,6.08151912689209,16.07534771983672,12.393858806307552,0.033486414700746536,-0.00454632646869868,1.4848886728286743
107,standard,1600,0.8125,1.6227309703826904,19.185004901502598,20.635297447244046,1.5854681292548776,-0.03184618439991027,-1.4251371622085571
107,standard,3200,0.921875,0.727811336517334,22.6246530074177,24.733642162423944,1.2974887839518487,-0.05273168720304966,-0.5389273166656494
108,qk-small,0,0.0,9.03915786743164,0.028314091995081444,5.448058291236129,2.611555227627349e-08,4.656612873077393e-10,-0.00026057162904180586
108,qk-small,200,0.0546875,7.461034297943115,9.485599822089943,7.823429580175537,-0.06253968644887209,0.0062785568297840655,0.5913513898849487
108,qk-small,400,0.0859375,6.677644729614258,12.216835437838817,9.781215448288021,-0.16022726148366928,0.0035866001853719354,1.1015727519989014
108,qk-small,800,0.11328125,5.721909999847412,14.79442240158338,12.586332763678596,-0.2189950281754136,0.010513012995943427,1.5347145795822144
108,qk-small,1600,0.765625,1.6404707431793213,18.07537752340253,20.636044914570878,-0.2630680298898369,-0.04348823323380202,-0.7719712257385254
108,qk-small,3200,0.890625,0.788758397102356,21.07851401069748,26.144621202150837,-2.4846676455345005,-0.040192062966525555,-0.4397921562194824
108,qk-zero,0,0.0,9.03915786743164,0.0,5.448058291236129,0.0,0.0,-0.000260492175584659
108,qk-zero,200,0.0078125,7.774433612823486,0.0,7.556530637869928,0.0,0.0,0.3898271322250366
108,qk-zero,400,0.02734375,7.2258076667785645,0.0,9.173884429986256,0.0,0.0,0.680431604385376
108,qk-zero,800,0.04296875,6.732939720153809,0.0,11.567983976420969,0.0,0.0,1.0648114681243896
108,qk-zero,1600,0.0546875,6.460014343261719,0.0,14.976005595583155,0.0,0.0,1.4032938480377197
108,qk-zero,3200,0.078125,6.210694789886475,0.0,20.000421352716394,0.0,0.0,1.5299277305603027
108,standard,0,0.0,9.038934707641602,7.24840755074085,5.448058291236129,0.0016805604755063541,0.00014899345114827156,-0.0001603861601324752
108,standard,200,0.05859375,7.479236125946045,11.624865992604315,7.816378858862395,0.00964789092540741,0.005655647080857307,0.5998334884643555
108,standard,400,0.08203125,6.742955684661865,13.947218581439357,9.756333128277463,-0.2251688465476036,0.0018246854888275266,1.0856671333312988
108,standard,800,0.125,5.847102165222168,16.296798983841917,12.542395622301171,-0.17602100037038326,-0.0007303148740902543,1.6771206855773926
108,standard,1600,0.921875,0.8090259432792664,19.57986162403684,19.96055009619016,-0.025800472125411034,-0.03747615672182292,-0.41997337341308594
108,standard,3200,0.9375,0.46473607420921326,22.765924225295777,23.360028577355973,0.132470291107893,-0.049989671155344695,-0.08236837387084961
109,qk-small,0,0.0,9.036933898925781,0.028356317408965555,5.442121958440617,3.803132919699692e-09,-4.656612873077393e-10,-0.0025390286464244127
109,qk-small,200,0.0546875,7.4512481689453125,9.31278463863118,7.7646518765320645,0.09613213548436761,0.007393224746920168,0.4716046154499054
109,qk-small,400,0.078125,6.633554935455322,11.936202353205507,9.694203475488326,0.10930120712146163,0.0049559519393369555,0.9387030005455017
109,qk-small,800,0.1015625,5.892828464508057,14.41022051132239,12.398183789989544,-0.0067087747156620026,0.015546548529528081,1.5265839099884033
109,qk-small,1600,0.78515625,1.2013137340545654,17.780117434616947,20.111653587876788,-1.0250112172216177,-0.03437331737950444,-0.2082066535949707
109,qk-small,3200,0.96875,0.17369148135185242,21.090048186824585,24.834034220727602,-1.4169052713550627,-0.019870541291311383,4.06430721282959
109,qk-zero,0,0.0,9.036933898925781,0.0,5.442121958440617,0.0,0.0,-0.002539088251069188
109,qk-zero,200,0.0078125,7.708740234375,0.0,7.5211701903278065,0.0,0.0,0.33241167664527893
109,qk-zero,400,0.01171875,7.239438533782959,0.0,9.101368560689403,0.0,0.0,0.5503175854682922
109,qk-zero,800,0.04296875,6.816249847412109,0.0,11.471661512549316,0.0,0.0,0.8000783324241638
109,qk-zero,1600,0.0546875,6.417109489440918,0.0,15.021432315278402,0.0,0.0,1.214809536933899
109,qk-zero,3200,0.07421875,6.184807777404785,0.0,19.98407927078822,0.0,0.0,1.5069177150726318
109,standard,0,0.0,9.037127494812012,7.259217256695182,5.442121958440617,0.00025585739058442414,9.404448792338371e-05,-0.002470682142302394
109,standard,200,0.04296875,7.456667423248291,11.610956261457579,7.762372032130437,0.09909321647137403,0.006433961912989616,0.47444242238998413
109,standard,400,0.0859375,6.642899990081787,13.949879643731158,9.697155416886181,0.08728740201331675,0.004522432282101363,0.9369910955429077
109,standard,800,0.09375,5.902742385864258,16.095219991270167,12.399594816002192,-0.045107658952474594,0.013430054998025298,1.7096437215805054
109,standard,1600,0.7890625,1.445970058441162,18.922686634249583,20.230863948482025,-0.50518460245803,-0.04070952255278826,-1.1680430173873901
109,standard,3200,0.94140625,0.5060563087463379,22.482193025138905,25.214352362562806,0.3009906248189509,-0.06068288230380858,0.5337071418762207
110,qk-small,0,0.0,9.056713104248047,0.028344350460343542,5.430469220649437,3.638717827048055e-08,3.4924596548080444e-09,0.012943635694682598
110,qk-small,200,0.04296875,7.531102180480957,9.366228807018846,7.7345648077591695,-0.04088016180321574,0.00486642902251333,0.4029240906238556
110,qk-small,400,0.0859375,6.838076591491699,11.874859919474723,9.711088306732181,0.006231397390365601,0.005279928678646684,0.9291741251945496
110,qk-small,800,0.0625,6.062674045562744,14.537467823993373,12.542354011499606,-0.058464885456487536,0.016746875131502748,1.4676400423049927
110,qk-small,1600,0.71484375,2.1557393074035645,18.0423891775928,18.832173753447297,-1.5574941579252481,-0.039328948594629765,-1.0770595073699951
110,qk-small,3200,0.92578125,0.7027238607406616,21.804859998533907,25.09558070287504,-2.3135432321578264,-0.05954472590019577,-0.9979078769683838
110,qk-zero,0,0.0,9.056714057922363,0.0,5.430469220649437,0.0,0.0,0.01294359564781189
110,qk-zero,200,0.0,7.812769889831543,0.0,7.439479155831678,0.0,0.0,0.295915812253952
110,qk-zero,400,0.01171875,7.409785270690918,0.0,9.002325241068515,0.0,0.0,0.4742197096347809
110,qk-zero,800,0.03125,6.980257511138916,0.0,11.396070918385055,0.0,0.0,0.7418487071990967
110,qk-zero,1600,0.05859375,6.736242294311523,0.0,14.729281308574647,0.0,0.0,1.0369938611984253
110,qk-zero,3200,0.0859375,6.309147357940674,0.0,19.86275940156129,0.0,0.0,1.3011051416397095
110,standard,0,0.0,9.056275367736816,7.256153717847947,5.430469220649437,0.0023884388101578224,0.00019241427071392536,0.01272300910204649
110,standard,200,0.046875,7.540936470031738,11.6605016404823,7.7146653089529815,0.004308260511606932,0.00713883969001472,0.42083096504211426
110,standard,400,0.0859375,6.875256538391113,13.969378463637506,9.686578263763046,0.027732104063034058,0.007211444084532559,0.9764900803565979
110,standard,800,0.26171875,5.34786319732666,17.019305823275424,12.678249275213366,0.04698554426431656,0.006091831484809518,0.7036869525909424
110,standard,1600,0.84375,1.0653517246246338,19.126728802501702,20.62242727706393,0.20711131114512682,-0.03282150288578123,-1.7555190324783325
110,standard,3200,0.921875,0.5345228314399719,22.739551869777056,24.87176745703384,0.35020607709884644,-0.054668811630108394,-0.4508969783782959
111,qk-small,0,0.0,9.0412015914917,0.028150397899321448,5.451092961723211,-5.526019036805607e-08,-5.122274160385132e-09,0.0005548099288716912
111,qk-small,200,0.03515625,7.44614315032959,9.576961303513263,7.821376396622297,0.08902841154485941,0.008860011235810816,0.5675146579742432
111,qk-small,400,0.08984375,6.701983451843262,12.163697283192207,9.765726635213307,-0.17281029745936394,0.004436627263203263,1.1553956270217896
111,qk-small,800,0.1015625,5.7349324226379395,14.64251084532946,12.576323689437382,-0.059496743604540825,0.0010688849724829197,1.824308156967163
111,qk-small,1600,0.7265625,1.9243817329406738,18.24575474105022,19.531254418944812,0.061795241199433804,-0.03223795333178714,-0.31151866912841797
111,qk-small,3200,0.9609375,0.36181604862213135,22.238188490949724,24.742844134748633,0.43758169654756784,-0.05790874478407204,1.396951675415039
111,qk-zero,0,0.0,9.0412015914917,0.0,5.451092961723211,0.0,-7.450580596923828e-09,0.0005547106266021729
111,qk-zero,200,0.0234375,7.722702980041504,0.0,7.537700067461856,0.0,-7.450580596923828e-09,0.33877259492874146
111,qk-zero,400,0.03125,7.328655242919922,0.0,9.14273109625885,0.0,-7.450580596923828e-09,0.6258338093757629
111,qk-zero,800,0.05078125,6.881494522094727,0.0,11.607673047920397,0.0,-7.450580596923828e-09,1.0016968250274658
111,qk-zero,1600,0.06640625,6.479706287384033,0.0,15.029857785154245,0.0,-7.450580596923828e-09,1.597164273262024
111,qk-zero,3200,0.0703125,6.055975914001465,0.0,20.177041571840924,0.0,-7.450580596923828e-09,1.803401231765747
111,standard,0,0.0,9.040897369384766,7.206501862226291,5.451092961723211,-0.003706115257955389,-0.0002369084395468235,0.0003471473464742303
111,standard,200,0.05078125,7.443882942199707,11.708550452304198,7.810093226688412,0.022622929885983467,0.007061445969156921,0.5870327949523926
111,standard,400,0.06640625,6.728100776672363,14.060986416211602,9.740260908795571,-0.11982591939158738,0.009488082607276738,1.1633329391479492
111,standard,800,0.09375,5.82448673248291,16.418649808638232,12.583183058205593,-0.03842341527342796,0.0025973825249820948,1.9823391437530518
111,standard,1600,0.7734375,1.377213716506958,19.72950531112672,20.472507452246628,0.15060503035783768,-0.03870041048503481,0.5637705326080322
111,standard,3200,0.9609375,0.3193136751651764,23.131468574420946,24.882359379306152,0.8061762214638293,-0.04292825696757063,0.11312413215637207
112,qk-small,0,0.0,9.05318832397461,0.02836575528441688,5.417373321972691,9.895751740263137e-08,6.05359673500061e-09,0.001210719347000122
112,qk-small,200,0.04296875,7.422374725341797,9.428426258406281,7.839537047662546,0.11205252166837454,0.0020868288702331483,0.6474303603172302
112,qk-small,400,0.08984375,6.602854251861572,12.212289804857729,9.745194094306934,0.029185782186686993,8.675339631736279e-05,1.2439062595367432
112,qk-small,800,0.58984375,3.481497287750244,15.907332677661131,13.89428003752733,-0.010670563206076622,-0.024846959160640836,0.06558609008789062
112,qk-small,1600,0.859375,0.980718731880188,18.781472203214452,20.734797297347694,1.7175201503559947,-0.04290973558090627,-1.405542254447937
112,qk-small,3200,0.89453125,0.7784062623977661,22.20807765887476,25.526751193091513,-0.4090538651216775,-0.041483625303953886,1.0657331943511963
112,qk-zero,0,0.0,9.05318832397461,0.0,5.417373321972691,0.0,-7.450580596923828e-09,0.0012107591610401869
112,qk-zero,200,0.01171875,7.709785461425781,0.0,7.579199126895672,0.0,-7.450580596923828e-09,0.3998047709465027
112,qk-zero,400,0.03515625,7.130643844604492,0.0,9.28570402244378,0.0,-7.450580596923828e-09,0.6205735802650452
112,qk-zero,800,0.0703125,6.618598937988281,0.0,11.66296855807079,0.0,-7.450580596923828e-09,0.8429371118545532
112,qk-zero,1600,0.08984375,6.370226860046387,0.0,15.235159344166933,0.0,-7.450580596923828e-09,1.22520911693573
112,qk-zero,3200,0.09765625,6.180668354034424,0.0,20.257164217649223,0.0,-7.450580596923828e-09,1.53957200050354
112,standard,0,0.0,9.053160667419434,7.261633352810721,5.417373321972691,0.0065732048387872055,0.0004677502438426018,0.001097559928894043
112,standard,200,0.046875,7.428150177001953,11.600655034085301,7.81983905163185,0.11866499111056328,0.002852247387636453,0.6369096636772156
112,standard,400,0.078125,6.6064772605896,13.93606382078148,9.723712095968171,0.06094522960484028,0.002870617085136473,1.3359684944152832
112,standard,800,0.12109375,5.760069847106934,16.359605847672828,12.388872097176964,0.02642941102385521,0.00468991685193032,2.1167500019073486
112,standard,1600,0.84765625,1.1962027549743652,19.934663528959234,20.054510754057933,0.9617660297080874,-0.027266439399681985,-1.1566026210784912
112,standard,3200,0.95703125,0.37239569425582886,23.16960041305808,23.522943446540225,0.6075609251856804,-0.04176611509092254,0.4285464286804199
113,qk-small,0,0.0,9.054323196411133,0.02825864769026096,5.430421540844421,-3.842122664465819e-08,-6.51925802230835e-09,0.0007628898601979017
113,qk-small,200,0.03515625,7.451876640319824,9.424361146073892,7.83095309097295,-0.09395184926688671,0.002605876070447266,0.6290444135665894
113,qk-small,400,0.0625,6.749163627624512,12.066405756028185,9.746150332728096,-0.13906295597553253,0.007939865346997976,1.279252052307129
113,qk-small,800,0.08984375,5.8933491706848145,14.383800665349384,12.47395390116932,0.08048788830637932,0.005323848919942975,1.9207957983016968
113,qk-small,1600,0.796875,1.4333171844482422,17.99550328777504,20.364154456680364,-0.7677431609481573,-0.0425990613293834,-0.8184372186660767
113,qk-small,3200,0.875,0.8048878908157349,20.58548442189975,25.780640898936397,-1.4163319983053952,-0.05167668161448091,-0.01801586151123047
113,qk-zero,0,0.0,9.054323196411133,0.0,5.430421540844421,0.0,-7.450580596923828e-09,0.0007630388718098402
113,qk-zero,200,0.01171875,7.741335391998291,0.0,7.551342212661454,0.0,-7.450580596923828e-09,0.3740876317024231
113,qk-zero,400,0.0390625,7.2132368087768555,0.0,9.198372356896261,0.0,-7.450580596923828e-09,0.7309848070144653
113,qk-zero,800,0.02734375,6.752671241760254,0.0,11.63081958677467,0.0,-7.450580596923828e-09,0.9215604662895203
113,qk-zero,1600,0.0703125,6.294236183166504,0.0,15.256950420474352,0.0,-7.450580596923828e-09,1.485700249671936
113,qk-zero,3200,0.07421875,6.104306697845459,0.0,20.13440302234519,0.0,-7.450580596923828e-09,1.7011773586273193
113,standard,0,0.0,9.05460262298584,7.234213808706806,5.430421540844421,-0.002508833465981297,-0.00014887377619743347,0.0005122225265949965
113,standard,200,0.03125,7.466188430786133,11.724048932184555,7.82398193427596,-0.09427134785801172,-0.0010069605195894837,0.6404291391372681
113,standard,400,0.05859375,6.757101058959961,14.084392037560159,9.759610000600194,-0.03349431115202606,0.006063078995794058,1.3324337005615234
113,standard,800,0.12890625,5.923644065856934,16.426323720930444,12.499554034860767,0.11402642680332065,0.0046106730587780476,1.750927209854126
113,standard,1600,0.83203125,1.1444377899169922,19.322802909523077,20.74517759333989,0.3240848183631897,-0.04607381683308631,-0.7943582534790039
113,standard,3200,0.921875,0.7847453355789185,22.829737382431837,25.083175635449376,0.8145158514380455,-0.0654426084656734,-0.2614094018936157
114,qk-small,0,0.0,9.039356231689453,0.028356334857104478,5.439191840041333,5.5692378042593305e-08,2.3283064365386963e-09,-0.0029148957692086697
114,qk-small,200,0.046875,7.4437408447265625,9.54012523233041,7.8164730040575074,-0.007761217886582017,-0.0020035257330164313,0.5313783288002014
114,qk-small,400,0.09375,6.604786396026611,12.103417034649445,9.75844666594105,-0.008496545255184174,-0.0013367366045713425,0.9880715012550354
114,qk-small,800,0.11328125,5.821371555328369,14.709080559154298,12.522946086910967,0.021264455746859312,-0.008374161086976528,1.4632261991500854
114,qk-small,1600,0.84765625,1.1710355281829834,17.83832805719125,20.541496982866637,-1.4446364231407642,-0.036479850881733,-0.44388341903686523
114,qk-small,3200,0.8828125,0.9080814123153687,20.72671917087943,25.637829727589445,0.6367326304316521,-0.0322585025569424,-0.2699432373046875
114,qk-zero,0,0.0,9.039356231689453,0.0,5.439191840041333,0.0,0.0,-0.002914994955062866
114,qk-zero,200,0.01171875,7.737542152404785,0.0,7.525056579605257,0.0,0.0,0.31605371832847595
114,qk-zero,400,0.02734375,7.083755970001221,0.0,9.264184656494312,0.0,0.0,0.5944821238517761
114,qk-zero,800,0.07421875,6.576756954193115,0.0,11.688721618454709,0.0,0.0,0.8665579557418823
114,qk-zero,1600,0.078125,6.157373905181885,0.0,14.934051386920395,0.0,0.0,1.3549189567565918
114,qk-zero,3200,0.078125,5.88857364654541,0.0,19.830987000787808,0.0,0.0,1.7362642288208008
114,standard,0,0.0,9.039780616760254,7.259221723418746,5.439191840041333,0.0035808066168101504,0.00022806460037827492,-0.002551873680204153
114,standard,200,0.05859375,7.4522809982299805,11.712162902931599,7.807761410829842,0.0036862296983599663,-0.0013207199517637491,0.5331445336341858
114,standard,400,0.10546875,6.632100582122803,13.950182904647527,9.75568984364555,-0.00972601305693388,-0.007762385997921228,0.9592312574386597
114,standard,800,0.16796875,5.81184196472168,16.30827797224225,12.477357699301816,-0.17838787660002708,-0.017270502634346485,1.0922353267669678
114,standard,1600,0.81640625,1.2797737121582031,18.983097991065076,20.295164252023227,-0.41028919839300215,-0.04473683191463351,-0.9132332801818848
114,standard,3200,0.97265625,0.128385990858078,22.38241420211718,23.98988647755282,-0.11546535417437553,-0.025697725010104477,4.08165979385376
115,qk-small,0,0.0,9.017646789550781,0.028322055496847735,5.433361654583228,2.5763041588966473e-08,6.984919309616089e-10,0.006947338581085205
115,qk-small,200,0.0546875,7.48662805557251,9.31026104119602,7.732838071455946,0.060748984571546316,-0.011229677824303508,0.40737634897232056
115,qk-small,400,0.0703125,6.667844772338867,11.982747053165857,9.666055977922689,0.0674080764874816,-0.011595034040510654,0.9305834174156189
115,qk-small,800,0.1328125,5.862687110900879,14.609542111343702,12.326335491846807,0.10017818561755121,-0.012008055520709604,1.5414588451385498
115,qk-small,1600,0.765625,1.7389090061187744,18.200843975913504,20.057135497576258,-0.7987274078186601,-0.026622768898960203,-0.5551788806915283
115,qk-small,3200,0.9453125,0.31449204683303833,21.535748060354045,23.980162508448092,-2.1058138450607657,-0.056065062308334745,0.6843206882476807
115,qk-zero,0,0.0,9.017646789550781,0.0,5.433361654583228,0.0,0.0,0.006947348825633526
115,qk-zero,200,0.0078125,7.813821792602539,0.0,7.500536271632061,0.0,0.0,0.33497732877731323
115,qk-zero,400,0.02734375,7.3108134269714355,0.0,9.15428491408094,0.0,0.0,0.48899728059768677
115,qk-zero,800,0.03515625,6.855997085571289,0.0,11.406137899605657,0.0,0.0,0.8070763945579529
115,qk-zero,1600,0.06640625,6.593981742858887,0.0,14.655277781175432,0.0,0.0,1.1109886169433594
115,qk-zero,3200,0.0390625,6.498321533203125,0.0,19.701506606452384,0.0,0.0,1.5361584424972534
115,standard,0,0.0,9.017537117004395,7.25044620719302,5.433361654583228,0.0016710074633010663,0.00015086797066032887,0.007204800844192505
115,standard,200,0.046875,7.500661849975586,11.682485963472978,7.720821365234629,0.10017425660043955,-0.007876432035118341,0.43963658809661865
115,standard,400,0.0546875,6.685400009155273,13.924865709681146,9.654004721723169,-0.027653157245367765,-0.012059227970894426,0.9677796959877014
115,standard,800,0.12890625,5.821916580200195,16.151418586998375,12.351018035875503,-0.019240456633269787,-0.011460986570455134,1.5685712099075317
115,standard,1600,0.796875,1.547096610069275,19.30229850878304,19.899376872864227,-0.2766126529313624,-0.04271973227150738,-0.11995315551757812
115,standard,3200,0.90625,0.8080785274505615,21.537116149917882,25.78616202984285,0.2148076556622982,-0.051059078628895804,-0.7625198364257812
116,qk-small,0,0.0,9.043606758117676,0.028333035105452258,5.42994867149527,3.089717570681216e-08,9.313225746154785e-10,-0.00781587790697813
116,qk-small,200,0.0390625,7.545890808105469,9.443621159803786,7.754986896688286,0.04248960269615054,0.0017470401362515986,0.47639963030815125
116,qk-small,400,0.078125,6.716744422912598,11.948862669703182,9.71855992563704,0.06753554381430149,0.0017410565633326769,0.917838454246521
116,qk-small,800,0.0859375,5.9251017570495605,14.27345647533974,12.363427251402676,-0.0033393651247024536,0.0032034842879511416,1.38210129737854
116,qk-small,1600,0.85546875,1.075242280960083,17.87547109556634,20.697700624789505,-0.754628149792552,-0.044572803657501936,-1.8418009281158447
116,qk-small,3200,0.89453125,0.8348894119262695,22.289792856149838,25.963346945218337,0.33353694807738066,-0.046718696248717606,-0.2172684669494629
116,qk-zero,0,0.0,9.043606758117676,0.0,5.42994867149527,0.0,0.0,-0.007815748453140259
116,qk-zero,200,0.0078125,7.846065521240234,0.0,7.45259027542212,0.0,0.0,0.26984235644340515
116,qk-zero,400,0.03515625,7.297441005706787,0.0,9.043665881711483,0.0,0.0,0.5033895373344421
116,qk-zero,800,0.02734375,7.031852722167969,0.0,11.345810716157958,0.0,0.0,0.7500865459442139
116,qk-zero,1600,0.0234375,6.779946804046631,0.0,14.79080615518043,0.0,0.0,1.1374719142913818
116,qk-zero,3200,0.05078125,6.501280784606934,0.0,19.87338840500449,0.0,0.0,1.2248462438583374
116,standard,0,0.0,9.04351806640625,7.253256986995778,5.42994867149527,0.002029584051342681,0.00017520133405923843,-0.007984956726431847
116,standard,200,0.03125,7.551125526428223,11.584315530497243,7.727981976991571,0.020793732721358538,-0.0003742683329619467,0.47511574625968933
116,standard,400,0.07421875,6.700883388519287,13.780029381221016,9.694192924685842,0.06540804589167237,0.0002720998600125313,0.9320834875106812
116,standard,800,0.09375,6.013162612915039,16.050194713564157,12.332925594308602,-0.04055490531027317,-0.003919645678251982,1.5663350820541382
116,standard,1600,0.80859375,1.4391679763793945,18.741581005795688,20.137219812206865,0.01719848532229662,-0.04213479679310694,-1.3832058906555176
116,standard,3200,0.96484375,0.20444980263710022,22.3329845609998,23.8778253451375,-0.27923582307994366,-0.053244963612087304,-0.814956784248352
117,qk-small,0,0.0,9.037899017333984,0.028270184562381676,5.403042734952851,9.294933067671707e-08,5.587935447692871e-09,0.010690301656723022
117,qk-small,200,0.03515625,7.527835845947266,9.537662412727965,7.8142504447695,-0.02890083659440279,0.0020753505523316562,0.40342584252357483
117,qk-small,400,0.08203125,6.724208354949951,12.08031142802828,9.710750059373474,0.02987857675179839,0.003551411791704595,0.9188061356544495
117,qk-small,800,0.09765625,5.997735977172852,14.473184882225157,12.431917519193913,0.010986870620399714,0.00417028070660308,1.5428582429885864
117,qk-small,1600,0.8359375,1.388938546180725,18.2719351227138,20.323401510013657,-0.9426452601328492,-0.04934699699515477,-1.8137487173080444
117,qk-small,3200,0.9375,0.5724054574966431,22.02472056494123,24.195586358486068,-1.378432379104197,-0.04821604012977332,-0.7261242866516113
117,qk-zero,0,0.0,9.037899017333984,0.0,5.403042734952851,0.0,0.0,0.010690282098948956
117,qk-zero,200,0.0078125,7.799384593963623,0.0,7.537577286129517,0.0,0.0,0.2643986940383911
117,qk-zero,400,0.02734375,7.289758682250977,0.0,9.17767090419295,0.0,0.0,0.5219537019729614
117,qk-zero,800,0.0546875,6.794236183166504,0.0,11.67586051988031,0.0,0.0,0.6968531608581543
117,qk-zero,1600,0.046875,6.427011966705322,0.0,15.094321862043872,0.0,0.0,1.0783907175064087
117,qk-zero,3200,0.046875,6.22072696685791,0.0,19.94658528027446,0.0,0.0,1.4199272394180298
117,standard,0,0.0,9.038049697875977,7.237167247969709,5.403042734952851,0.006029491385561414,0.0004047506954520941,0.010474036447703838
117,standard,200,0.0390625,7.533113479614258,11.697463047452683,7.792642166828355,-0.017875962890684605,0.00014274625573307276,0.43807917833328247
117,standard,400,0.09765625,6.726404190063477,13.964062887915054,9.708124884358163,0.027646897360682487,0.003940827678889036,0.9267953038215637
117,standard,800,0.08984375,6.030762672424316,16.09759925808129,12.405879699792239,-0.032228920608758926,0.00359510030830279,1.5355665683746338
117,standard,1600,0.8046875,1.4181946516036987,19.379150979623436,19.96459563117365,-0.4401935487985611,-0.03265352244488895,-1.4261730909347534
117,standard,3200,0.91796875,0.7397613525390625,22.79878520740949,24.067911426375503,-0.3712459011003375,-0.05193146620877087,-1.6483092308044434
118,qk-small,0,0.0,9.014968872070312,0.028310137803660967,5.4253007526357315,-3.705814122234585e-08,-3.026798367500305e-09,0.005757977720350027
118,qk-small,200,0.05078125,7.409061431884766,9.68537987920665,7.840112062889209,0.18370497087016702,0.002911179792135954,0.410511314868927
118,qk-small,400,0.1015625,6.554691791534424,12.089722053765785,9.825884468123066,0.11066864617168903,0.0034933664137497544,0.8824746608734131
118,qk-small,800,0.14453125,5.755713939666748,14.343801793356075,12.546676520158936,-0.07936175167560577,0.010331921861506999,1.304427981376648
118,qk-small,1600,0.8515625,1.2433433532714844,17.94571340907745,20.53786144902068,-0.5034836316481233,-0.031378119019791484,-1.4995903968811035
118,qk-small,3200,0.9609375,0.19058923423290253,21.253679652549422,24.0286908318631,-0.8709997106343508,-0.01221795054152608,2.6643283367156982
118,qk-zero,0,0.0,9.014968872070312,0.0,5.4253007526357315,0.0,0.0,0.005757977720350027
118,qk-zero,200,0.01171875,7.71318244934082,0.0,7.539312170766658,0.0,0.0,0.3078756630420685
118,qk-zero,400,0.0390625,7.1199631690979,0.0,9.181336482856672,0.0,0.0,0.5132348537445068
118,qk-zero,800,0.046875,6.663908958435059,0.0,11.484335202517938,0.0,0.0,0.7099387049674988
118,qk-zero,1600,0.08984375,6.211539268493652,0.0,15.031180669105188,0.0,0.0,1.012810230255127
118,qk-zero,3200,0.10546875,5.856711387634277,0.0,20.022018709793777,0.0,0.0,1.2045161724090576
118,standard,0,0.0,9.014754295349121,7.2473952777372075,5.4253007526357315,-0.0024393195344600827,-0.00011335546150803566,0.00556133221834898
118,standard,200,0.03515625,7.421401023864746,11.77151657867204,7.815568946780749,0.14088268298655748,0.0032279534498229623,0.43299880623817444
118,standard,400,0.10546875,6.56443977355957,14.099841338813857,9.80808299568121,0.104030373506248,0.003010591201018542,0.9262531399726868
118,standard,800,0.5625,3.728515625,17.200353026648408,13.824049285427735,-0.20673178136348724,-0.026232821837766096,-0.4363071322441101
118,standard,1600,0.90234375,0.8317362070083618,19.45572869827569,20.535248179862172,0.7023893995210528,-0.0592709481716156,-1.881567120552063
118,standard,3200,0.9453125,0.3360669016838074,22.895386330218603,24.46890385410078,2.093622968532145,-0.02914235694333911,1.3688715696334839
119,qk-small,0,0.0,9.03748893737793,0.028287438157643528,5.431630150689894,3.883248500535785e-09,-4.656612873077393e-10,-0.007349491119384766
119,qk-small,200,0.04296875,7.450660705566406,9.37898561316185,7.796272132209701,-0.006756932940334082,-0.0044837003806605935,0.5590490698814392
119,qk-small,400,0.05859375,6.653948783874512,12.303980886363895,9.748615178774052,0.03425765875726938,-0.002574838697910309,1.1808358430862427
119,qk-small,800,0.13671875,5.816100120544434,14.650205915390483,12.496838875651822,0.137340871617198,0.004336133599281311,1.7077751159667969
119,qk-small,1600,0.86328125,1.0146453380584717,18.004076549066426,20.631379811162535,1.262891347054392,-0.04460280970670283,0.13213348388671875
119,qk-small,3200,0.96484375,0.2559347152709961,21.620851592902046,25.16038270732027,-0.3128109686076641,-0.05088077171240002,0.6570119857788086
119,qk-zero,0,0.0,9.03748893737793,0.0,5.431630150689894,0.0,0.0,-0.0073495907709002495
119,qk-zero,200,0.01171875,7.782530784606934,0.0,7.518527265628267,0.0,0.0,0.3262217044830322
119,qk-zero,400,0.01171875,7.275537014007568,0.0,9.103977482195495,0.0,0.0,0.6115580797195435
119,qk-zero,800,0.0390625,6.853853702545166,0.0,11.538579911333944,0.0,0.0,0.8870236873626709
119,qk-zero,1600,0.0625,6.4251275062561035,0.0,15.2357822805038,0.0,0.0,1.2477014064788818
119,qk-zero,3200,0.046875,6.189559459686279,0.0,20.172943630618736,0.0,0.0,1.476960301399231
119,standard,0,0.0,9.037489891052246,7.241584168356743,5.431630150689894,0.0002955575764644891,-6.635906174778938e-06,-0.007536431308835745
119,standard,200,0.0546875,7.467025279998779,11.605818972700703,7.775219660290141,0.007354138884693384,-0.002763186697848141,0.5308272242546082
119,standard,400,0.05859375,6.701572418212891,14.109489364413998,9.736742983811387,0.014916271902620792,-0.005477696773596108,1.1379995346069336
119,standard,800,0.40234375,4.689790725708008,17.44663111567322,12.789312780840639,-0.002190158935263753,-0.016885758086573333,0.5557051301002502
119,standard,1600,0.87109375,0.8263928890228271,19.83212064460291,20.19067043765171,-0.607357220724225,-0.05241073534125462,0.26753997802734375
119,standard,3200,0.9609375,0.42605888843536377,23.529997732775993,24.07035978684676,0.7667883466929197,-0.0631406891043298,0.7438616752624512
